{
  "new_prices": {
    "row_count": 53106,
    "product_count": 26553,
    "train_row_count": 780012,
    "train_product_count": 26553,
    "current_candidate_id": "if__contamination_auto__max_features_0p75__max_samples_512__n_estimators_200__threshold_0p42",
    "current_threshold": 0.42000000000000004,
    "current_f1": 0.7301375573155481,
    "current_hyperparameters": {
      "n_estimators": 200,
      "max_samples": 512,
      "max_features": 0.75,
      "contamination": "auto"
    },
    "current_metrics": {
      "threshold": 0.42000000000000004,
      "accuracy": 0.9390464354310247,
      "accuracy_std": 0.0,
      "precision": 0.6550486163051608,
      "precision_std": 0.0,
      "recall": 0.8246704331450094,
      "recall_std": 0.0,
      "tnr": 0.9517532847937066,
      "tnr_std": 0.0,
      "fpr": 0.048246715206293415,
      "fpr_std": 0.0,
      "fnr": 0.17532956685499057,
      "fnr_std": 0.0,
      "f1": 0.7301375573155481,
      "f1_std": 0.0,
      "g_mean": 0.8859361114764492,
      "g_mean_std": 0.0,
      "true_positives": 4379.0,
      "true_positives_std": 0.0,
      "false_positives": 2306.0,
      "false_positives_std": 0.0,
      "false_negatives": 931.0,
      "false_negatives_std": 0.0,
      "true_negatives": 45490.0,
      "true_negatives_std": 0.0,
      "n_rows": 53106.0,
      "n_rows_std": 0.0,
      "n_injected": 5310.0,
      "n_injected_std": 0.0,
      "n_predicted": 6685.0,
      "n_predicted_std": 0.0,
      "n_trials": 1
    },
    "best_candidate_id": "if__contamination_auto__max_features_0p5__max_samples_512__n_estimators_100__threshold_0p36",
    "best_threshold": 0.36,
    "best_f1": 0.6689009914816366,
    "best_hyperparameters": {
      "n_estimators": 100,
      "max_samples": 512,
      "max_features": 0.5,
      "contamination": "auto"
    },
    "best_metrics": {
      "threshold": 0.36,
      "accuracy": 0.9107068881105713,
      "accuracy_std": 0.0,
      "precision": 0.5315135375055482,
      "precision_std": 0.0,
      "recall": 0.9020715630885122,
      "recall_std": 0.0,
      "tnr": 0.9116662482216085,
      "tnr_std": 0.0,
      "fpr": 0.08833375177839149,
      "fpr_std": 0.0,
      "fnr": 0.09792843691148775,
      "fnr_std": 0.0,
      "f1": 0.6689009914816366,
      "f1_std": 0.0,
      "g_mean": 0.9068562165791807,
      "g_mean_std": 0.0,
      "true_positives": 4790.0,
      "true_positives_std": 0.0,
      "false_positives": 4222.0,
      "false_positives_std": 0.0,
      "false_negatives": 520.0,
      "false_negatives_std": 0.0,
      "true_negatives": 43574.0,
      "true_negatives_std": 0.0,
      "n_rows": 53106.0,
      "n_rows_std": 0.0,
      "n_injected": 5310.0,
      "n_injected_std": 0.0,
      "n_predicted": 9012.0,
      "n_predicted_std": 0.0,
      "n_trials": 1
    }
  },
  "new_products": {
    "row_count": 208418,
    "product_count": 6639,
    "train_row_count": 780012,
    "train_product_count": 26553,
    "current_candidate_id": "if__contamination_auto__max_features_0p75__max_samples_512__n_estimators_200__threshold_0p42",
    "current_threshold": 0.42000000000000004,
    "current_f1": 0.5898498767645081,
    "current_hyperparameters": {
      "n_estimators": 200,
      "max_samples": 512,
      "max_features": 0.75,
      "contamination": "auto"
    },
    "current_metrics": {
      "threshold": 0.42000000000000004,
      "accuracy": 0.894606032108551,
      "accuracy_std": 0.0,
      "precision": 0.4828060522696011,
      "precision_std": 0.0,
      "recall": 0.75788109975529,
      "recall_std": 0.0,
      "tnr": 0.909797043347532,
      "tnr_std": 0.0,
      "fpr": 0.09020295665246805,
      "fpr_std": 0.0,
      "fnr": 0.24211890024470994,
      "fnr_std": 0.0,
      "f1": 0.5898498767645081,
      "f1_std": 0.0,
      "g_mean": 0.8303721959256216,
      "g_mean_std": 0.0,
      "true_positives": 15795.0,
      "true_positives_std": 0.0,
      "false_positives": 16920.0,
      "false_positives_std": 0.0,
      "false_negatives": 5046.0,
      "false_negatives_std": 0.0,
      "true_negatives": 170657.0,
      "true_negatives_std": 0.0,
      "n_rows": 208418.0,
      "n_rows_std": 0.0,
      "n_injected": 20841.0,
      "n_injected_std": 0.0,
      "n_predicted": 32715.0,
      "n_predicted_std": 0.0,
      "n_trials": 1
    },
    "best_candidate_id": "if__contamination_auto__max_features_0p5__max_samples_512__n_estimators_100__threshold_0p36",
    "best_threshold": 0.36,
    "best_f1": 0.596983159068259,
    "best_hyperparameters": {
      "n_estimators": 100,
      "max_samples": 512,
      "max_features": 0.5,
      "contamination": "auto"
    },
    "best_metrics": {
      "threshold": 0.36,
      "accuracy": 0.8855233233214022,
      "accuracy_std": 0.0,
      "precision": 0.4606621480709072,
      "precision_std": 0.0,
      "recall": 0.8478959742814645,
      "recall_std": 0.0,
      "tnr": 0.8897039615731139,
      "tnr_std": 0.0,
      "fpr": 0.11029603842688603,
      "fpr_std": 0.0,
      "fnr": 0.15210402571853557,
      "fnr_std": 0.0,
      "f1": 0.596983159068259,
      "f1_std": 0.0,
      "g_mean": 0.868548448458757,
      "g_mean_std": 0.0,
      "true_positives": 17671.0,
      "true_positives_std": 0.0,
      "false_positives": 20689.0,
      "false_positives_std": 0.0,
      "false_negatives": 3170.0,
      "false_negatives_std": 0.0,
      "true_negatives": 166888.0,
      "true_negatives_std": 0.0,
      "n_rows": 208418.0,
      "n_rows_std": 0.0,
      "n_injected": 20841.0,
      "n_injected_std": 0.0,
      "n_predicted": 38360.0,
      "n_predicted_std": 0.0,
      "n_trials": 1
    }
  }
}
