{
  "new_prices": {
    "row_count": 220640,
    "product_count": 110320,
    "train_row_count": 1734443,
    "train_product_count": 110320,
    "current_candidate_id": "if__contamination_auto__max_features_0p75__max_samples_512__n_estimators_200__threshold_0p42",
    "current_threshold": 0.42000000000000004,
    "current_f1": 0.7540020037849271,
    "current_hyperparameters": {
      "n_estimators": 200,
      "max_samples": 512,
      "max_features": 0.75,
      "contamination": "auto"
    },
    "current_metrics": {
      "threshold": 0.42000000000000004,
      "accuracy": 0.9499229514140681,
      "accuracy_std": 0.0,
      "precision": 0.741017898560238,
      "precision_std": 0.0,
      "recall": 0.7674492385786802,
      "recall_std": 0.0,
      "tnr": 0.970197808395778,
      "tnr_std": 0.0,
      "fpr": 0.02980219160422206,
      "fpr_std": 0.0,
      "fnr": 0.2325507614213198,
      "fnr_std": 0.0,
      "f1": 0.7540020037849271,
      "f1_std": 0.0,
      "g_mean": 0.8628890828629391,
      "g_mean_std": 0.0,
      "true_positives": 16933.0,
      "true_positives_std": 0.0,
      "false_positives": 5918.0,
      "false_positives_std": 0.0,
      "false_negatives": 5131.0,
      "false_negatives_std": 0.0,
      "true_negatives": 192658.0,
      "true_negatives_std": 0.0,
      "n_rows": 220640.0,
      "n_rows_std": 0.0,
      "n_injected": 22064.0,
      "n_injected_std": 0.0,
      "n_predicted": 22851.0,
      "n_predicted_std": 0.0,
      "n_trials": 1
    },
    "best_candidate_id": "if__contamination_auto__max_features_1__max_samples_512__n_estimators_200__threshold_0p3",
    "best_threshold": 0.3,
    "best_f1": 0.7733120801548446,
    "best_hyperparameters": {
      "n_estimators": 200,
      "max_samples": 512,
      "max_features": 1.0,
      "contamination": "auto"
    },
    "best_metrics": {
      "threshold": 0.3,
      "accuracy": 0.9458575054387237,
      "accuracy_std": 0.0,
      "precision": 0.6651433048247046,
      "precision_std": 0.0,
      "recall": 0.9234952864394489,
      "recall_std": 0.0,
      "tnr": 0.9483421964386431,
      "tnr_std": 0.0,
      "fpr": 0.05165780356135686,
      "fpr_std": 0.0,
      "fnr": 0.07650471356055112,
      "fnr_std": 0.0,
      "f1": 0.7733120801548446,
      "f1_std": 0.0,
      "g_mean": 0.9358362828736236,
      "g_mean_std": 0.0,
      "true_positives": 20376.0,
      "true_positives_std": 0.0,
      "false_positives": 10258.0,
      "false_positives_std": 0.0,
      "false_negatives": 1688.0,
      "false_negatives_std": 0.0,
      "true_negatives": 188318.0,
      "true_negatives_std": 0.0,
      "n_rows": 220640.0,
      "n_rows_std": 0.0,
      "n_injected": 22064.0,
      "n_injected_std": 0.0,
      "n_predicted": 30634.0,
      "n_predicted_std": 0.0,
      "n_trials": 1
    }
  },
  "new_products": {
    "row_count": 489260,
    "product_count": 27580,
    "train_row_count": 1734443,
    "train_product_count": 110320,
    "current_candidate_id": "if__contamination_auto__max_features_0p75__max_samples_512__n_estimators_200__threshold_0p42",
    "current_threshold": 0.42000000000000004,
    "current_f1": 0.3425991753163657,
    "current_hyperparameters": {
      "n_estimators": 200,
      "max_samples": 512,
      "max_features": 0.75,
      "contamination": "auto"
    },
    "current_metrics": {
      "threshold": 0.42000000000000004,
      "accuracy": 0.8110002861464252,
      "accuracy_std": 0.0,
      "precision": 0.26266160856389126,
      "precision_std": 0.0,
      "recall": 0.4924784368229571,
      "recall_std": 0.0,
      "tnr": 0.8463916027379217,
      "tnr_std": 0.0,
      "fpr": 0.15360839726207834,
      "fpr_std": 0.0,
      "fnr": 0.5075215631770429,
      "fnr_std": 0.0,
      "f1": 0.3425991753163657,
      "f1_std": 0.0,
      "g_mean": 0.6456234300708494,
      "g_mean_std": 0.0,
      "true_positives": 24095.0,
      "true_positives_std": 0.0,
      "false_positives": 67639.0,
      "false_positives_std": 0.0,
      "false_negatives": 24831.0,
      "false_negatives_std": 0.0,
      "true_negatives": 372695.0,
      "true_negatives_std": 0.0,
      "n_rows": 489260.0,
      "n_rows_std": 0.0,
      "n_injected": 48926.0,
      "n_injected_std": 0.0,
      "n_predicted": 91734.0,
      "n_predicted_std": 0.0,
      "n_trials": 1
    },
    "best_candidate_id": "if__contamination_auto__max_features_1__max_samples_512__n_estimators_200__threshold_0p3",
    "best_threshold": 0.3,
    "best_f1": 0.352340369451095,
    "best_hyperparameters": {
      "n_estimators": 200,
      "max_samples": 512,
      "max_features": 1.0,
      "contamination": "auto"
    },
    "best_metrics": {
      "threshold": 0.3,
      "accuracy": 0.7589339001757757,
      "accuracy_std": 0.0,
      "precision": 0.24088840834346983,
      "precision_std": 0.0,
      "recall": 0.655724972407309,
      "recall_std": 0.0,
      "tnr": 0.7704015588167163,
      "tnr_std": 0.0,
      "fpr": 0.2295984411832836,
      "fpr_std": 0.0,
      "fnr": 0.344275027592691,
      "fnr_std": 0.0,
      "f1": 0.352340369451095,
      "f1_std": 0.0,
      "g_mean": 0.7107542056841023,
      "g_mean_std": 0.0,
      "true_positives": 32082.0,
      "true_positives_std": 0.0,
      "false_positives": 101100.0,
      "false_positives_std": 0.0,
      "false_negatives": 16844.0,
      "false_negatives_std": 0.0,
      "true_negatives": 339234.0,
      "true_negatives_std": 0.0,
      "n_rows": 489260.0,
      "n_rows_std": 0.0,
      "n_injected": 48926.0,
      "n_injected_std": 0.0,
      "n_predicted": 133182.0,
      "n_predicted_std": 0.0,
      "n_trials": 1
    }
  }
}
