{
  "new_prices": {
    "row_count": 73844,
    "product_count": 36922,
    "train_row_count": 507486,
    "train_product_count": 36922,
    "current_candidate_id": "eif__max_features_0p5__max_samples_256__n_estimators_100__threshold_0p2",
    "current_threshold": 0.2,
    "current_f1": 0.29920472998292874,
    "current_hyperparameters": {
      "n_estimators": 100,
      "max_samples": 256,
      "max_features": 0.5
    },
    "current_metrics": {
      "threshold": 0.2,
      "accuracy": 0.7720735604788473,
      "accuracy_std": 0.0,
      "precision": 0.2160163530331269,
      "precision_std": 0.0,
      "recall": 0.4865926327193933,
      "recall_std": 0.0,
      "tnr": 0.8037917544387602,
      "tnr_std": 0.0,
      "fpr": 0.19620824556123984,
      "fpr_std": 0.0,
      "fnr": 0.5134073672806068,
      "fnr_std": 0.0,
      "f1": 0.29920472998292874,
      "f1_std": 0.0,
      "g_mean": 0.6253951918191379,
      "g_mean_std": 0.0,
      "true_positives": 3593.0,
      "true_positives_std": 0.0,
      "false_positives": 13040.0,
      "false_positives_std": 0.0,
      "false_negatives": 3791.0,
      "false_negatives_std": 0.0,
      "true_negatives": 53420.0,
      "true_negatives_std": 0.0,
      "n_rows": 73844.0,
      "n_rows_std": 0.0,
      "n_injected": 7384.0,
      "n_injected_std": 0.0,
      "n_predicted": 16633.0,
      "n_predicted_std": 0.0,
      "n_trials": 1
    },
    "best_candidate_id": "eif__max_features_0p5__max_samples_256__n_estimators_100__threshold_0p2",
    "best_threshold": 0.2,
    "best_f1": 0.29920472998292874,
    "best_hyperparameters": {
      "n_estimators": 100,
      "max_samples": 256,
      "max_features": 0.5
    },
    "best_metrics": {
      "threshold": 0.2,
      "accuracy": 0.7720735604788473,
      "accuracy_std": 0.0,
      "precision": 0.2160163530331269,
      "precision_std": 0.0,
      "recall": 0.4865926327193933,
      "recall_std": 0.0,
      "tnr": 0.8037917544387602,
      "tnr_std": 0.0,
      "fpr": 0.19620824556123984,
      "fpr_std": 0.0,
      "fnr": 0.5134073672806068,
      "fnr_std": 0.0,
      "f1": 0.29920472998292874,
      "f1_std": 0.0,
      "g_mean": 0.6253951918191379,
      "g_mean_std": 0.0,
      "true_positives": 3593.0,
      "true_positives_std": 0.0,
      "false_positives": 13040.0,
      "false_positives_std": 0.0,
      "false_negatives": 3791.0,
      "false_negatives_std": 0.0,
      "true_negatives": 53420.0,
      "true_negatives_std": 0.0,
      "n_rows": 73844.0,
      "n_rows_std": 0.0,
      "n_injected": 7384.0,
      "n_injected_std": 0.0,
      "n_predicted": 16633.0,
      "n_predicted_std": 0.0,
      "n_trials": 1
    }
  },
  "new_products": {
    "row_count": 145415,
    "product_count": 9231,
    "train_row_count": 507486,
    "train_product_count": 36922,
    "current_candidate_id": "eif__max_features_0p5__max_samples_256__n_estimators_100__threshold_0p2",
    "current_threshold": 0.2,
    "current_f1": 0.19022371052509188,
    "current_hyperparameters": {
      "n_estimators": 100,
      "max_samples": 256,
      "max_features": 0.5
    },
    "current_metrics": {
      "threshold": 0.2,
      "accuracy": 0.6408004676271362,
      "accuracy_std": 0.0,
      "precision": 0.12279332292542332,
      "precision_std": 0.0,
      "recall": 0.421910460078399,
      "recall_std": 0.0,
      "tnr": 0.6651206503965646,
      "tnr_std": 0.0,
      "fpr": 0.33487934960343535,
      "fpr_std": 0.0,
      "fnr": 0.578089539921601,
      "fnr_std": 0.0,
      "f1": 0.19022371052509188,
      "f1_std": 0.0,
      "g_mean": 0.5297370664928579,
      "g_mean_std": 0.0,
      "true_positives": 6135.0,
      "true_positives_std": 0.0,
      "false_positives": 43827.0,
      "false_positives_std": 0.0,
      "false_negatives": 8406.0,
      "false_negatives_std": 0.0,
      "true_negatives": 87047.0,
      "true_negatives_std": 0.0,
      "n_rows": 145415.0,
      "n_rows_std": 0.0,
      "n_injected": 14541.0,
      "n_injected_std": 0.0,
      "n_predicted": 49962.0,
      "n_predicted_std": 0.0,
      "n_trials": 1
    },
    "best_candidate_id": "eif__max_features_0p5__max_samples_256__n_estimators_100__threshold_0p2",
    "best_threshold": 0.2,
    "best_f1": 0.19022371052509188,
    "best_hyperparameters": {
      "n_estimators": 100,
      "max_samples": 256,
      "max_features": 0.5
    },
    "best_metrics": {
      "threshold": 0.2,
      "accuracy": 0.6408004676271362,
      "accuracy_std": 0.0,
      "precision": 0.12279332292542332,
      "precision_std": 0.0,
      "recall": 0.421910460078399,
      "recall_std": 0.0,
      "tnr": 0.6651206503965646,
      "tnr_std": 0.0,
      "fpr": 0.33487934960343535,
      "fpr_std": 0.0,
      "fnr": 0.578089539921601,
      "fnr_std": 0.0,
      "f1": 0.19022371052509188,
      "f1_std": 0.0,
      "g_mean": 0.5297370664928579,
      "g_mean_std": 0.0,
      "true_positives": 6135.0,
      "true_positives_std": 0.0,
      "false_positives": 43827.0,
      "false_positives_std": 0.0,
      "false_negatives": 8406.0,
      "false_negatives_std": 0.0,
      "true_negatives": 87047.0,
      "true_negatives_std": 0.0,
      "n_rows": 145415.0,
      "n_rows_std": 0.0,
      "n_injected": 14541.0,
      "n_injected_std": 0.0,
      "n_predicted": 49962.0,
      "n_predicted_std": 0.0,
      "n_trials": 1
    }
  }
}
