{
  "new_prices": {
    "row_count": 5104,
    "product_count": 2552,
    "train_row_count": 59707,
    "train_product_count": 2552,
    "current_candidate_id": "if__contamination_auto__max_features_0p75__max_samples_512__n_estimators_200__threshold_0p42",
    "current_threshold": 0.42000000000000004,
    "current_f1": 0.7869634340222574,
    "current_hyperparameters": {
      "n_estimators": 200,
      "max_samples": 512,
      "max_features": 0.75,
      "contamination": "auto"
    },
    "current_metrics": {
      "threshold": 0.42000000000000004,
      "accuracy": 0.9474921630094044,
      "accuracy_std": 0.0,
      "precision": 0.6617647058823529,
      "precision_std": 0.0,
      "recall": 0.9705882352941176,
      "recall_std": 0.0,
      "tnr": 0.9449281671745755,
      "tnr_std": 0.0,
      "fpr": 0.055071832825424466,
      "fpr_std": 0.0,
      "fnr": 0.029411764705882353,
      "fnr_std": 0.0,
      "f1": 0.7869634340222574,
      "f1_std": 0.0,
      "g_mean": 0.9576722624456011,
      "g_mean_std": 0.0,
      "true_positives": 495.0,
      "true_positives_std": 0.0,
      "false_positives": 253.0,
      "false_positives_std": 0.0,
      "false_negatives": 15.0,
      "false_negatives_std": 0.0,
      "true_negatives": 4341.0,
      "true_negatives_std": 0.0,
      "n_rows": 5104.0,
      "n_rows_std": 0.0,
      "n_injected": 510.0,
      "n_injected_std": 0.0,
      "n_predicted": 748.0,
      "n_predicted_std": 0.0,
      "n_trials": 1
    },
    "best_candidate_id": "if__contamination_auto__max_features_0p75__max_samples_512__n_estimators_100__threshold_0p42",
    "best_threshold": 0.42000000000000004,
    "best_f1": 0.7836990595611285,
    "best_hyperparameters": {
      "n_estimators": 100,
      "max_samples": 512,
      "max_features": 0.75,
      "contamination": "auto"
    },
    "best_metrics": {
      "threshold": 0.42000000000000004,
      "accuracy": 0.9459247648902821,
      "accuracy_std": 0.0,
      "precision": 0.6527415143603134,
      "precision_std": 0.0,
      "recall": 0.9803921568627451,
      "recall_std": 0.0,
      "tnr": 0.9420983892033087,
      "tnr_std": 0.0,
      "fpr": 0.05790161079669134,
      "fpr_std": 0.0,
      "fnr": 0.0196078431372549,
      "fnr_std": 0.0,
      "f1": 0.7836990595611285,
      "f1_std": 0.0,
      "g_mean": 0.9610545623261718,
      "g_mean_std": 0.0,
      "true_positives": 500.0,
      "true_positives_std": 0.0,
      "false_positives": 266.0,
      "false_positives_std": 0.0,
      "false_negatives": 10.0,
      "false_negatives_std": 0.0,
      "true_negatives": 4328.0,
      "true_negatives_std": 0.0,
      "n_rows": 5104.0,
      "n_rows_std": 0.0,
      "n_injected": 510.0,
      "n_injected_std": 0.0,
      "n_predicted": 766.0,
      "n_predicted_std": 0.0,
      "n_trials": 1
    }
  },
  "new_products": {
    "row_count": 16306,
    "product_count": 638,
    "train_row_count": 59707,
    "train_product_count": 2552,
    "current_candidate_id": "if__contamination_auto__max_features_0p75__max_samples_512__n_estimators_200__threshold_0p42",
    "current_threshold": 0.42000000000000004,
    "current_f1": 0.5732925586136596,
    "current_hyperparameters": {
      "n_estimators": 200,
      "max_samples": 512,
      "max_features": 0.75,
      "contamination": "auto"
    },
    "current_metrics": {
      "threshold": 0.42000000000000004,
      "accuracy": 0.8716423402428554,
      "accuracy_std": 0.0,
      "precision": 0.42931297709923666,
      "precision_std": 0.0,
      "recall": 0.8625766871165644,
      "recall_std": 0.0,
      "tnr": 0.8726492232215862,
      "tnr_std": 0.0,
      "fpr": 0.12735077677841375,
      "fpr_std": 0.0,
      "fnr": 0.1374233128834356,
      "fnr_std": 0.0,
      "f1": 0.5732925586136596,
      "f1_std": 0.0,
      "g_mean": 0.8675983379313951,
      "g_mean_std": 0.0,
      "true_positives": 1406.0,
      "true_positives_std": 0.0,
      "false_positives": 1869.0,
      "false_positives_std": 0.0,
      "false_negatives": 224.0,
      "false_negatives_std": 0.0,
      "true_negatives": 12807.0,
      "true_negatives_std": 0.0,
      "n_rows": 16306.0,
      "n_rows_std": 0.0,
      "n_injected": 1630.0,
      "n_injected_std": 0.0,
      "n_predicted": 3275.0,
      "n_predicted_std": 0.0,
      "n_trials": 1
    },
    "best_candidate_id": "if__contamination_auto__max_features_0p75__max_samples_512__n_estimators_100__threshold_0p42",
    "best_threshold": 0.42000000000000004,
    "best_f1": 0.5706795724944544,
    "best_hyperparameters": {
      "n_estimators": 100,
      "max_samples": 512,
      "max_features": 0.75,
      "contamination": "auto"
    },
    "best_metrics": {
      "threshold": 0.42000000000000004,
      "accuracy": 0.869434563964185,
      "accuracy_std": 0.0,
      "precision": 0.4250525683388405,
      "precision_std": 0.0,
      "recall": 0.8680981595092024,
      "recall_std": 0.0,
      "tnr": 0.8695829926410467,
      "tnr_std": 0.0,
      "fpr": 0.1304170073589534,
      "fpr_std": 0.0,
      "fnr": 0.13190184049079753,
      "fnr_std": 0.0,
      "f1": 0.5706795724944544,
      "f1_std": 0.0,
      "g_mean": 0.8688402588808813,
      "g_mean_std": 0.0,
      "true_positives": 1415.0,
      "true_positives_std": 0.0,
      "false_positives": 1914.0,
      "false_positives_std": 0.0,
      "false_negatives": 215.0,
      "false_negatives_std": 0.0,
      "true_negatives": 12762.0,
      "true_negatives_std": 0.0,
      "n_rows": 16306.0,
      "n_rows_std": 0.0,
      "n_injected": 1630.0,
      "n_injected_std": 0.0,
      "n_predicted": 3329.0,
      "n_predicted_std": 0.0,
      "n_trials": 1
    }
  }
}
