{
  "new_prices": {
    "row_count": 8448,
    "product_count": 4224,
    "train_row_count": 76426,
    "train_product_count": 4224,
    "current_candidate_id": "if__contamination_auto__max_features_0p75__max_samples_512__n_estimators_200__threshold_0p42",
    "current_threshold": 0.42000000000000004,
    "current_f1": 0.7966890843248835,
    "current_hyperparameters": {
      "n_estimators": 200,
      "max_samples": 512,
      "max_features": 0.75,
      "contamination": "auto"
    },
    "current_metrics": {
      "threshold": 0.42000000000000004,
      "accuracy": 0.9534801136363636,
      "accuracy_std": 0.0,
      "precision": 0.7070707070707071,
      "precision_std": 0.0,
      "recall": 0.9123222748815166,
      "recall_std": 0.0,
      "tnr": 0.958048395581273,
      "tnr_std": 0.0,
      "fpr": 0.04195160441872699,
      "fpr_std": 0.0,
      "fnr": 0.08767772511848342,
      "fnr_std": 0.0,
      "f1": 0.7966890843248835,
      "f1_std": 0.0,
      "g_mean": 0.9349058196969865,
      "g_mean_std": 0.0,
      "true_positives": 770.0,
      "true_positives_std": 0.0,
      "false_positives": 319.0,
      "false_positives_std": 0.0,
      "false_negatives": 74.0,
      "false_negatives_std": 0.0,
      "true_negatives": 7285.0,
      "true_negatives_std": 0.0,
      "n_rows": 8448.0,
      "n_rows_std": 0.0,
      "n_injected": 844.0,
      "n_injected_std": 0.0,
      "n_predicted": 1089.0,
      "n_predicted_std": 0.0,
      "n_trials": 1
    },
    "best_candidate_id": "if__contamination_auto__max_features_0p75__max_samples_256__n_estimators_200__threshold_0p42",
    "best_threshold": 0.42000000000000004,
    "best_f1": 0.6934244235695988,
    "best_hyperparameters": {
      "n_estimators": 200,
      "max_samples": 256,
      "max_features": 0.75,
      "contamination": "auto"
    },
    "best_metrics": {
      "threshold": 0.42000000000000004,
      "accuracy": 0.9150094696969697,
      "accuracy_std": 0.0,
      "precision": 0.5420560747663551,
      "precision_std": 0.0,
      "recall": 0.9620853080568721,
      "recall_std": 0.0,
      "tnr": 0.909784324039979,
      "tnr_std": 0.0,
      "fpr": 0.09021567596002104,
      "fpr_std": 0.0,
      "fnr": 0.037914691943127965,
      "fnr_std": 0.0,
      "f1": 0.6934244235695988,
      "f1_std": 0.0,
      "g_mean": 0.9355694157353137,
      "g_mean_std": 0.0,
      "true_positives": 812.0,
      "true_positives_std": 0.0,
      "false_positives": 686.0,
      "false_positives_std": 0.0,
      "false_negatives": 32.0,
      "false_negatives_std": 0.0,
      "true_negatives": 6918.0,
      "true_negatives_std": 0.0,
      "n_rows": 8448.0,
      "n_rows_std": 0.0,
      "n_injected": 844.0,
      "n_injected_std": 0.0,
      "n_predicted": 1498.0,
      "n_predicted_std": 0.0,
      "n_trials": 1
    }
  },
  "new_products": {
    "row_count": 20507,
    "product_count": 1056,
    "train_row_count": 76426,
    "train_product_count": 4224,
    "current_candidate_id": "if__contamination_auto__max_features_0p75__max_samples_512__n_estimators_200__threshold_0p42",
    "current_threshold": 0.42000000000000004,
    "current_f1": 0.6189664963089154,
    "current_hyperparameters": {
      "n_estimators": 200,
      "max_samples": 512,
      "max_features": 0.75,
      "contamination": "auto"
    },
    "current_metrics": {
      "threshold": 0.42000000000000004,
      "accuracy": 0.9018383966450481,
      "accuracy_std": 0.0,
      "precision": 0.5057222394061244,
      "precision_std": 0.0,
      "recall": 0.7975609756097561,
      "recall_std": 0.0,
      "tnr": 0.9134203825107006,
      "tnr_std": 0.0,
      "fpr": 0.08657961748929946,
      "fpr_std": 0.0,
      "fnr": 0.20243902439024392,
      "fnr_std": 0.0,
      "f1": 0.6189664963089154,
      "f1_std": 0.0,
      "g_mean": 0.8535270654273777,
      "g_mean_std": 0.0,
      "true_positives": 1635.0,
      "true_positives_std": 0.0,
      "false_positives": 1598.0,
      "false_positives_std": 0.0,
      "false_negatives": 415.0,
      "false_negatives_std": 0.0,
      "true_negatives": 16859.0,
      "true_negatives_std": 0.0,
      "n_rows": 20507.0,
      "n_rows_std": 0.0,
      "n_injected": 2050.0,
      "n_injected_std": 0.0,
      "n_predicted": 3233.0,
      "n_predicted_std": 0.0,
      "n_trials": 1
    },
    "best_candidate_id": "if__contamination_auto__max_features_0p75__max_samples_256__n_estimators_200__threshold_0p42",
    "best_threshold": 0.42000000000000004,
    "best_f1": 0.5381026438569207,
    "best_hyperparameters": {
      "n_estimators": 200,
      "max_samples": 256,
      "max_features": 0.75,
      "contamination": "auto"
    },
    "best_metrics": {
      "threshold": 0.42000000000000004,
      "accuracy": 0.8551714048861364,
      "accuracy_std": 0.0,
      "precision": 0.3949771689497717,
      "precision_std": 0.0,
      "recall": 0.8439024390243902,
      "recall_std": 0.0,
      "tnr": 0.8564230373300102,
      "tnr_std": 0.0,
      "fpr": 0.1435769626699897,
      "fpr_std": 0.0,
      "fnr": 0.15609756097560976,
      "fnr_std": 0.0,
      "f1": 0.5381026438569207,
      "f1_std": 0.0,
      "g_mean": 0.8501396885450485,
      "g_mean_std": 0.0,
      "true_positives": 1730.0,
      "true_positives_std": 0.0,
      "false_positives": 2650.0,
      "false_positives_std": 0.0,
      "false_negatives": 320.0,
      "false_negatives_std": 0.0,
      "true_negatives": 15807.0,
      "true_negatives_std": 0.0,
      "n_rows": 20507.0,
      "n_rows_std": 0.0,
      "n_injected": 2050.0,
      "n_injected_std": 0.0,
      "n_predicted": 4380.0,
      "n_predicted_std": 0.0,
      "n_trials": 1
    }
  }
}
