{
  "new_prices": {
    "row_count": 320000,
    "product_count": 160000,
    "train_row_count": 2245954,
    "train_product_count": 160000,
    "current_candidate_id": "if__contamination_auto__max_features_0p75__max_samples_512__n_estimators_200__threshold_0p42",
    "current_threshold": 0.42000000000000004,
    "current_f1": 0.7824549740118457,
    "current_hyperparameters": {
      "n_estimators": 200,
      "max_samples": 512,
      "max_features": 0.75,
      "contamination": "auto"
    },
    "current_metrics": {
      "threshold": 0.42000000000000004,
      "accuracy": 0.95500625,
      "accuracy_std": 0.0,
      "precision": 0.7574596302363679,
      "precision_std": 0.0,
      "recall": 0.80915625,
      "recall_std": 0.0,
      "tnr": 0.9712118055555555,
      "tnr_std": 0.0,
      "fpr": 0.028788194444444446,
      "fpr_std": 0.0,
      "fnr": 0.19084375,
      "fnr_std": 0.0,
      "f1": 0.7824549740118457,
      "f1_std": 0.0,
      "g_mean": 0.886488636441022,
      "g_mean_std": 0.0,
      "true_positives": 25893.0,
      "true_positives_std": 0.0,
      "false_positives": 8291.0,
      "false_positives_std": 0.0,
      "false_negatives": 6107.0,
      "false_negatives_std": 0.0,
      "true_negatives": 279709.0,
      "true_negatives_std": 0.0,
      "n_rows": 320000.0,
      "n_rows_std": 0.0,
      "n_injected": 32000.0,
      "n_injected_std": 0.0,
      "n_predicted": 34184.0,
      "n_predicted_std": 0.0,
      "n_trials": 1
    },
    "best_candidate_id": "if__contamination_auto__max_features_0p5__max_samples_512__n_estimators_100__threshold_0p3",
    "best_threshold": 0.3,
    "best_f1": 0.7651486491775051,
    "best_hyperparameters": {
      "n_estimators": 100,
      "max_samples": 512,
      "max_features": 0.5,
      "contamination": "auto"
    },
    "best_metrics": {
      "threshold": 0.3,
      "accuracy": 0.943740625,
      "accuracy_std": 0.0,
      "precision": 0.6567167521329242,
      "precision_std": 0.0,
      "recall": 0.91646875,
      "recall_std": 0.0,
      "tnr": 0.9467708333333333,
      "tnr_std": 0.0,
      "fpr": 0.05322916666666667,
      "fpr_std": 0.0,
      "fnr": 0.08353125,
      "fnr_std": 0.0,
      "f1": 0.7651486491775051,
      "f1_std": 0.0,
      "g_mean": 0.9314965819376142,
      "g_mean_std": 0.0,
      "true_positives": 29327.0,
      "true_positives_std": 0.0,
      "false_positives": 15330.0,
      "false_positives_std": 0.0,
      "false_negatives": 2673.0,
      "false_negatives_std": 0.0,
      "true_negatives": 272670.0,
      "true_negatives_std": 0.0,
      "n_rows": 320000.0,
      "n_rows_std": 0.0,
      "n_injected": 32000.0,
      "n_injected_std": 0.0,
      "n_predicted": 44657.0,
      "n_predicted_std": 0.0,
      "n_trials": 1
    }
  },
  "new_products": {
    "row_count": 642347,
    "product_count": 40000,
    "train_row_count": 2245954,
    "train_product_count": 160000,
    "current_candidate_id": "if__contamination_auto__max_features_0p75__max_samples_512__n_estimators_200__threshold_0p42",
    "current_threshold": 0.42000000000000004,
    "current_f1": 0.34158362798671377,
    "current_hyperparameters": {
      "n_estimators": 200,
      "max_samples": 512,
      "max_features": 0.75,
      "contamination": "auto"
    },
    "current_metrics": {
      "threshold": 0.42000000000000004,
      "accuracy": 0.8182368719710686,
      "accuracy_std": 0.0,
      "precision": 0.2677972995676125,
      "precision_std": 0.0,
      "recall": 0.47149484696578137,
      "recall_std": 0.0,
      "tnr": 0.8567632971408704,
      "tnr_std": 0.0,
      "fpr": 0.14323670285912962,
      "fpr_std": 0.0,
      "fnr": 0.5285051530342186,
      "fnr_std": 0.0,
      "f1": 0.34158362798671377,
      "f1_std": 0.0,
      "g_mean": 0.6355780673303106,
      "g_mean_std": 0.0,
      "true_positives": 30286.0,
      "true_positives_std": 0.0,
      "false_positives": 82807.0,
      "false_positives_std": 0.0,
      "false_negatives": 33948.0,
      "false_negatives_std": 0.0,
      "true_negatives": 495306.0,
      "true_negatives_std": 0.0,
      "n_rows": 642347.0,
      "n_rows_std": 0.0,
      "n_injected": 64234.0,
      "n_injected_std": 0.0,
      "n_predicted": 113093.0,
      "n_predicted_std": 0.0,
      "n_trials": 1
    },
    "best_candidate_id": "if__contamination_auto__max_features_0p5__max_samples_512__n_estimators_100__threshold_0p3",
    "best_threshold": 0.3,
    "best_f1": 0.3681251527743828,
    "best_hyperparameters": {
      "n_estimators": 100,
      "max_samples": 512,
      "max_features": 0.5,
      "contamination": "auto"
    },
    "best_metrics": {
      "threshold": 0.3,
      "accuracy": 0.7826875504984067,
      "accuracy_std": 0.0,
      "precision": 0.2595225938218024,
      "precision_std": 0.0,
      "recall": 0.6330292368527571,
      "recall_std": 0.0,
      "tnr": 0.7993160506682949,
      "tnr_std": 0.0,
      "fpr": 0.20068394933170505,
      "fpr_std": 0.0,
      "fnr": 0.3669707631472429,
      "fnr_std": 0.0,
      "f1": 0.3681251527743828,
      "f1_std": 0.0,
      "g_mean": 0.7113300426375302,
      "g_mean_std": 0.0,
      "true_positives": 40662.0,
      "true_positives_std": 0.0,
      "false_positives": 116018.0,
      "false_positives_std": 0.0,
      "false_negatives": 23572.0,
      "false_negatives_std": 0.0,
      "true_negatives": 462095.0,
      "true_negatives_std": 0.0,
      "n_rows": 642347.0,
      "n_rows_std": 0.0,
      "n_injected": 64234.0,
      "n_injected_std": 0.0,
      "n_predicted": 156680.0,
      "n_predicted_std": 0.0,
      "n_trials": 1
    }
  }
}
