{
  "new_prices": {
    "row_count": 532376,
    "product_count": 266188,
    "train_row_count": 3460511,
    "train_product_count": 266188,
    "current_candidate_id": "if__contamination_auto__max_features_0p75__max_samples_512__n_estimators_200__threshold_0p42",
    "current_threshold": 0.42000000000000004,
    "current_f1": 0.740612609811086,
    "current_hyperparameters": {
      "n_estimators": 200,
      "max_samples": 512,
      "max_features": 0.75,
      "contamination": "auto"
    },
    "current_metrics": {
      "threshold": 0.42000000000000004,
      "accuracy": 0.9498625031932318,
      "accuracy_std": 0.0,
      "precision": 0.7672297501359051,
      "precision_std": 0.0,
      "recall": 0.7157803783083194,
      "recall_std": 0.0,
      "tnr": 0.9758713024821607,
      "tnr_std": 0.0,
      "fpr": 0.02412869751783929,
      "fpr_std": 0.0,
      "fnr": 0.2842196216916806,
      "fnr_std": 0.0,
      "f1": 0.740612609811086,
      "f1_std": 0.0,
      "g_mean": 0.8357688257352708,
      "g_mean_std": 0.0,
      "true_positives": 38106.0,
      "true_positives_std": 0.0,
      "false_positives": 11561.0,
      "false_positives_std": 0.0,
      "false_negatives": 15131.0,
      "false_negatives_std": 0.0,
      "true_negatives": 467578.0,
      "true_negatives_std": 0.0,
      "n_rows": 532376.0,
      "n_rows_std": 0.0,
      "n_injected": 53237.0,
      "n_injected_std": 0.0,
      "n_predicted": 49667.0,
      "n_predicted_std": 0.0,
      "n_trials": 1
    },
    "best_candidate_id": "if__contamination_auto__max_features_0p75__max_samples_256__n_estimators_200__threshold_0p3",
    "best_threshold": 0.3,
    "best_f1": 0.6676672033181434,
    "best_hyperparameters": {
      "n_estimators": 200,
      "max_samples": 256,
      "max_features": 0.75,
      "contamination": "auto"
    },
    "best_metrics": {
      "threshold": 0.3,
      "accuracy": 0.908493245375449,
      "accuracy_std": 0.0,
      "precision": 0.5242150592923482,
      "precision_std": 0.0,
      "recall": 0.9192103236470875,
      "recall_std": 0.0,
      "tnr": 0.907302473812401,
      "tnr_std": 0.0,
      "fpr": 0.09269752618759901,
      "fpr_std": 0.0,
      "fnr": 0.08078967635291245,
      "fnr_std": 0.0,
      "f1": 0.6676672033181434,
      "f1_std": 0.0,
      "g_mean": 0.9132369903803176,
      "g_mean_std": 0.0,
      "true_positives": 48936.0,
      "true_positives_std": 0.0,
      "false_positives": 44415.0,
      "false_positives_std": 0.0,
      "false_negatives": 4301.0,
      "false_negatives_std": 0.0,
      "true_negatives": 434724.0,
      "true_negatives_std": 0.0,
      "n_rows": 532376.0,
      "n_rows_std": 0.0,
      "n_injected": 53237.0,
      "n_injected_std": 0.0,
      "n_predicted": 93351.0,
      "n_predicted_std": 0.0,
      "n_trials": 1
    }
  },
  "new_products": {
    "row_count": 998139,
    "product_count": 66547,
    "train_row_count": 3460511,
    "train_product_count": 266188,
    "current_candidate_id": "if__contamination_auto__max_features_0p75__max_samples_512__n_estimators_200__threshold_0p42",
    "current_threshold": 0.42000000000000004,
    "current_f1": 0.4769790587271369,
    "current_hyperparameters": {
      "n_estimators": 200,
      "max_samples": 512,
      "max_features": 0.75,
      "contamination": "auto"
    },
    "current_metrics": {
      "threshold": 0.42000000000000004,
      "accuracy": 0.8912786696041333,
      "accuracy_std": 0.0,
      "precision": 0.4595716620848503,
      "precision_std": 0.0,
      "recall": 0.4957570657128831,
      "recall_std": 0.0,
      "tnr": 0.9352250741935556,
      "tnr_std": 0.0,
      "fpr": 0.06477492580644444,
      "fpr_std": 0.0,
      "fnr": 0.5042429342871169,
      "fnr_std": 0.0,
      "f1": 0.4769790587271369,
      "f1_std": 0.0,
      "g_mean": 0.6809144135376417,
      "g_mean_std": 0.0,
      "true_positives": 49483.0,
      "true_positives_std": 0.0,
      "false_positives": 58189.0,
      "false_positives_std": 0.0,
      "false_negatives": 50330.0,
      "false_negatives_std": 0.0,
      "true_negatives": 840137.0,
      "true_negatives_std": 0.0,
      "n_rows": 998139.0,
      "n_rows_std": 0.0,
      "n_injected": 99813.0,
      "n_injected_std": 0.0,
      "n_predicted": 107672.0,
      "n_predicted_std": 0.0,
      "n_trials": 1
    },
    "best_candidate_id": "if__contamination_auto__max_features_0p75__max_samples_256__n_estimators_200__threshold_0p3",
    "best_threshold": 0.3,
    "best_f1": 0.4430241342292553,
    "best_hyperparameters": {
      "n_estimators": 200,
      "max_samples": 256,
      "max_features": 0.75,
      "contamination": "auto"
    },
    "best_metrics": {
      "threshold": 0.3,
      "accuracy": 0.8315845789013354,
      "accuracy_std": 0.0,
      "precision": 0.3309669849850742,
      "precision_std": 0.0,
      "recall": 0.6698025307324698,
      "recall_std": 0.0,
      "tnr": 0.8495601819384054,
      "tnr_std": 0.0,
      "fpr": 0.15043981806159457,
      "fpr_std": 0.0,
      "fnr": 0.3301974692675303,
      "fnr_std": 0.0,
      "f1": 0.4430241342292553,
      "f1_std": 0.0,
      "g_mean": 0.7543457826964246,
      "g_mean_std": 0.0,
      "true_positives": 66855.0,
      "true_positives_std": 0.0,
      "false_positives": 135144.0,
      "false_positives_std": 0.0,
      "false_negatives": 32958.0,
      "false_negatives_std": 0.0,
      "true_negatives": 763182.0,
      "true_negatives_std": 0.0,
      "n_rows": 998139.0,
      "n_rows_std": 0.0,
      "n_injected": 99813.0,
      "n_injected_std": 0.0,
      "n_predicted": 201999.0,
      "n_predicted_std": 0.0,
      "n_trials": 1
    }
  }
}
