{
  "new_prices": {
    "row_count": 74224,
    "product_count": 37112,
    "train_row_count": 901829,
    "train_product_count": 37112,
    "current_candidate_id": "if__contamination_auto__max_features_0p75__max_samples_512__n_estimators_200__threshold_0p42",
    "current_threshold": 0.42000000000000004,
    "current_f1": 0.7166772866825002,
    "current_hyperparameters": {
      "n_estimators": 200,
      "max_samples": 512,
      "max_features": 0.75,
      "contamination": "auto"
    },
    "current_metrics": {
      "threshold": 0.42000000000000004,
      "accuracy": 0.934104871739599,
      "accuracy_std": 0.0,
      "precision": 0.6285946550147343,
      "precision_std": 0.0,
      "recall": 0.8334680679062247,
      "recall_std": 0.0,
      "tnr": 0.9452860692793629,
      "tnr_std": 0.0,
      "fpr": 0.054713930720637106,
      "fpr_std": 0.0,
      "fnr": 0.16653193209377526,
      "fnr_std": 0.0,
      "f1": 0.7166772866825002,
      "f1_std": 0.0,
      "g_mean": 0.8876180224516288,
      "g_mean_std": 0.0,
      "true_positives": 6186.0,
      "true_positives_std": 0.0,
      "false_positives": 3655.0,
      "false_positives_std": 0.0,
      "false_negatives": 1236.0,
      "false_negatives_std": 0.0,
      "true_negatives": 63147.0,
      "true_negatives_std": 0.0,
      "n_rows": 74224.0,
      "n_rows_std": 0.0,
      "n_injected": 7422.0,
      "n_injected_std": 0.0,
      "n_predicted": 9841.0,
      "n_predicted_std": 0.0,
      "n_trials": 1
    },
    "best_candidate_id": "if__contamination_auto__max_features_0p75__max_samples_512__n_estimators_200__threshold_0p3",
    "best_threshold": 0.3,
    "best_f1": 0.599098708726926,
    "best_hyperparameters": {
      "n_estimators": 200,
      "max_samples": 512,
      "max_features": 0.75,
      "contamination": "auto"
    },
    "best_metrics": {
      "threshold": 0.3,
      "accuracy": 0.8753502910109937,
      "accuracy_std": 0.0,
      "precision": 0.4415559529892693,
      "precision_std": 0.0,
      "recall": 0.9314201023982754,
      "recall_std": 0.0,
      "tnr": 0.8691206850094308,
      "tnr_std": 0.0,
      "fpr": 0.13087931499056915,
      "fpr_std": 0.0,
      "fnr": 0.0685798976017246,
      "fnr_std": 0.0,
      "f1": 0.599098708726926,
      "f1_std": 0.0,
      "g_mean": 0.8997313362487401,
      "g_mean_std": 0.0,
      "true_positives": 6913.0,
      "true_positives_std": 0.0,
      "false_positives": 8743.0,
      "false_positives_std": 0.0,
      "false_negatives": 509.0,
      "false_negatives_std": 0.0,
      "true_negatives": 58059.0,
      "true_negatives_std": 0.0,
      "n_rows": 74224.0,
      "n_rows_std": 0.0,
      "n_injected": 7422.0,
      "n_injected_std": 0.0,
      "n_predicted": 15656.0,
      "n_predicted_std": 0.0,
      "n_trials": 1
    }
  },
  "new_products": {
    "row_count": 244358,
    "product_count": 9278,
    "train_row_count": 901829,
    "train_product_count": 37112,
    "current_candidate_id": "if__contamination_auto__max_features_0p75__max_samples_512__n_estimators_200__threshold_0p42",
    "current_threshold": 0.42000000000000004,
    "current_f1": 0.5865241053797621,
    "current_hyperparameters": {
      "n_estimators": 200,
      "max_samples": 512,
      "max_features": 0.75,
      "contamination": "auto"
    },
    "current_metrics": {
      "threshold": 0.42000000000000004,
      "accuracy": 0.8946013635731181,
      "accuracy_std": 0.0,
      "precision": 0.4825645902678713,
      "precision_std": 0.0,
      "recall": 0.7475751995089012,
      "recall_std": 0.0,
      "tnr": 0.9109370097716019,
      "tnr_std": 0.0,
      "fpr": 0.08906299022839811,
      "fpr_std": 0.0,
      "fnr": 0.25242480049109883,
      "fnr_std": 0.0,
      "f1": 0.5865241053797621,
      "f1_std": 0.0,
      "g_mean": 0.8252235556623715,
      "g_mean_std": 0.0,
      "true_positives": 18267.0,
      "true_positives_std": 0.0,
      "false_positives": 19587.0,
      "false_positives_std": 0.0,
      "false_negatives": 6168.0,
      "false_negatives_std": 0.0,
      "true_negatives": 200336.0,
      "true_negatives_std": 0.0,
      "n_rows": 244358.0,
      "n_rows_std": 0.0,
      "n_injected": 24435.0,
      "n_injected_std": 0.0,
      "n_predicted": 37854.0,
      "n_predicted_std": 0.0,
      "n_trials": 1
    },
    "best_candidate_id": "if__contamination_auto__max_features_0p75__max_samples_512__n_estimators_200__threshold_0p3",
    "best_threshold": 0.3,
    "best_f1": 0.5547835105003889,
    "best_hyperparameters": {
      "n_estimators": 200,
      "max_samples": 512,
      "max_features": 0.75,
      "contamination": "auto"
    },
    "best_metrics": {
      "threshold": 0.3,
      "accuracy": 0.8594521153389699,
      "accuracy_std": 0.0,
      "precision": 0.4059956360876577,
      "precision_std": 0.0,
      "recall": 0.8757110701862083,
      "recall_std": 0.0,
      "tnr": 0.8576456305161352,
      "tnr_std": 0.0,
      "fpr": 0.14235436948386482,
      "fpr_std": 0.0,
      "fnr": 0.1242889298137917,
      "fnr_std": 0.0,
      "f1": 0.5547835105003889,
      "f1_std": 0.0,
      "g_mean": 0.8666312785376548,
      "g_mean_std": 0.0,
      "true_positives": 21398.0,
      "true_positives_std": 0.0,
      "false_positives": 31307.0,
      "false_positives_std": 0.0,
      "false_negatives": 3037.0,
      "false_negatives_std": 0.0,
      "true_negatives": 188616.0,
      "true_negatives_std": 0.0,
      "n_rows": 244358.0,
      "n_rows_std": 0.0,
      "n_injected": 24435.0,
      "n_injected_std": 0.0,
      "n_predicted": 52705.0,
      "n_predicted_std": 0.0,
      "n_trials": 1
    }
  }
}
