{
  "new_prices": {
    "row_count": 154,
    "product_count": 77,
    "train_row_count": 2703,
    "train_product_count": 77,
    "current_candidate_id": "if__contamination_auto__max_features_0p75__max_samples_512__n_estimators_200__threshold_0p42",
    "current_threshold": 0.42000000000000004,
    "current_f1": 0.7368421052631579,
    "current_hyperparameters": {
      "n_estimators": 200,
      "max_samples": 512,
      "max_features": 0.75,
      "contamination": "auto"
    },
    "current_metrics": {
      "threshold": 0.42000000000000004,
      "accuracy": 0.935064935064935,
      "accuracy_std": 0.0,
      "precision": 0.6086956521739131,
      "precision_std": 0.0,
      "recall": 0.9333333333333333,
      "recall_std": 0.0,
      "tnr": 0.935251798561151,
      "tnr_std": 0.0,
      "fpr": 0.06474820143884892,
      "fpr_std": 0.0,
      "fnr": 0.06666666666666667,
      "fnr_std": 0.0,
      "f1": 0.7368421052631579,
      "f1_std": 0.0,
      "g_mean": 0.9342920735279061,
      "g_mean_std": 0.0,
      "true_positives": 14.0,
      "true_positives_std": 0.0,
      "false_positives": 9.0,
      "false_positives_std": 0.0,
      "false_negatives": 1.0,
      "false_negatives_std": 0.0,
      "true_negatives": 130.0,
      "true_negatives_std": 0.0,
      "n_rows": 154.0,
      "n_rows_std": 0.0,
      "n_injected": 15.0,
      "n_injected_std": 0.0,
      "n_predicted": 23.0,
      "n_predicted_std": 0.0,
      "n_trials": 1
    },
    "best_candidate_id": "if__contamination_auto__max_features_0p75__max_samples_512__n_estimators_100__threshold_0p54",
    "best_threshold": 0.54,
    "best_f1": 0.8484848484848485,
    "best_hyperparameters": {
      "n_estimators": 100,
      "max_samples": 512,
      "max_features": 0.75,
      "contamination": "auto"
    },
    "best_metrics": {
      "threshold": 0.54,
      "accuracy": 0.9675324675324676,
      "accuracy_std": 0.0,
      "precision": 0.7777777777777778,
      "precision_std": 0.0,
      "recall": 0.9333333333333333,
      "recall_std": 0.0,
      "tnr": 0.9712230215827338,
      "tnr_std": 0.0,
      "fpr": 0.02877697841726619,
      "fpr_std": 0.0,
      "fnr": 0.06666666666666667,
      "fnr_std": 0.0,
      "f1": 0.8484848484848485,
      "f1_std": 0.0,
      "g_mean": 0.9520897122350839,
      "g_mean_std": 0.0,
      "true_positives": 14.0,
      "true_positives_std": 0.0,
      "false_positives": 4.0,
      "false_positives_std": 0.0,
      "false_negatives": 1.0,
      "false_negatives_std": 0.0,
      "true_negatives": 135.0,
      "true_negatives_std": 0.0,
      "n_rows": 154.0,
      "n_rows_std": 0.0,
      "n_injected": 15.0,
      "n_injected_std": 0.0,
      "n_predicted": 18.0,
      "n_predicted_std": 0.0,
      "n_trials": 1
    }
  },
  "new_products": {
    "row_count": 690,
    "product_count": 20,
    "train_row_count": 2703,
    "train_product_count": 77,
    "current_candidate_id": "if__contamination_auto__max_features_0p75__max_samples_512__n_estimators_200__threshold_0p42",
    "current_threshold": 0.42000000000000004,
    "current_f1": 0.32460732984293195,
    "current_hyperparameters": {
      "n_estimators": 200,
      "max_samples": 512,
      "max_features": 0.75,
      "contamination": "auto"
    },
    "current_metrics": {
      "threshold": 0.42000000000000004,
      "accuracy": 0.6260869565217392,
      "accuracy_std": 0.0,
      "precision": 0.19808306709265175,
      "precision_std": 0.0,
      "recall": 0.8985507246376812,
      "recall_std": 0.0,
      "tnr": 0.5958132045088567,
      "tnr_std": 0.0,
      "fpr": 0.40418679549114334,
      "fpr_std": 0.0,
      "fnr": 0.10144927536231885,
      "fnr_std": 0.0,
      "f1": 0.32460732984293195,
      "f1_std": 0.0,
      "g_mean": 0.7316887225180747,
      "g_mean_std": 0.0,
      "true_positives": 62.0,
      "true_positives_std": 0.0,
      "false_positives": 251.0,
      "false_positives_std": 0.0,
      "false_negatives": 7.0,
      "false_negatives_std": 0.0,
      "true_negatives": 370.0,
      "true_negatives_std": 0.0,
      "n_rows": 690.0,
      "n_rows_std": 0.0,
      "n_injected": 69.0,
      "n_injected_std": 0.0,
      "n_predicted": 313.0,
      "n_predicted_std": 0.0,
      "n_trials": 1
    },
    "best_candidate_id": "if__contamination_auto__max_features_0p75__max_samples_512__n_estimators_100__threshold_0p54",
    "best_threshold": 0.54,
    "best_f1": 0.36253776435045315,
    "best_hyperparameters": {
      "n_estimators": 100,
      "max_samples": 512,
      "max_features": 0.75,
      "contamination": "auto"
    },
    "best_metrics": {
      "threshold": 0.54,
      "accuracy": 0.6942028985507246,
      "accuracy_std": 0.0,
      "precision": 0.22900763358778625,
      "precision_std": 0.0,
      "recall": 0.8695652173913043,
      "recall_std": 0.0,
      "tnr": 0.6747181964573269,
      "tnr_std": 0.0,
      "fpr": 0.3252818035426731,
      "fpr_std": 0.0,
      "fnr": 0.13043478260869565,
      "fnr_std": 0.0,
      "f1": 0.36253776435045315,
      "f1_std": 0.0,
      "g_mean": 0.7659709362503804,
      "g_mean_std": 0.0,
      "true_positives": 60.0,
      "true_positives_std": 0.0,
      "false_positives": 202.0,
      "false_positives_std": 0.0,
      "false_negatives": 9.0,
      "false_negatives_std": 0.0,
      "true_negatives": 419.0,
      "true_negatives_std": 0.0,
      "n_rows": 690.0,
      "n_rows_std": 0.0,
      "n_injected": 69.0,
      "n_injected_std": 0.0,
      "n_predicted": 262.0,
      "n_predicted_std": 0.0,
      "n_trials": 1
    }
  }
}
