{
  "new_prices": {
    "row_count": 34726,
    "product_count": 17363,
    "train_row_count": 528177,
    "train_product_count": 17363,
    "current_candidate_id": "if__contamination_auto__max_features_0p75__max_samples_512__n_estimators_200__threshold_0p42",
    "current_threshold": 0.42000000000000004,
    "current_f1": 0.7542503863987635,
    "current_hyperparameters": {
      "n_estimators": 200,
      "max_samples": 512,
      "max_features": 0.75,
      "contamination": "auto"
    },
    "current_metrics": {
      "threshold": 0.42000000000000004,
      "accuracy": 0.9404768761158786,
      "accuracy_std": 0.0,
      "precision": 0.6422352702976311,
      "precision_std": 0.0,
      "recall": 0.913594470046083,
      "recall_std": 0.0,
      "tnr": 0.9434632367057016,
      "tnr_std": 0.0,
      "fpr": 0.05653676329429833,
      "fpr_std": 0.0,
      "fnr": 0.08640552995391705,
      "fnr_std": 0.0,
      "f1": 0.7542503863987635,
      "f1_std": 0.0,
      "g_mean": 0.9284087438979168,
      "g_mean_std": 0.0,
      "true_positives": 3172.0,
      "true_positives_std": 0.0,
      "false_positives": 1767.0,
      "false_positives_std": 0.0,
      "false_negatives": 300.0,
      "false_negatives_std": 0.0,
      "true_negatives": 29487.0,
      "true_negatives_std": 0.0,
      "n_rows": 34726.0,
      "n_rows_std": 0.0,
      "n_injected": 3472.0,
      "n_injected_std": 0.0,
      "n_predicted": 4939.0,
      "n_predicted_std": 0.0,
      "n_trials": 1
    },
    "best_candidate_id": "if__contamination_auto__max_features_0p75__max_samples_512__n_estimators_100__threshold_0p36",
    "best_threshold": 0.36,
    "best_f1": 0.705745423764681,
    "best_hyperparameters": {
      "n_estimators": 100,
      "max_samples": 512,
      "max_features": 0.75,
      "contamination": "auto"
    },
    "best_metrics": {
      "threshold": 0.36,
      "accuracy": 0.9199159131486494,
      "accuracy_std": 0.0,
      "precision": 0.5577855828733902,
      "precision_std": 0.0,
      "recall": 0.9605414746543779,
      "recall_std": 0.0,
      "tnr": 0.91540282843796,
      "tnr_std": 0.0,
      "fpr": 0.08459717156204005,
      "fpr_std": 0.0,
      "fnr": 0.03945852534562212,
      "fnr_std": 0.0,
      "f1": 0.705745423764681,
      "f1_std": 0.0,
      "g_mean": 0.9377005826651632,
      "g_mean_std": 0.0,
      "true_positives": 3335.0,
      "true_positives_std": 0.0,
      "false_positives": 2644.0,
      "false_positives_std": 0.0,
      "false_negatives": 137.0,
      "false_negatives_std": 0.0,
      "true_negatives": 28610.0,
      "true_negatives_std": 0.0,
      "n_rows": 34726.0,
      "n_rows_std": 0.0,
      "n_injected": 3472.0,
      "n_injected_std": 0.0,
      "n_predicted": 5979.0,
      "n_predicted_std": 0.0,
      "n_trials": 1
    }
  },
  "new_products": {
    "row_count": 140731,
    "product_count": 4341,
    "train_row_count": 528177,
    "train_product_count": 17363,
    "current_candidate_id": "if__contamination_auto__max_features_0p75__max_samples_512__n_estimators_200__threshold_0p42",
    "current_threshold": 0.42000000000000004,
    "current_f1": 0.6286496590579996,
    "current_hyperparameters": {
      "n_estimators": 200,
      "max_samples": 512,
      "max_features": 0.75,
      "contamination": "auto"
    },
    "current_metrics": {
      "threshold": 0.42000000000000004,
      "accuracy": 0.8997733264170652,
      "accuracy_std": 0.0,
      "precision": 0.49933082392304473,
      "precision_std": 0.0,
      "recall": 0.8483621118453777,
      "recall_std": 0.0,
      "tnr": 0.9054856384910547,
      "tnr_std": 0.0,
      "fpr": 0.09451436150894535,
      "fpr_std": 0.0,
      "fnr": 0.1516378881546223,
      "fnr_std": 0.0,
      "f1": 0.6286496590579996,
      "f1_std": 0.0,
      "g_mean": 0.87645861768593,
      "g_mean_std": 0.0,
      "true_positives": 11939.0,
      "true_positives_std": 0.0,
      "false_positives": 11971.0,
      "false_positives_std": 0.0,
      "false_negatives": 2134.0,
      "false_negatives_std": 0.0,
      "true_negatives": 114687.0,
      "true_negatives_std": 0.0,
      "n_rows": 140731.0,
      "n_rows_std": 0.0,
      "n_injected": 14073.0,
      "n_injected_std": 0.0,
      "n_predicted": 23910.0,
      "n_predicted_std": 0.0,
      "n_trials": 1
    },
    "best_candidate_id": "if__contamination_auto__max_features_0p75__max_samples_512__n_estimators_100__threshold_0p36",
    "best_threshold": 0.36,
    "best_f1": 0.5474894263095109,
    "best_hyperparameters": {
      "n_estimators": 100,
      "max_samples": 512,
      "max_features": 0.75,
      "contamination": "auto"
    },
    "best_metrics": {
      "threshold": 0.36,
      "accuracy": 0.851752634458648,
      "accuracy_std": 0.0,
      "precision": 0.39401223776223776,
      "precision_std": 0.0,
      "recall": 0.896823704966958,
      "recall_std": 0.0,
      "tnr": 0.8467447772742346,
      "tnr_std": 0.0,
      "fpr": 0.15325522272576544,
      "fpr_std": 0.0,
      "fnr": 0.103176295033042,
      "fnr_std": 0.0,
      "f1": 0.5474894263095109,
      "f1_std": 0.0,
      "g_mean": 0.8714245740834377,
      "g_mean_std": 0.0,
      "true_positives": 12621.0,
      "true_positives_std": 0.0,
      "false_positives": 19411.0,
      "false_positives_std": 0.0,
      "false_negatives": 1452.0,
      "false_negatives_std": 0.0,
      "true_negatives": 107247.0,
      "true_negatives_std": 0.0,
      "n_rows": 140731.0,
      "n_rows_std": 0.0,
      "n_injected": 14073.0,
      "n_injected_std": 0.0,
      "n_predicted": 32032.0,
      "n_predicted_std": 0.0,
      "n_trials": 1
    }
  }
}
