{
  "new_prices": {
    "row_count": 532376,
    "product_count": 266188,
    "train_row_count": 3460511,
    "train_product_count": 266188,
    "current_candidate_id": "eif__max_features_0p5__max_samples_256__n_estimators_100__threshold_0p2",
    "current_threshold": 0.2,
    "current_f1": 0.24306080801449914,
    "current_hyperparameters": {
      "n_estimators": 100,
      "max_samples": 256,
      "max_features": 0.5
    },
    "current_metrics": {
      "threshold": 0.2,
      "accuracy": 0.8007385757434595,
      "accuracy_std": 0.0,
      "precision": 0.19597510039236443,
      "precision_std": 0.0,
      "recall": 0.31992786971467213,
      "recall_std": 0.0,
      "tnr": 0.854161318531783,
      "tnr_std": 0.0,
      "fpr": 0.14583868146821694,
      "fpr_std": 0.0,
      "fnr": 0.6800721302853279,
      "fnr_std": 0.0,
      "f1": 0.24306080801449914,
      "f1_std": 0.0,
      "g_mean": 0.5227523419656279,
      "g_mean_std": 0.0,
      "true_positives": 17032.0,
      "true_positives_std": 0.0,
      "false_positives": 69877.0,
      "false_positives_std": 0.0,
      "false_negatives": 36205.0,
      "false_negatives_std": 0.0,
      "true_negatives": 409262.0,
      "true_negatives_std": 0.0,
      "n_rows": 532376.0,
      "n_rows_std": 0.0,
      "n_injected": 53237.0,
      "n_injected_std": 0.0,
      "n_predicted": 86909.0,
      "n_predicted_std": 0.0,
      "n_trials": 1
    },
    "best_candidate_id": "eif__max_features_0p5__max_samples_256__n_estimators_100__threshold_0p2",
    "best_threshold": 0.2,
    "best_f1": 0.24306080801449914,
    "best_hyperparameters": {
      "n_estimators": 100,
      "max_samples": 256,
      "max_features": 0.5
    },
    "best_metrics": {
      "threshold": 0.2,
      "accuracy": 0.8007385757434595,
      "accuracy_std": 0.0,
      "precision": 0.19597510039236443,
      "precision_std": 0.0,
      "recall": 0.31992786971467213,
      "recall_std": 0.0,
      "tnr": 0.854161318531783,
      "tnr_std": 0.0,
      "fpr": 0.14583868146821694,
      "fpr_std": 0.0,
      "fnr": 0.6800721302853279,
      "fnr_std": 0.0,
      "f1": 0.24306080801449914,
      "f1_std": 0.0,
      "g_mean": 0.5227523419656279,
      "g_mean_std": 0.0,
      "true_positives": 17032.0,
      "true_positives_std": 0.0,
      "false_positives": 69877.0,
      "false_positives_std": 0.0,
      "false_negatives": 36205.0,
      "false_negatives_std": 0.0,
      "true_negatives": 409262.0,
      "true_negatives_std": 0.0,
      "n_rows": 532376.0,
      "n_rows_std": 0.0,
      "n_injected": 53237.0,
      "n_injected_std": 0.0,
      "n_predicted": 86909.0,
      "n_predicted_std": 0.0,
      "n_trials": 1
    }
  },
  "new_products": {
    "row_count": 998139,
    "product_count": 66547,
    "train_row_count": 3460511,
    "train_product_count": 266188,
    "current_candidate_id": "eif__max_features_0p5__max_samples_256__n_estimators_100__threshold_0p2",
    "current_threshold": 0.2,
    "current_f1": 0.1657813046519762,
    "current_hyperparameters": {
      "n_estimators": 100,
      "max_samples": 256,
      "max_features": 0.5
    },
    "current_metrics": {
      "threshold": 0.2,
      "accuracy": 0.6941468072082145,
      "accuracy_std": 0.0,
      "precision": 0.11397803403484645,
      "precision_std": 0.0,
      "recall": 0.3039083085369641,
      "recall_std": 0.0,
      "tnr": 0.7375062059875813,
      "tnr_std": 0.0,
      "fpr": 0.2624937940124187,
      "fpr_std": 0.0,
      "fnr": 0.6960916914630358,
      "fnr_std": 0.0,
      "f1": 0.1657813046519762,
      "f1_std": 0.0,
      "g_mean": 0.47342820321269374,
      "g_mean_std": 0.0,
      "true_positives": 30334.0,
      "true_positives_std": 0.0,
      "false_positives": 235805.0,
      "false_positives_std": 0.0,
      "false_negatives": 69479.0,
      "false_negatives_std": 0.0,
      "true_negatives": 662521.0,
      "true_negatives_std": 0.0,
      "n_rows": 998139.0,
      "n_rows_std": 0.0,
      "n_injected": 99813.0,
      "n_injected_std": 0.0,
      "n_predicted": 266139.0,
      "n_predicted_std": 0.0,
      "n_trials": 1
    },
    "best_candidate_id": "eif__max_features_0p5__max_samples_256__n_estimators_100__threshold_0p2",
    "best_threshold": 0.2,
    "best_f1": 0.1657813046519762,
    "best_hyperparameters": {
      "n_estimators": 100,
      "max_samples": 256,
      "max_features": 0.5
    },
    "best_metrics": {
      "threshold": 0.2,
      "accuracy": 0.6941468072082145,
      "accuracy_std": 0.0,
      "precision": 0.11397803403484645,
      "precision_std": 0.0,
      "recall": 0.3039083085369641,
      "recall_std": 0.0,
      "tnr": 0.7375062059875813,
      "tnr_std": 0.0,
      "fpr": 0.2624937940124187,
      "fpr_std": 0.0,
      "fnr": 0.6960916914630358,
      "fnr_std": 0.0,
      "f1": 0.1657813046519762,
      "f1_std": 0.0,
      "g_mean": 0.47342820321269374,
      "g_mean_std": 0.0,
      "true_positives": 30334.0,
      "true_positives_std": 0.0,
      "false_positives": 235805.0,
      "false_positives_std": 0.0,
      "false_negatives": 69479.0,
      "false_negatives_std": 0.0,
      "true_negatives": 662521.0,
      "true_negatives_std": 0.0,
      "n_rows": 998139.0,
      "n_rows_std": 0.0,
      "n_injected": 99813.0,
      "n_injected_std": 0.0,
      "n_predicted": 266139.0,
      "n_predicted_std": 0.0,
      "n_trials": 1
    }
  }
}
