{
  "new_prices": {
    "row_count": 1454,
    "product_count": 727,
    "train_row_count": 3320,
    "train_product_count": 727,
    "current_candidate_id": "eif__max_features_0p5__max_samples_256__n_estimators_100__threshold_0p2",
    "current_threshold": 0.2,
    "current_f1": 0.21205821205821204,
    "current_hyperparameters": {
      "n_estimators": 100,
      "max_samples": 256,
      "max_features": 0.5
    },
    "current_metrics": {
      "threshold": 0.2,
      "accuracy": 0.7393397524071527,
      "accuracy_std": 0.0,
      "precision": 0.15178571428571427,
      "precision_std": 0.0,
      "recall": 0.35172413793103446,
      "recall_std": 0.0,
      "tnr": 0.7822765469824293,
      "tnr_std": 0.0,
      "fpr": 0.21772345301757068,
      "fpr_std": 0.0,
      "fnr": 0.6482758620689655,
      "fnr_std": 0.0,
      "f1": 0.21205821205821204,
      "f1_std": 0.0,
      "g_mean": 0.5245431765937494,
      "g_mean_std": 0.0,
      "true_positives": 51.0,
      "true_positives_std": 0.0,
      "false_positives": 285.0,
      "false_positives_std": 0.0,
      "false_negatives": 94.0,
      "false_negatives_std": 0.0,
      "true_negatives": 1024.0,
      "true_negatives_std": 0.0,
      "n_rows": 1454.0,
      "n_rows_std": 0.0,
      "n_injected": 145.0,
      "n_injected_std": 0.0,
      "n_predicted": 336.0,
      "n_predicted_std": 0.0,
      "n_trials": 1
    },
    "best_candidate_id": "eif__max_features_0p5__max_samples_256__n_estimators_100__threshold_0p2",
    "best_threshold": 0.2,
    "best_f1": 0.21205821205821204,
    "best_hyperparameters": {
      "n_estimators": 100,
      "max_samples": 256,
      "max_features": 0.5
    },
    "best_metrics": {
      "threshold": 0.2,
      "accuracy": 0.7393397524071527,
      "accuracy_std": 0.0,
      "precision": 0.15178571428571427,
      "precision_std": 0.0,
      "recall": 0.35172413793103446,
      "recall_std": 0.0,
      "tnr": 0.7822765469824293,
      "tnr_std": 0.0,
      "fpr": 0.21772345301757068,
      "fpr_std": 0.0,
      "fnr": 0.6482758620689655,
      "fnr_std": 0.0,
      "f1": 0.21205821205821204,
      "f1_std": 0.0,
      "g_mean": 0.5245431765937494,
      "g_mean_std": 0.0,
      "true_positives": 51.0,
      "true_positives_std": 0.0,
      "false_positives": 285.0,
      "false_positives_std": 0.0,
      "false_negatives": 94.0,
      "false_negatives_std": 0.0,
      "true_negatives": 1024.0,
      "true_negatives_std": 0.0,
      "n_rows": 1454.0,
      "n_rows_std": 0.0,
      "n_injected": 145.0,
      "n_injected_std": 0.0,
      "n_predicted": 336.0,
      "n_predicted_std": 0.0,
      "n_trials": 1
    }
  },
  "new_products": {
    "row_count": 1188,
    "product_count": 182,
    "train_row_count": 3320,
    "train_product_count": 727,
    "current_candidate_id": "eif__max_features_0p5__max_samples_256__n_estimators_100__threshold_0p2",
    "current_threshold": 0.2,
    "current_f1": 0.1303370786516854,
    "current_hyperparameters": {
      "n_estimators": 100,
      "max_samples": 256,
      "max_features": 0.5
    },
    "current_metrics": {
      "threshold": 0.2,
      "accuracy": 0.6742424242424242,
      "accuracy_std": 0.0,
      "precision": 0.08868501529051988,
      "precision_std": 0.0,
      "recall": 0.2457627118644068,
      "recall_std": 0.0,
      "tnr": 0.7214953271028037,
      "tnr_std": 0.0,
      "fpr": 0.27850467289719627,
      "fpr_std": 0.0,
      "fnr": 0.7542372881355932,
      "fnr_std": 0.0,
      "f1": 0.1303370786516854,
      "f1_std": 0.0,
      "g_mean": 0.42108983386717175,
      "g_mean_std": 0.0,
      "true_positives": 29.0,
      "true_positives_std": 0.0,
      "false_positives": 298.0,
      "false_positives_std": 0.0,
      "false_negatives": 89.0,
      "false_negatives_std": 0.0,
      "true_negatives": 772.0,
      "true_negatives_std": 0.0,
      "n_rows": 1188.0,
      "n_rows_std": 0.0,
      "n_injected": 118.0,
      "n_injected_std": 0.0,
      "n_predicted": 327.0,
      "n_predicted_std": 0.0,
      "n_trials": 1
    },
    "best_candidate_id": "eif__max_features_0p5__max_samples_256__n_estimators_100__threshold_0p2",
    "best_threshold": 0.2,
    "best_f1": 0.1303370786516854,
    "best_hyperparameters": {
      "n_estimators": 100,
      "max_samples": 256,
      "max_features": 0.5
    },
    "best_metrics": {
      "threshold": 0.2,
      "accuracy": 0.6742424242424242,
      "accuracy_std": 0.0,
      "precision": 0.08868501529051988,
      "precision_std": 0.0,
      "recall": 0.2457627118644068,
      "recall_std": 0.0,
      "tnr": 0.7214953271028037,
      "tnr_std": 0.0,
      "fpr": 0.27850467289719627,
      "fpr_std": 0.0,
      "fnr": 0.7542372881355932,
      "fnr_std": 0.0,
      "f1": 0.1303370786516854,
      "f1_std": 0.0,
      "g_mean": 0.42108983386717175,
      "g_mean_std": 0.0,
      "true_positives": 29.0,
      "true_positives_std": 0.0,
      "false_positives": 298.0,
      "false_positives_std": 0.0,
      "false_negatives": 89.0,
      "false_negatives_std": 0.0,
      "true_negatives": 772.0,
      "true_negatives_std": 0.0,
      "n_rows": 1188.0,
      "n_rows_std": 0.0,
      "n_injected": 118.0,
      "n_injected_std": 0.0,
      "n_predicted": 327.0,
      "n_predicted_std": 0.0,
      "n_trials": 1
    }
  }
}
