{
  "new_prices": {
    "row_count": 70152,
    "product_count": 35076,
    "train_row_count": 757290,
    "train_product_count": 35076,
    "current_candidate_id": "if__contamination_auto__max_features_0p75__max_samples_512__n_estimators_200__threshold_0p42",
    "current_threshold": 0.42000000000000004,
    "current_f1": 0.7414717030453536,
    "current_hyperparameters": {
      "n_estimators": 200,
      "max_samples": 512,
      "max_features": 0.75,
      "contamination": "auto"
    },
    "current_metrics": {
      "threshold": 0.42000000000000004,
      "accuracy": 0.9436081651271525,
      "accuracy_std": 0.0,
      "precision": 0.6845661880053096,
      "precision_std": 0.0,
      "recall": 0.808695652173913,
      "recall_std": 0.0,
      "tnr": 0.9585979694949079,
      "tnr_std": 0.0,
      "fpr": 0.0414020305050921,
      "fpr_std": 0.0,
      "fnr": 0.19130434782608696,
      "fnr_std": 0.0,
      "f1": 0.7414717030453536,
      "f1_std": 0.0,
      "g_mean": 0.8804623842693527,
      "g_mean_std": 0.0,
      "true_positives": 5673.0,
      "true_positives_std": 0.0,
      "false_positives": 2614.0,
      "false_positives_std": 0.0,
      "false_negatives": 1342.0,
      "false_negatives_std": 0.0,
      "true_negatives": 60523.0,
      "true_negatives_std": 0.0,
      "n_rows": 70152.0,
      "n_rows_std": 0.0,
      "n_injected": 7015.0,
      "n_injected_std": 0.0,
      "n_predicted": 8287.0,
      "n_predicted_std": 0.0,
      "n_trials": 1
    },
    "best_candidate_id": "if__contamination_auto__max_features_0p75__max_samples_256__n_estimators_100__threshold_0p36",
    "best_threshold": 0.36,
    "best_f1": 0.6640992297689307,
    "best_hyperparameters": {
      "n_estimators": 100,
      "max_samples": 256,
      "max_features": 0.75,
      "contamination": "auto"
    },
    "best_metrics": {
      "threshold": 0.36,
      "accuracy": 0.904265024518189,
      "accuracy_std": 0.0,
      "precision": 0.511518606980507,
      "precision_std": 0.0,
      "recall": 0.9464005702066999,
      "recall_std": 0.0,
      "tnr": 0.8995834455232272,
      "tnr_std": 0.0,
      "fpr": 0.10041655447677274,
      "fpr_std": 0.0,
      "fnr": 0.05359942979330007,
      "fnr_std": 0.0,
      "f1": 0.6640992297689307,
      "f1_std": 0.0,
      "g_mean": 0.9226951207152284,
      "g_mean_std": 0.0,
      "true_positives": 6639.0,
      "true_positives_std": 0.0,
      "false_positives": 6340.0,
      "false_positives_std": 0.0,
      "false_negatives": 376.0,
      "false_negatives_std": 0.0,
      "true_negatives": 56797.0,
      "true_negatives_std": 0.0,
      "n_rows": 70152.0,
      "n_rows_std": 0.0,
      "n_injected": 7015.0,
      "n_injected_std": 0.0,
      "n_predicted": 12979.0,
      "n_predicted_std": 0.0,
      "n_trials": 1
    }
  },
  "new_products": {
    "row_count": 205834,
    "product_count": 8769,
    "train_row_count": 757290,
    "train_product_count": 35076,
    "current_candidate_id": "if__contamination_auto__max_features_0p75__max_samples_512__n_estimators_200__threshold_0p42",
    "current_threshold": 0.42000000000000004,
    "current_f1": 0.6026047310420968,
    "current_hyperparameters": {
      "n_estimators": 200,
      "max_samples": 512,
      "max_features": 0.75,
      "contamination": "auto"
    },
    "current_metrics": {
      "threshold": 0.42000000000000004,
      "accuracy": 0.9055695366168854,
      "accuracy_std": 0.0,
      "precision": 0.5202273369104773,
      "precision_std": 0.0,
      "recall": 0.7159792061409901,
      "recall_std": 0.0,
      "tnr": 0.9266346740368473,
      "tnr_std": 0.0,
      "fpr": 0.07336532596315269,
      "fpr_std": 0.0,
      "fnr": 0.28402079385900986,
      "fnr_std": 0.0,
      "f1": 0.6026047310420968,
      "f1_std": 0.0,
      "g_mean": 0.8145251121356647,
      "g_mean_std": 0.0,
      "true_positives": 14737.0,
      "true_positives_std": 0.0,
      "false_positives": 13591.0,
      "false_positives_std": 0.0,
      "false_negatives": 5846.0,
      "false_negatives_std": 0.0,
      "true_negatives": 171660.0,
      "true_negatives_std": 0.0,
      "n_rows": 205834.0,
      "n_rows_std": 0.0,
      "n_injected": 20583.0,
      "n_injected_std": 0.0,
      "n_predicted": 28328.0,
      "n_predicted_std": 0.0,
      "n_trials": 1
    },
    "best_candidate_id": "if__contamination_auto__max_features_0p75__max_samples_256__n_estimators_100__threshold_0p36",
    "best_threshold": 0.36,
    "best_f1": 0.5320294000061506,
    "best_hyperparameters": {
      "n_estimators": 100,
      "max_samples": 256,
      "max_features": 0.75,
      "contamination": "auto"
    },
    "best_metrics": {
      "threshold": 0.36,
      "accuracy": 0.852142989010562,
      "accuracy_std": 0.0,
      "precision": 0.3891925940923714,
      "precision_std": 0.0,
      "recall": 0.8404994412864986,
      "recall_std": 0.0,
      "tnr": 0.8534366886008713,
      "tnr_std": 0.0,
      "fpr": 0.14656331139912876,
      "fpr_std": 0.0,
      "fnr": 0.15950055871350144,
      "fnr_std": 0.0,
      "f1": 0.5320294000061506,
      "f1_std": 0.0,
      "g_mean": 0.8469433628894153,
      "g_mean_std": 0.0,
      "true_positives": 17300.0,
      "true_positives_std": 0.0,
      "false_positives": 27151.0,
      "false_positives_std": 0.0,
      "false_negatives": 3283.0,
      "false_negatives_std": 0.0,
      "true_negatives": 158100.0,
      "true_negatives_std": 0.0,
      "n_rows": 205834.0,
      "n_rows_std": 0.0,
      "n_injected": 20583.0,
      "n_injected_std": 0.0,
      "n_predicted": 44451.0,
      "n_predicted_std": 0.0,
      "n_trials": 1
    }
  }
}
