{
  "new_prices": {
    "row_count": 18662,
    "product_count": 9331,
    "train_row_count": 99162,
    "train_product_count": 9331,
    "current_candidate_id": "if__contamination_auto__max_features_0p75__max_samples_512__n_estimators_200__threshold_0p42",
    "current_threshold": 0.42000000000000004,
    "current_f1": 0.7656982193064668,
    "current_hyperparameters": {
      "n_estimators": 200,
      "max_samples": 512,
      "max_features": 0.75,
      "contamination": "auto"
    },
    "current_metrics": {
      "threshold": 0.42000000000000004,
      "accuracy": 0.9464151752223771,
      "accuracy_std": 0.0,
      "precision": 0.6802664446294754,
      "precision_std": 0.0,
      "recall": 0.8756698821007503,
      "recall_std": 0.0,
      "tnr": 0.9542748273398428,
      "tnr_std": 0.0,
      "fpr": 0.04572517266015718,
      "fpr_std": 0.0,
      "fnr": 0.12433011789924973,
      "fnr_std": 0.0,
      "f1": 0.7656982193064668,
      "f1_std": 0.0,
      "g_mean": 0.9141278496733343,
      "g_mean_std": 0.0,
      "true_positives": 1634.0,
      "true_positives_std": 0.0,
      "false_positives": 768.0,
      "false_positives_std": 0.0,
      "false_negatives": 232.0,
      "false_negatives_std": 0.0,
      "true_negatives": 16028.0,
      "true_negatives_std": 0.0,
      "n_rows": 18662.0,
      "n_rows_std": 0.0,
      "n_injected": 1866.0,
      "n_injected_std": 0.0,
      "n_predicted": 2402.0,
      "n_predicted_std": 0.0,
      "n_trials": 1
    },
    "best_candidate_id": "if__contamination_auto__max_features_0p75__max_samples_256__n_estimators_100__threshold_0p42",
    "best_threshold": 0.42000000000000004,
    "best_f1": 0.717591644480852,
    "best_hyperparameters": {
      "n_estimators": 100,
      "max_samples": 256,
      "max_features": 0.75,
      "contamination": "auto"
    },
    "best_metrics": {
      "threshold": 0.42000000000000004,
      "accuracy": 0.9261065266316579,
      "accuracy_std": 0.0,
      "precision": 0.5807093138879682,
      "precision_std": 0.0,
      "recall": 0.9389067524115756,
      "recall_std": 0.0,
      "tnr": 0.9246844486782567,
      "tnr_std": 0.0,
      "fpr": 0.07531555132174327,
      "fpr_std": 0.0,
      "fnr": 0.06109324758842444,
      "fnr_std": 0.0,
      "f1": 0.717591644480852,
      "f1_std": 0.0,
      "g_mean": 0.9317684651854184,
      "g_mean_std": 0.0,
      "true_positives": 1752.0,
      "true_positives_std": 0.0,
      "false_positives": 1265.0,
      "false_positives_std": 0.0,
      "false_negatives": 114.0,
      "false_negatives_std": 0.0,
      "true_negatives": 15531.0,
      "true_negatives_std": 0.0,
      "n_rows": 18662.0,
      "n_rows_std": 0.0,
      "n_injected": 1866.0,
      "n_injected_std": 0.0,
      "n_predicted": 3017.0,
      "n_predicted_std": 0.0,
      "n_trials": 1
    }
  },
  "new_products": {
    "row_count": 29065,
    "product_count": 2333,
    "train_row_count": 99162,
    "train_product_count": 9331,
    "current_candidate_id": "if__contamination_auto__max_features_0p75__max_samples_512__n_estimators_200__threshold_0p42",
    "current_threshold": 0.42000000000000004,
    "current_f1": 0.5994479151532761,
    "current_hyperparameters": {
      "n_estimators": 200,
      "max_samples": 512,
      "max_features": 0.75,
      "contamination": "auto"
    },
    "current_metrics": {
      "threshold": 0.42000000000000004,
      "accuracy": 0.9051436435575434,
      "accuracy_std": 0.0,
      "precision": 0.5187327131003269,
      "precision_std": 0.0,
      "recall": 0.7099105299380591,
      "recall_std": 0.0,
      "tnr": 0.9268320654459268,
      "tnr_std": 0.0,
      "fpr": 0.07316793455407317,
      "fpr_std": 0.0,
      "fnr": 0.2900894700619408,
      "fnr_std": 0.0,
      "f1": 0.5994479151532761,
      "f1_std": 0.0,
      "g_mean": 0.8111521699066728,
      "g_mean_std": 0.0,
      "true_positives": 2063.0,
      "true_positives_std": 0.0,
      "false_positives": 1914.0,
      "false_positives_std": 0.0,
      "false_negatives": 843.0,
      "false_negatives_std": 0.0,
      "true_negatives": 24245.0,
      "true_negatives_std": 0.0,
      "n_rows": 29065.0,
      "n_rows_std": 0.0,
      "n_injected": 2906.0,
      "n_injected_std": 0.0,
      "n_predicted": 3977.0,
      "n_predicted_std": 0.0,
      "n_trials": 1
    },
    "best_candidate_id": "if__contamination_auto__max_features_0p75__max_samples_256__n_estimators_100__threshold_0p42",
    "best_threshold": 0.42000000000000004,
    "best_f1": 0.5537641233972326,
    "best_hyperparameters": {
      "n_estimators": 100,
      "max_samples": 256,
      "max_features": 0.75,
      "contamination": "auto"
    },
    "best_metrics": {
      "threshold": 0.42000000000000004,
      "accuracy": 0.8790641665233099,
      "accuracy_std": 0.0,
      "precision": 0.4387447193723597,
      "precision_std": 0.0,
      "recall": 0.7505161734342739,
      "recall_std": 0.0,
      "tnr": 0.8933445468098934,
      "tnr_std": 0.0,
      "fpr": 0.10665545319010665,
      "fpr_std": 0.0,
      "fnr": 0.2494838265657261,
      "fnr_std": 0.0,
      "f1": 0.5537641233972326,
      "f1_std": 0.0,
      "g_mean": 0.8188220385591345,
      "g_mean_std": 0.0,
      "true_positives": 2181.0,
      "true_positives_std": 0.0,
      "false_positives": 2790.0,
      "false_positives_std": 0.0,
      "false_negatives": 725.0,
      "false_negatives_std": 0.0,
      "true_negatives": 23369.0,
      "true_negatives_std": 0.0,
      "n_rows": 29065.0,
      "n_rows_std": 0.0,
      "n_injected": 2906.0,
      "n_injected_std": 0.0,
      "n_predicted": 4971.0,
      "n_predicted_std": 0.0,
      "n_trials": 1
    }
  }
}
