{
  "new_prices": {
    "row_count": 73844,
    "product_count": 36922,
    "train_row_count": 507486,
    "train_product_count": 36922,
    "current_candidate_id": "if__contamination_auto__max_features_0p75__max_samples_512__n_estimators_200__threshold_0p42",
    "current_threshold": 0.42000000000000004,
    "current_f1": 0.7656994369857081,
    "current_hyperparameters": {
      "n_estimators": 200,
      "max_samples": 512,
      "max_features": 0.75,
      "contamination": "auto"
    },
    "current_metrics": {
      "threshold": 0.42000000000000004,
      "accuracy": 0.9487162125561995,
      "accuracy_std": 0.0,
      "precision": 0.7048638797129514,
      "precision_std": 0.0,
      "recall": 0.8380281690140845,
      "recall_std": 0.0,
      "tnr": 0.9610141438459223,
      "tnr_std": 0.0,
      "fpr": 0.03898585615407764,
      "fpr_std": 0.0,
      "fnr": 0.1619718309859155,
      "fnr_std": 0.0,
      "f1": 0.7656994369857081,
      "f1_std": 0.0,
      "g_mean": 0.8974168058175847,
      "g_mean_std": 0.0,
      "true_positives": 6188.0,
      "true_positives_std": 0.0,
      "false_positives": 2591.0,
      "false_positives_std": 0.0,
      "false_negatives": 1196.0,
      "false_negatives_std": 0.0,
      "true_negatives": 63869.0,
      "true_negatives_std": 0.0,
      "n_rows": 73844.0,
      "n_rows_std": 0.0,
      "n_injected": 7384.0,
      "n_injected_std": 0.0,
      "n_predicted": 8779.0,
      "n_predicted_std": 0.0,
      "n_trials": 1
    },
    "best_candidate_id": "if__contamination_auto__max_features_0p5__max_samples_256__n_estimators_100__threshold_0p36",
    "best_threshold": 0.36,
    "best_f1": 0.6631539681059405,
    "best_hyperparameters": {
      "n_estimators": 100,
      "max_samples": 256,
      "max_features": 0.5,
      "contamination": "auto"
    },
    "best_metrics": {
      "threshold": 0.36,
      "accuracy": 0.9021721466876117,
      "accuracy_std": 0.0,
      "precision": 0.505689091167686,
      "precision_std": 0.0,
      "recall": 0.9630281690140845,
      "recall_std": 0.0,
      "tnr": 0.8954107733975324,
      "tnr_std": 0.0,
      "fpr": 0.10458922660246765,
      "fpr_std": 0.0,
      "fnr": 0.03697183098591549,
      "fnr_std": 0.0,
      "f1": 0.6631539681059405,
      "f1_std": 0.0,
      "g_mean": 0.9286042201177588,
      "g_mean_std": 0.0,
      "true_positives": 7111.0,
      "true_positives_std": 0.0,
      "false_positives": 6951.0,
      "false_positives_std": 0.0,
      "false_negatives": 273.0,
      "false_negatives_std": 0.0,
      "true_negatives": 59509.0,
      "true_negatives_std": 0.0,
      "n_rows": 73844.0,
      "n_rows_std": 0.0,
      "n_injected": 7384.0,
      "n_injected_std": 0.0,
      "n_predicted": 14062.0,
      "n_predicted_std": 0.0,
      "n_trials": 1
    }
  },
  "new_products": {
    "row_count": 145415,
    "product_count": 9231,
    "train_row_count": 507486,
    "train_product_count": 36922,
    "current_candidate_id": "if__contamination_auto__max_features_0p75__max_samples_512__n_estimators_200__threshold_0p42",
    "current_threshold": 0.42000000000000004,
    "current_f1": 0.6156532393934752,
    "current_hyperparameters": {
      "n_estimators": 200,
      "max_samples": 512,
      "max_features": 0.75,
      "contamination": "auto"
    },
    "current_metrics": {
      "threshold": 0.42000000000000004,
      "accuracy": 0.9137159165148024,
      "accuracy_std": 0.0,
      "precision": 0.5550707026071586,
      "precision_std": 0.0,
      "recall": 0.6910803933704697,
      "recall_std": 0.0,
      "tnr": 0.9384522517841588,
      "tnr_std": 0.0,
      "fpr": 0.06154774821584119,
      "fpr_std": 0.0,
      "fnr": 0.3089196066295303,
      "fnr_std": 0.0,
      "f1": 0.6156532393934752,
      "f1_std": 0.0,
      "g_mean": 0.8053235072456283,
      "g_mean_std": 0.0,
      "true_positives": 10049.0,
      "true_positives_std": 0.0,
      "false_positives": 8055.0,
      "false_positives_std": 0.0,
      "false_negatives": 4492.0,
      "false_negatives_std": 0.0,
      "true_negatives": 122819.0,
      "true_negatives_std": 0.0,
      "n_rows": 145415.0,
      "n_rows_std": 0.0,
      "n_injected": 14541.0,
      "n_injected_std": 0.0,
      "n_predicted": 18104.0,
      "n_predicted_std": 0.0,
      "n_trials": 1
    },
    "best_candidate_id": "if__contamination_auto__max_features_0p5__max_samples_256__n_estimators_100__threshold_0p36",
    "best_threshold": 0.36,
    "best_f1": 0.5410142916914403,
    "best_hyperparameters": {
      "n_estimators": 100,
      "max_samples": 256,
      "max_features": 0.5,
      "contamination": "auto"
    },
    "best_metrics": {
      "threshold": 0.36,
      "accuracy": 0.8566654059072311,
      "accuracy_std": 0.0,
      "precision": 0.39792678976352447,
      "precision_std": 0.0,
      "recall": 0.8447837150127226,
      "recall_std": 0.0,
      "tnr": 0.857985543347036,
      "tnr_std": 0.0,
      "fpr": 0.14201445665296392,
      "fpr_std": 0.0,
      "fnr": 0.15521628498727735,
      "fnr_std": 0.0,
      "f1": 0.5410142916914403,
      "f1_std": 0.0,
      "g_mean": 0.8513590398509424,
      "g_mean_std": 0.0,
      "true_positives": 12284.0,
      "true_positives_std": 0.0,
      "false_positives": 18586.0,
      "false_positives_std": 0.0,
      "false_negatives": 2257.0,
      "false_negatives_std": 0.0,
      "true_negatives": 112288.0,
      "true_negatives_std": 0.0,
      "n_rows": 145415.0,
      "n_rows_std": 0.0,
      "n_injected": 14541.0,
      "n_injected_std": 0.0,
      "n_predicted": 30870.0,
      "n_predicted_std": 0.0,
      "n_trials": 1
    }
  }
}
