{
  "new_prices": {
    "row_count": 1611276,
    "product_count": 805638,
    "train_row_count": 10793443,
    "train_product_count": 805638,
    "current_candidate_id": "eif__max_features_0p5__max_samples_256__n_estimators_100__threshold_0p2",
    "current_threshold": 0.2,
    "current_f1": 0.23889636131118555,
    "current_hyperparameters": {
      "n_estimators": 100,
      "max_samples": 256,
      "max_features": 0.5
    },
    "current_metrics": {
      "threshold": 0.2,
      "accuracy": 0.8001738994436707,
      "accuracy_std": 0.0,
      "precision": 0.19293268680080944,
      "precision_std": 0.0,
      "recall": 0.3136097612442359,
      "recall_std": 0.0,
      "tnr": 0.8542363577811659,
      "tnr_std": 0.0,
      "fpr": 0.14576364221883406,
      "fpr_std": 0.0,
      "fnr": 0.6863902387557641,
      "fnr_std": 0.0,
      "f1": 0.23889636131118555,
      "f1_std": 0.0,
      "g_mean": 0.5175875386926323,
      "g_mean_std": 0.0,
      "true_positives": 50531.0,
      "true_positives_std": 0.0,
      "false_positives": 211379.0,
      "false_positives_std": 0.0,
      "false_negatives": 110596.0,
      "false_negatives_std": 0.0,
      "true_negatives": 1238770.0,
      "true_negatives_std": 0.0,
      "n_rows": 1611276.0,
      "n_rows_std": 0.0,
      "n_injected": 161127.0,
      "n_injected_std": 0.0,
      "n_predicted": 261910.0,
      "n_predicted_std": 0.0,
      "n_trials": 1
    },
    "best_candidate_id": "eif__max_features_0p5__max_samples_256__n_estimators_100__threshold_0p2",
    "best_threshold": 0.2,
    "best_f1": 0.23889636131118555,
    "best_hyperparameters": {
      "n_estimators": 100,
      "max_samples": 256,
      "max_features": 0.5
    },
    "best_metrics": {
      "threshold": 0.2,
      "accuracy": 0.8001738994436707,
      "accuracy_std": 0.0,
      "precision": 0.19293268680080944,
      "precision_std": 0.0,
      "recall": 0.3136097612442359,
      "recall_std": 0.0,
      "tnr": 0.8542363577811659,
      "tnr_std": 0.0,
      "fpr": 0.14576364221883406,
      "fpr_std": 0.0,
      "fnr": 0.6863902387557641,
      "fnr_std": 0.0,
      "f1": 0.23889636131118555,
      "f1_std": 0.0,
      "g_mean": 0.5175875386926323,
      "g_mean_std": 0.0,
      "true_positives": 50531.0,
      "true_positives_std": 0.0,
      "false_positives": 211379.0,
      "false_positives_std": 0.0,
      "false_negatives": 110596.0,
      "false_negatives_std": 0.0,
      "true_negatives": 1238770.0,
      "true_negatives_std": 0.0,
      "n_rows": 1611276.0,
      "n_rows_std": 0.0,
      "n_injected": 161127.0,
      "n_injected_std": 0.0,
      "n_predicted": 261910.0,
      "n_predicted_std": 0.0,
      "n_trials": 1
    }
  },
  "new_products": {
    "row_count": 3094909,
    "product_count": 201410,
    "train_row_count": 10793443,
    "train_product_count": 805638,
    "current_candidate_id": "eif__max_features_0p5__max_samples_256__n_estimators_100__threshold_0p2",
    "current_threshold": 0.2,
    "current_f1": 0.1721683397191895,
    "current_hyperparameters": {
      "n_estimators": 100,
      "max_samples": 256,
      "max_features": 0.5
    },
    "current_metrics": {
      "threshold": 0.2,
      "accuracy": 0.7226409564869274,
      "accuracy_std": 0.0,
      "precision": 0.12270890812537719,
      "precision_std": 0.0,
      "recall": 0.28841965814727455,
      "recall_std": 0.0,
      "tnr": 0.7708876115227189,
      "tnr_std": 0.0,
      "fpr": 0.22911238847728116,
      "fpr_std": 0.0,
      "fnr": 0.7115803418527255,
      "fnr_std": 0.0,
      "f1": 0.1721683397191895,
      "f1_std": 0.0,
      "g_mean": 0.47152851598323464,
      "g_mean_std": 0.0,
      "true_positives": 89263.0,
      "true_positives_std": 0.0,
      "false_positives": 638174.0,
      "false_positives_std": 0.0,
      "false_negatives": 220227.0,
      "false_negatives_std": 0.0,
      "true_negatives": 2147245.0,
      "true_negatives_std": 0.0,
      "n_rows": 3094909.0,
      "n_rows_std": 0.0,
      "n_injected": 309490.0,
      "n_injected_std": 0.0,
      "n_predicted": 727437.0,
      "n_predicted_std": 0.0,
      "n_trials": 1
    },
    "best_candidate_id": "eif__max_features_0p5__max_samples_256__n_estimators_100__threshold_0p2",
    "best_threshold": 0.2,
    "best_f1": 0.1721683397191895,
    "best_hyperparameters": {
      "n_estimators": 100,
      "max_samples": 256,
      "max_features": 0.5
    },
    "best_metrics": {
      "threshold": 0.2,
      "accuracy": 0.7226409564869274,
      "accuracy_std": 0.0,
      "precision": 0.12270890812537719,
      "precision_std": 0.0,
      "recall": 0.28841965814727455,
      "recall_std": 0.0,
      "tnr": 0.7708876115227189,
      "tnr_std": 0.0,
      "fpr": 0.22911238847728116,
      "fpr_std": 0.0,
      "fnr": 0.7115803418527255,
      "fnr_std": 0.0,
      "f1": 0.1721683397191895,
      "f1_std": 0.0,
      "g_mean": 0.47152851598323464,
      "g_mean_std": 0.0,
      "true_positives": 89263.0,
      "true_positives_std": 0.0,
      "false_positives": 638174.0,
      "false_positives_std": 0.0,
      "false_negatives": 220227.0,
      "false_negatives_std": 0.0,
      "true_negatives": 2147245.0,
      "true_negatives_std": 0.0,
      "n_rows": 3094909.0,
      "n_rows_std": 0.0,
      "n_injected": 309490.0,
      "n_injected_std": 0.0,
      "n_predicted": 727437.0,
      "n_predicted_std": 0.0,
      "n_trials": 1
    }
  }
}
