{
  "new_prices": {
    "row_count": 104126,
    "product_count": 52063,
    "train_row_count": 836863,
    "train_product_count": 52063,
    "current_candidate_id": "if__contamination_auto__max_features_0p75__max_samples_512__n_estimators_200__threshold_0p42",
    "current_threshold": 0.42000000000000004,
    "current_f1": 0.7037479534492677,
    "current_hyperparameters": {
      "n_estimators": 200,
      "max_samples": 512,
      "max_features": 0.75,
      "contamination": "auto"
    },
    "current_metrics": {
      "threshold": 0.42000000000000004,
      "accuracy": 0.9357028984115399,
      "accuracy_std": 0.0,
      "precision": 0.652498564043653,
      "precision_std": 0.0,
      "recall": 0.7637341529004994,
      "recall_std": 0.0,
      "tnr": 0.9548093134430288,
      "tnr_std": 0.0,
      "fpr": 0.04519068655697121,
      "fpr_std": 0.0,
      "fnr": 0.23626584709950058,
      "fnr_std": 0.0,
      "f1": 0.7037479534492677,
      "f1_std": 0.0,
      "g_mean": 0.8539440743889022,
      "g_mean_std": 0.0,
      "true_positives": 7952.0,
      "true_positives_std": 0.0,
      "false_positives": 4235.0,
      "false_positives_std": 0.0,
      "false_negatives": 2460.0,
      "false_negatives_std": 0.0,
      "true_negatives": 89479.0,
      "true_negatives_std": 0.0,
      "n_rows": 104126.0,
      "n_rows_std": 0.0,
      "n_injected": 10412.0,
      "n_injected_std": 0.0,
      "n_predicted": 12187.0,
      "n_predicted_std": 0.0,
      "n_trials": 1
    },
    "best_candidate_id": "if__contamination_auto__max_features_0p75__max_samples_256__n_estimators_200__threshold_0p36",
    "best_threshold": 0.36,
    "best_f1": 0.6507963231085222,
    "best_hyperparameters": {
      "n_estimators": 200,
      "max_samples": 256,
      "max_features": 0.75,
      "contamination": "auto"
    },
    "best_metrics": {
      "threshold": 0.36,
      "accuracy": 0.9003995159710351,
      "accuracy_std": 0.0,
      "precision": 0.5010628921034894,
      "precision_std": 0.0,
      "recall": 0.9281598155973876,
      "recall_std": 0.0,
      "tnr": 0.8973152357171821,
      "tnr_std": 0.0,
      "fpr": 0.10268476428281793,
      "fpr_std": 0.0,
      "fnr": 0.07184018440261238,
      "fnr_std": 0.0,
      "f1": 0.6507963231085222,
      "f1_std": 0.0,
      "g_mean": 0.9126072231338004,
      "g_mean_std": 0.0,
      "true_positives": 9664.0,
      "true_positives_std": 0.0,
      "false_positives": 9623.0,
      "false_positives_std": 0.0,
      "false_negatives": 748.0,
      "false_negatives_std": 0.0,
      "true_negatives": 84091.0,
      "true_negatives_std": 0.0,
      "n_rows": 104126.0,
      "n_rows_std": 0.0,
      "n_injected": 10412.0,
      "n_injected_std": 0.0,
      "n_predicted": 19287.0,
      "n_predicted_std": 0.0,
      "n_trials": 1
    }
  },
  "new_products": {
    "row_count": 235527,
    "product_count": 13016,
    "train_row_count": 836863,
    "train_product_count": 52063,
    "current_candidate_id": "if__contamination_auto__max_features_0p75__max_samples_512__n_estimators_200__threshold_0p42",
    "current_threshold": 0.42000000000000004,
    "current_f1": 0.5782922763474718,
    "current_hyperparameters": {
      "n_estimators": 200,
      "max_samples": 512,
      "max_features": 0.75,
      "contamination": "auto"
    },
    "current_metrics": {
      "threshold": 0.42000000000000004,
      "accuracy": 0.9033316774722219,
      "accuracy_std": 0.0,
      "precision": 0.5128786385439253,
      "precision_std": 0.0,
      "recall": 0.6628311820652174,
      "recall_std": 0.0,
      "tnr": 0.9300530722962613,
      "tnr_std": 0.0,
      "fpr": 0.06994692770373864,
      "fpr_std": 0.0,
      "fnr": 0.3371688179347826,
      "fnr_std": 0.0,
      "f1": 0.5782922763474718,
      "f1_std": 0.0,
      "g_mean": 0.7851548747180508,
      "g_mean_std": 0.0,
      "true_positives": 15611.0,
      "true_positives_std": 0.0,
      "false_positives": 14827.0,
      "false_positives_std": 0.0,
      "false_negatives": 7941.0,
      "false_negatives_std": 0.0,
      "true_negatives": 197148.0,
      "true_negatives_std": 0.0,
      "n_rows": 235527.0,
      "n_rows_std": 0.0,
      "n_injected": 23552.0,
      "n_injected_std": 0.0,
      "n_predicted": 30438.0,
      "n_predicted_std": 0.0,
      "n_trials": 1
    },
    "best_candidate_id": "if__contamination_auto__max_features_0p75__max_samples_256__n_estimators_200__threshold_0p36",
    "best_threshold": 0.36,
    "best_f1": 0.542646716348393,
    "best_hyperparameters": {
      "n_estimators": 200,
      "max_samples": 256,
      "max_features": 0.75,
      "contamination": "auto"
    },
    "best_metrics": {
      "threshold": 0.36,
      "accuracy": 0.8665885439885873,
      "accuracy_std": 0.0,
      "precision": 0.41284992912827784,
      "precision_std": 0.0,
      "recall": 0.7914826766304348,
      "recall_std": 0.0,
      "tnr": 0.874933364783583,
      "tnr_std": 0.0,
      "fpr": 0.12506663521641703,
      "fpr_std": 0.0,
      "fnr": 0.20851732336956522,
      "fnr_std": 0.0,
      "f1": 0.542646716348393,
      "f1_std": 0.0,
      "g_mean": 0.8321626051633075,
      "g_mean_std": 0.0,
      "true_positives": 18641.0,
      "true_positives_std": 0.0,
      "false_positives": 26511.0,
      "false_positives_std": 0.0,
      "false_negatives": 4911.0,
      "false_negatives_std": 0.0,
      "true_negatives": 185464.0,
      "true_negatives_std": 0.0,
      "n_rows": 235527.0,
      "n_rows_std": 0.0,
      "n_injected": 23552.0,
      "n_injected_std": 0.0,
      "n_predicted": 45152.0,
      "n_predicted_std": 0.0,
      "n_trials": 1
    }
  }
}
