{
  "new_prices": {
    "row_count": 497970,
    "product_count": 248985,
    "train_row_count": 2757482,
    "train_product_count": 248985,
    "current_candidate_id": "rrcf__num_trees_40__tree_size_256__warmup_samples_32__threshold_0p8",
    "current_threshold": 0.8,
    "current_f1": 0.1110166741357729,
    "current_hyperparameters": {
      "num_trees": 40,
      "tree_size": 256,
      "warmup_samples": 32
    },
    "current_metrics": {
      "threshold": 0.8,
      "accuracy": 0.8844769765246903,
      "accuracy_std": 0.0,
      "precision": 0.24084752581467078,
      "precision_std": 0.0,
      "recall": 0.07213285940920136,
      "recall_std": 0.0,
      "tnr": 0.9747374339819668,
      "tnr_std": 0.0,
      "fpr": 0.025262566018033214,
      "fpr_std": 0.0,
      "fnr": 0.9278671405907987,
      "fnr_std": 0.0,
      "f1": 0.1110166741357729,
      "f1_std": 0.0,
      "g_mean": 0.2651614570149796,
      "g_mean_std": 0.0,
      "true_positives": 3592.0,
      "true_positives_std": 0.0,
      "false_positives": 11322.0,
      "false_positives_std": 0.0,
      "false_negatives": 46205.0,
      "false_negatives_std": 0.0,
      "true_negatives": 436851.0,
      "true_negatives_std": 0.0,
      "n_rows": 497970.0,
      "n_rows_std": 0.0,
      "n_injected": 49797.0,
      "n_injected_std": 0.0,
      "n_predicted": 14914.0,
      "n_predicted_std": 0.0,
      "n_trials": 1
    },
    "best_candidate_id": "rrcf__num_trees_80__tree_size_128__warmup_samples_32__threshold_0p73",
    "best_threshold": 0.7250000000000001,
    "best_f1": 0.25417707336430057,
    "best_hyperparameters": {
      "num_trees": 80,
      "tree_size": 128,
      "warmup_samples": 32
    },
    "best_metrics": {
      "threshold": 0.7250000000000001,
      "accuracy": 0.6791794686426893,
      "accuracy_std": 0.0,
      "precision": 0.16558196681426696,
      "precision_std": 0.0,
      "recall": 0.5466795188465169,
      "recall_std": 0.0,
      "tnr": 0.6939016852867085,
      "tnr_std": 0.0,
      "fpr": 0.3060983147132915,
      "fpr_std": 0.0,
      "fnr": 0.45332048115348317,
      "fnr_std": 0.0,
      "f1": 0.25417707336430057,
      "f1_std": 0.0,
      "g_mean": 0.6159073302367207,
      "g_mean_std": 0.0,
      "true_positives": 27223.0,
      "true_positives_std": 0.0,
      "false_positives": 137185.0,
      "false_positives_std": 0.0,
      "false_negatives": 22574.0,
      "false_negatives_std": 0.0,
      "true_negatives": 310988.0,
      "true_negatives_std": 0.0,
      "n_rows": 497970.0,
      "n_rows_std": 0.0,
      "n_injected": 49797.0,
      "n_injected_std": 0.0,
      "n_predicted": 164408.0,
      "n_predicted_std": 0.0,
      "n_trials": 1
    }
  },
  "new_products": {
    "row_count": 815693,
    "product_count": 62247,
    "train_row_count": 2757482,
    "train_product_count": 248985,
    "current_candidate_id": "rrcf__num_trees_40__tree_size_256__warmup_samples_32__threshold_0p8",
    "current_threshold": 0.8,
    "current_f1": 0.20495796234819735,
    "current_hyperparameters": {
      "num_trees": 40,
      "tree_size": 256,
      "warmup_samples": 32
    },
    "current_metrics": {
      "threshold": 0.8,
      "accuracy": 0.8153239024976309,
      "accuracy_std": 0.0,
      "precision": 0.17994698991696323,
      "precision_std": 0.0,
      "recall": 0.23804386470350256,
      "recall_std": 0.0,
      "tnr": 0.8794658668017937,
      "tnr_std": 0.0,
      "fpr": 0.1205341331982063,
      "fpr_std": 0.0,
      "fnr": 0.7619561352964974,
      "fnr_std": 0.0,
      "f1": 0.20495796234819735,
      "f1_std": 0.0,
      "g_mean": 0.45754940040209297,
      "g_mean_std": 0.0,
      "true_positives": 19417.0,
      "true_positives_std": 0.0,
      "false_positives": 88487.0,
      "false_positives_std": 0.0,
      "false_negatives": 62152.0,
      "false_negatives_std": 0.0,
      "true_negatives": 645637.0,
      "true_negatives_std": 0.0,
      "n_rows": 815693.0,
      "n_rows_std": 0.0,
      "n_injected": 81569.0,
      "n_injected_std": 0.0,
      "n_predicted": 107904.0,
      "n_predicted_std": 0.0,
      "n_trials": 1
    },
    "best_candidate_id": "rrcf__num_trees_80__tree_size_128__warmup_samples_32__threshold_0p73",
    "best_threshold": 0.7250000000000001,
    "best_f1": 0.17803097555766553,
    "best_hyperparameters": {
      "num_trees": 80,
      "tree_size": 128,
      "warmup_samples": 32
    },
    "best_metrics": {
      "threshold": 0.7250000000000001,
      "accuracy": 0.6083808491675177,
      "accuracy_std": 0.0,
      "precision": 0.11266202045202892,
      "precision_std": 0.0,
      "recall": 0.4241071975873187,
      "recall_std": 0.0,
      "tnr": 0.6288556156725567,
      "tnr_std": 0.0,
      "fpr": 0.37114438432744334,
      "fpr_std": 0.0,
      "fnr": 0.5758928024126813,
      "fnr_std": 0.0,
      "f1": 0.17803097555766553,
      "f1_std": 0.0,
      "g_mean": 0.5164321764277822,
      "g_mean_std": 0.0,
      "true_positives": 34594.0,
      "true_positives_std": 0.0,
      "false_positives": 272466.0,
      "false_positives_std": 0.0,
      "false_negatives": 46975.0,
      "false_negatives_std": 0.0,
      "true_negatives": 461658.0,
      "true_negatives_std": 0.0,
      "n_rows": 815693.0,
      "n_rows_std": 0.0,
      "n_injected": 81569.0,
      "n_injected_std": 0.0,
      "n_predicted": 307060.0,
      "n_predicted_std": 0.0,
      "n_trials": 1
    }
  }
}
