{
  "new_prices": {
    "row_count": 45050,
    "product_count": 22525,
    "train_row_count": 720717,
    "train_product_count": 22525,
    "current_candidate_id": "if__contamination_auto__max_features_0p75__max_samples_512__n_estimators_200__threshold_0p42",
    "current_threshold": 0.42000000000000004,
    "current_f1": 0.7986117997025286,
    "current_hyperparameters": {
      "n_estimators": 200,
      "max_samples": 512,
      "max_features": 0.75,
      "contamination": "auto"
    },
    "current_metrics": {
      "threshold": 0.42000000000000004,
      "accuracy": 0.9549167591564928,
      "accuracy_std": 0.0,
      "precision": 0.7216845878136201,
      "precision_std": 0.0,
      "recall": 0.8938956714761376,
      "recall_std": 0.0,
      "tnr": 0.9616968800098655,
      "tnr_std": 0.0,
      "fpr": 0.038303119990134415,
      "fpr_std": 0.0,
      "fnr": 0.10610432852386238,
      "fnr_std": 0.0,
      "f1": 0.7986117997025286,
      "f1_std": 0.0,
      "g_mean": 0.9271767244236264,
      "g_mean_std": 0.0,
      "true_positives": 4027.0,
      "true_positives_std": 0.0,
      "false_positives": 1553.0,
      "false_positives_std": 0.0,
      "false_negatives": 478.0,
      "false_negatives_std": 0.0,
      "true_negatives": 38992.0,
      "true_negatives_std": 0.0,
      "n_rows": 45050.0,
      "n_rows_std": 0.0,
      "n_injected": 4505.0,
      "n_injected_std": 0.0,
      "n_predicted": 5580.0,
      "n_predicted_std": 0.0,
      "n_trials": 1
    },
    "best_candidate_id": "if__contamination_auto__max_features_0p75__max_samples_512__n_estimators_100__threshold_0p36",
    "best_threshold": 0.36,
    "best_f1": 0.7780055253542464,
    "best_hyperparameters": {
      "n_estimators": 100,
      "max_samples": 512,
      "max_features": 0.75,
      "contamination": "auto"
    },
    "best_metrics": {
      "threshold": 0.36,
      "accuracy": 0.9447058823529412,
      "accuracy_std": 0.0,
      "precision": 0.6499404407385349,
      "precision_std": 0.0,
      "recall": 0.9689234184239733,
      "recall_std": 0.0,
      "tnr": 0.9420150450117154,
      "tnr_std": 0.0,
      "fpr": 0.05798495498828462,
      "fpr_std": 0.0,
      "fnr": 0.03107658157602664,
      "fnr_std": 0.0,
      "f1": 0.7780055253542464,
      "f1_std": 0.0,
      "g_mean": 0.9553745012399925,
      "g_mean_std": 0.0,
      "true_positives": 4365.0,
      "true_positives_std": 0.0,
      "false_positives": 2351.0,
      "false_positives_std": 0.0,
      "false_negatives": 140.0,
      "false_negatives_std": 0.0,
      "true_negatives": 38194.0,
      "true_negatives_std": 0.0,
      "n_rows": 45050.0,
      "n_rows_std": 0.0,
      "n_injected": 4505.0,
      "n_injected_std": 0.0,
      "n_predicted": 6716.0,
      "n_predicted_std": 0.0,
      "n_trials": 1
    }
  },
  "new_products": {
    "row_count": 191740,
    "product_count": 5632,
    "train_row_count": 720717,
    "train_product_count": 22525,
    "current_candidate_id": "if__contamination_auto__max_features_0p75__max_samples_512__n_estimators_200__threshold_0p42",
    "current_threshold": 0.42000000000000004,
    "current_f1": 0.5848012456150224,
    "current_hyperparameters": {
      "n_estimators": 200,
      "max_samples": 512,
      "max_features": 0.75,
      "contamination": "auto"
    },
    "current_metrics": {
      "threshold": 0.42000000000000004,
      "accuracy": 0.8845676436841556,
      "accuracy_std": 0.0,
      "precision": 0.45665485014502094,
      "precision_std": 0.0,
      "recall": 0.8129237509126943,
      "recall_std": 0.0,
      "tnr": 0.892528076214318,
      "tnr_std": 0.0,
      "fpr": 0.107471923785682,
      "fpr_std": 0.0,
      "fnr": 0.18707624908730572,
      "fnr_std": 0.0,
      "f1": 0.5848012456150224,
      "f1_std": 0.0,
      "g_mean": 0.851796496536018,
      "g_mean_std": 0.0,
      "true_positives": 15587.0,
      "true_positives_std": 0.0,
      "false_positives": 18546.0,
      "false_positives_std": 0.0,
      "false_negatives": 3587.0,
      "false_negatives_std": 0.0,
      "true_negatives": 154020.0,
      "true_negatives_std": 0.0,
      "n_rows": 191740.0,
      "n_rows_std": 0.0,
      "n_injected": 19174.0,
      "n_injected_std": 0.0,
      "n_predicted": 34133.0,
      "n_predicted_std": 0.0,
      "n_trials": 1
    },
    "best_candidate_id": "if__contamination_auto__max_features_0p75__max_samples_512__n_estimators_100__threshold_0p36",
    "best_threshold": 0.36,
    "best_f1": 0.5817722728358413,
    "best_hyperparameters": {
      "n_estimators": 100,
      "max_samples": 512,
      "max_features": 0.75,
      "contamination": "auto"
    },
    "best_metrics": {
      "threshold": 0.36,
      "accuracy": 0.8721497861687703,
      "accuracy_std": 0.0,
      "precision": 0.43230223123732253,
      "precision_std": 0.0,
      "recall": 0.8892249921769062,
      "recall_std": 0.0,
      "tnr": 0.8702525410567551,
      "tnr_std": 0.0,
      "fpr": 0.1297474589432449,
      "fpr_std": 0.0,
      "fnr": 0.11077500782309377,
      "fnr_std": 0.0,
      "f1": 0.5817722728358413,
      "f1_std": 0.0,
      "g_mean": 0.8796876201317863,
      "g_mean_std": 0.0,
      "true_positives": 17050.0,
      "true_positives_std": 0.0,
      "false_positives": 22390.0,
      "false_positives_std": 0.0,
      "false_negatives": 2124.0,
      "false_negatives_std": 0.0,
      "true_negatives": 150176.0,
      "true_negatives_std": 0.0,
      "n_rows": 191740.0,
      "n_rows_std": 0.0,
      "n_injected": 19174.0,
      "n_injected_std": 0.0,
      "n_predicted": 39440.0,
      "n_predicted_std": 0.0,
      "n_trials": 1
    }
  }
}
