{
  "new_prices": {
    "row_count": 104688,
    "product_count": 52344,
    "train_row_count": 974118,
    "train_product_count": 52344,
    "current_candidate_id": "rrcf__num_trees_40__tree_size_256__warmup_samples_32__threshold_0p8",
    "current_threshold": 0.8,
    "current_f1": 0.2885297595585337,
    "current_hyperparameters": {
      "num_trees": 40,
      "tree_size": 256,
      "warmup_samples": 32
    },
    "current_metrics": {
      "threshold": 0.8,
      "accuracy": 0.8275829130368333,
      "accuracy_std": 0.0,
      "precision": 0.2456046168299557,
      "precision_std": 0.0,
      "recall": 0.3496369889186091,
      "recall_std": 0.0,
      "tnr": 0.8806835066864784,
      "tnr_std": 0.0,
      "fpr": 0.11931649331352155,
      "fpr_std": 0.0,
      "fnr": 0.6503630110813909,
      "fnr_std": 0.0,
      "f1": 0.2885297595585337,
      "f1_std": 0.0,
      "g_mean": 0.5549049733676407,
      "g_mean_std": 0.0,
      "true_positives": 3660.0,
      "true_positives_std": 0.0,
      "false_positives": 11242.0,
      "false_positives_std": 0.0,
      "false_negatives": 6808.0,
      "false_negatives_std": 0.0,
      "true_negatives": 82978.0,
      "true_negatives_std": 0.0,
      "n_rows": 104688.0,
      "n_rows_std": 0.0,
      "n_injected": 10468.0,
      "n_injected_std": 0.0,
      "n_predicted": 14902.0,
      "n_predicted_std": 0.0,
      "n_trials": 1
    },
    "best_candidate_id": "rrcf__num_trees_80__tree_size_128__warmup_samples_32__threshold_0p73",
    "best_threshold": 0.7250000000000001,
    "best_f1": 0.2510505921519402,
    "best_hyperparameters": {
      "num_trees": 80,
      "tree_size": 128,
      "warmup_samples": 32
    },
    "best_metrics": {
      "threshold": 0.7250000000000001,
      "accuracy": 0.6067457588262265,
      "accuracy_std": 0.0,
      "precision": 0.15505269544504618,
      "precision_std": 0.0,
      "recall": 0.6591517004203287,
      "recall_std": 0.0,
      "tnr": 0.6009233708342178,
      "tnr_std": 0.0,
      "fpr": 0.39907662916578224,
      "fpr_std": 0.0,
      "fnr": 0.3408482995796714,
      "fnr_std": 0.0,
      "f1": 0.2510505921519402,
      "f1_std": 0.0,
      "g_mean": 0.6293644903453725,
      "g_mean_std": 0.0,
      "true_positives": 6900.0,
      "true_positives_std": 0.0,
      "false_positives": 37601.0,
      "false_positives_std": 0.0,
      "false_negatives": 3568.0,
      "false_negatives_std": 0.0,
      "true_negatives": 56619.0,
      "true_negatives_std": 0.0,
      "n_rows": 104688.0,
      "n_rows_std": 0.0,
      "n_injected": 10468.0,
      "n_injected_std": 0.0,
      "n_predicted": 44501.0,
      "n_predicted_std": 0.0,
      "n_trials": 1
    }
  },
  "new_products": {
    "row_count": 268950,
    "product_count": 13087,
    "train_row_count": 974118,
    "train_product_count": 52344,
    "current_candidate_id": "rrcf__num_trees_40__tree_size_256__warmup_samples_32__threshold_0p8",
    "current_threshold": 0.8,
    "current_f1": 0.2699929780759928,
    "current_hyperparameters": {
      "num_trees": 40,
      "tree_size": 256,
      "warmup_samples": 32
    },
    "current_metrics": {
      "threshold": 0.8,
      "accuracy": 0.860844023052612,
      "accuracy_std": 0.0,
      "precision": 0.28396176096500225,
      "precision_std": 0.0,
      "recall": 0.2573340769659788,
      "recall_std": 0.0,
      "tnr": 0.9279006837289046,
      "tnr_std": 0.0,
      "fpr": 0.0720993162710954,
      "fpr_std": 0.0,
      "fnr": 0.7426659230340212,
      "fnr_std": 0.0,
      "f1": 0.2699929780759928,
      "f1_std": 0.0,
      "g_mean": 0.48865168163373623,
      "g_mean_std": 0.0,
      "true_positives": 6921.0,
      "true_positives_std": 0.0,
      "false_positives": 17452.0,
      "false_positives_std": 0.0,
      "false_negatives": 19974.0,
      "false_negatives_std": 0.0,
      "true_negatives": 224603.0,
      "true_negatives_std": 0.0,
      "n_rows": 268950.0,
      "n_rows_std": 0.0,
      "n_injected": 26895.0,
      "n_injected_std": 0.0,
      "n_predicted": 24373.0,
      "n_predicted_std": 0.0,
      "n_trials": 1
    },
    "best_candidate_id": "rrcf__num_trees_80__tree_size_128__warmup_samples_32__threshold_0p73",
    "best_threshold": 0.7250000000000001,
    "best_f1": 0.24839504178947797,
    "best_hyperparameters": {
      "num_trees": 80,
      "tree_size": 128,
      "warmup_samples": 32
    },
    "best_metrics": {
      "threshold": 0.7250000000000001,
      "accuracy": 0.7231455660903514,
      "accuracy_std": 0.0,
      "precision": 0.1704792650991368,
      "precision_std": 0.0,
      "recall": 0.4574828034950734,
      "recall_std": 0.0,
      "tnr": 0.75266365082316,
      "tnr_std": 0.0,
      "fpr": 0.24733634917683997,
      "fpr_std": 0.0,
      "fnr": 0.5425171965049266,
      "fnr_std": 0.0,
      "f1": 0.24839504178947797,
      "f1_std": 0.0,
      "g_mean": 0.5867969640918538,
      "g_mean_std": 0.0,
      "true_positives": 12304.0,
      "true_positives_std": 0.0,
      "false_positives": 59869.0,
      "false_positives_std": 0.0,
      "false_negatives": 14591.0,
      "false_negatives_std": 0.0,
      "true_negatives": 182186.0,
      "true_negatives_std": 0.0,
      "n_rows": 268950.0,
      "n_rows_std": 0.0,
      "n_injected": 26895.0,
      "n_injected_std": 0.0,
      "n_predicted": 72173.0,
      "n_predicted_std": 0.0,
      "n_trials": 1
    }
  }
}
