{
  "new_prices": {
    "row_count": 38936,
    "product_count": 19468,
    "train_row_count": 622159,
    "train_product_count": 19468,
    "current_candidate_id": "if__contamination_auto__max_features_0p75__max_samples_512__n_estimators_200__threshold_0p42",
    "current_threshold": 0.42000000000000004,
    "current_f1": 0.7228942159665714,
    "current_hyperparameters": {
      "n_estimators": 200,
      "max_samples": 512,
      "max_features": 0.75,
      "contamination": "auto"
    },
    "current_metrics": {
      "threshold": 0.42000000000000004,
      "accuracy": 0.9352784055886583,
      "accuracy_std": 0.0,
      "precision": 0.6319938473370506,
      "precision_std": 0.0,
      "recall": 0.8443359876701773,
      "recall_std": 0.0,
      "tnr": 0.9453813885797449,
      "tnr_std": 0.0,
      "fpr": 0.05461861142025511,
      "fpr_std": 0.0,
      "fnr": 0.15566401232982277,
      "fnr_std": 0.0,
      "f1": 0.7228942159665714,
      "f1_std": 0.0,
      "g_mean": 0.8934313227391809,
      "g_mean_std": 0.0,
      "true_positives": 3287.0,
      "true_positives_std": 0.0,
      "false_positives": 1914.0,
      "false_positives_std": 0.0,
      "false_negatives": 606.0,
      "false_negatives_std": 0.0,
      "true_negatives": 33129.0,
      "true_negatives_std": 0.0,
      "n_rows": 38936.0,
      "n_rows_std": 0.0,
      "n_injected": 3893.0,
      "n_injected_std": 0.0,
      "n_predicted": 5201.0,
      "n_predicted_std": 0.0,
      "n_trials": 1
    },
    "best_candidate_id": "if__contamination_auto__max_features_0p75__max_samples_512__n_estimators_100__threshold_0p36",
    "best_threshold": 0.36,
    "best_f1": 0.6619429423829946,
    "best_hyperparameters": {
      "n_estimators": 100,
      "max_samples": 512,
      "max_features": 0.75,
      "contamination": "auto"
    },
    "best_metrics": {
      "threshold": 0.36,
      "accuracy": 0.9068728169303473,
      "accuracy_std": 0.0,
      "precision": 0.5195375384165081,
      "precision_std": 0.0,
      "recall": 0.9118931415360905,
      "recall_std": 0.0,
      "tnr": 0.906315098593157,
      "tnr_std": 0.0,
      "fpr": 0.09368490140684302,
      "fpr_std": 0.0,
      "fnr": 0.08810685846390959,
      "fnr_std": 0.0,
      "f1": 0.6619429423829946,
      "f1_std": 0.0,
      "g_mean": 0.9090998418643056,
      "g_mean_std": 0.0,
      "true_positives": 3550.0,
      "true_positives_std": 0.0,
      "false_positives": 3283.0,
      "false_positives_std": 0.0,
      "false_negatives": 343.0,
      "false_negatives_std": 0.0,
      "true_negatives": 31760.0,
      "true_negatives_std": 0.0,
      "n_rows": 38936.0,
      "n_rows_std": 0.0,
      "n_injected": 3893.0,
      "n_injected_std": 0.0,
      "n_predicted": 6833.0,
      "n_predicted_std": 0.0,
      "n_trials": 1
    }
  },
  "new_products": {
    "row_count": 165168,
    "product_count": 4867,
    "train_row_count": 622159,
    "train_product_count": 19468,
    "current_candidate_id": "if__contamination_auto__max_features_0p75__max_samples_512__n_estimators_200__threshold_0p42",
    "current_threshold": 0.42000000000000004,
    "current_f1": 0.5709632694381479,
    "current_hyperparameters": {
      "n_estimators": 200,
      "max_samples": 512,
      "max_features": 0.75,
      "contamination": "auto"
    },
    "current_metrics": {
      "threshold": 0.42000000000000004,
      "accuracy": 0.8819686622105977,
      "accuracy_std": 0.0,
      "precision": 0.4485011928223213,
      "precision_std": 0.0,
      "recall": 0.7854201985953015,
      "recall_std": 0.0,
      "tnr": 0.8926956919516723,
      "tnr_std": 0.0,
      "fpr": 0.10730430804832763,
      "fpr_std": 0.0,
      "fnr": 0.21457980140469848,
      "fnr_std": 0.0,
      "f1": 0.5709632694381479,
      "f1_std": 0.0,
      "g_mean": 0.837341762757509,
      "g_mean_std": 0.0,
      "true_positives": 12972.0,
      "true_positives_std": 0.0,
      "false_positives": 15951.0,
      "false_positives_std": 0.0,
      "false_negatives": 3544.0,
      "false_negatives_std": 0.0,
      "true_negatives": 132701.0,
      "true_negatives_std": 0.0,
      "n_rows": 165168.0,
      "n_rows_std": 0.0,
      "n_injected": 16516.0,
      "n_injected_std": 0.0,
      "n_predicted": 28923.0,
      "n_predicted_std": 0.0,
      "n_trials": 1
    },
    "best_candidate_id": "if__contamination_auto__max_features_0p75__max_samples_512__n_estimators_100__threshold_0p36",
    "best_threshold": 0.36,
    "best_f1": 0.5431612292596242,
    "best_hyperparameters": {
      "n_estimators": 100,
      "max_samples": 512,
      "max_features": 0.75,
      "contamination": "auto"
    },
    "best_metrics": {
      "threshold": 0.36,
      "accuracy": 0.8568064031773709,
      "accuracy_std": 0.0,
      "precision": 0.39880867961991207,
      "precision_std": 0.0,
      "recall": 0.8512957132477598,
      "recall_std": 0.0,
      "tnr": 0.8574186691063692,
      "tnr_std": 0.0,
      "fpr": 0.14258133089363076,
      "fpr_std": 0.0,
      "fnr": 0.14870428675224026,
      "fnr_std": 0.0,
      "f1": 0.5431612292596242,
      "f1_std": 0.0,
      "g_mean": 0.8543517059553702,
      "g_mean_std": 0.0,
      "true_positives": 14060.0,
      "true_positives_std": 0.0,
      "false_positives": 21195.0,
      "false_positives_std": 0.0,
      "false_negatives": 2456.0,
      "false_negatives_std": 0.0,
      "true_negatives": 127457.0,
      "true_negatives_std": 0.0,
      "n_rows": 165168.0,
      "n_rows_std": 0.0,
      "n_injected": 16516.0,
      "n_injected_std": 0.0,
      "n_predicted": 35255.0,
      "n_predicted_std": 0.0,
      "n_trials": 1
    }
  }
}
