{
  "new_prices": {
    "row_count": 6984,
    "product_count": 3492,
    "train_row_count": 67647,
    "train_product_count": 3492,
    "current_candidate_id": "if__contamination_auto__max_features_0p75__max_samples_512__n_estimators_200__threshold_0p42",
    "current_threshold": 0.42000000000000004,
    "current_f1": 0.7762687634024303,
    "current_hyperparameters": {
      "n_estimators": 200,
      "max_samples": 512,
      "max_features": 0.75,
      "contamination": "auto"
    },
    "current_metrics": {
      "threshold": 0.42000000000000004,
      "accuracy": 0.9551832760595648,
      "accuracy_std": 0.0,
      "precision": 0.7746077032810271,
      "precision_std": 0.0,
      "recall": 0.7779369627507163,
      "recall_std": 0.0,
      "tnr": 0.9748647788736876,
      "tnr_std": 0.0,
      "fpr": 0.02513522112631244,
      "fpr_std": 0.0,
      "fnr": 0.22206303724928367,
      "fnr_std": 0.0,
      "f1": 0.7762687634024303,
      "f1_std": 0.0,
      "g_mean": 0.8708520799594184,
      "g_mean_std": 0.0,
      "true_positives": 543.0,
      "true_positives_std": 0.0,
      "false_positives": 158.0,
      "false_positives_std": 0.0,
      "false_negatives": 155.0,
      "false_negatives_std": 0.0,
      "true_negatives": 6128.0,
      "true_negatives_std": 0.0,
      "n_rows": 6984.0,
      "n_rows_std": 0.0,
      "n_injected": 698.0,
      "n_injected_std": 0.0,
      "n_predicted": 701.0,
      "n_predicted_std": 0.0,
      "n_trials": 1
    },
    "best_candidate_id": "if__contamination_auto__max_features_0p5__max_samples_256__n_estimators_100__threshold_0p3",
    "best_threshold": 0.3,
    "best_f1": 0.7472270869819031,
    "best_hyperparameters": {
      "n_estimators": 100,
      "max_samples": 256,
      "max_features": 0.5,
      "contamination": "auto"
    },
    "best_metrics": {
      "threshold": 0.3,
      "accuracy": 0.9380011454753723,
      "accuracy_std": 0.0,
      "precision": 0.6305418719211823,
      "precision_std": 0.0,
      "recall": 0.9169054441260746,
      "recall_std": 0.0,
      "tnr": 0.9403436207445116,
      "tnr_std": 0.0,
      "fpr": 0.05965637925548839,
      "fpr_std": 0.0,
      "fnr": 0.0830945558739255,
      "fnr_std": 0.0,
      "f1": 0.7472270869819031,
      "f1_std": 0.0,
      "g_mean": 0.928550583010892,
      "g_mean_std": 0.0,
      "true_positives": 640.0,
      "true_positives_std": 0.0,
      "false_positives": 375.0,
      "false_positives_std": 0.0,
      "false_negatives": 58.0,
      "false_negatives_std": 0.0,
      "true_negatives": 5911.0,
      "true_negatives_std": 0.0,
      "n_rows": 6984.0,
      "n_rows_std": 0.0,
      "n_injected": 698.0,
      "n_injected_std": 0.0,
      "n_predicted": 1015.0,
      "n_predicted_std": 0.0,
      "n_trials": 1
    }
  },
  "new_products": {
    "row_count": 18711,
    "product_count": 874,
    "train_row_count": 67647,
    "train_product_count": 3492,
    "current_candidate_id": "if__contamination_auto__max_features_0p75__max_samples_512__n_estimators_200__threshold_0p42",
    "current_threshold": 0.42000000000000004,
    "current_f1": 0.47793830534947285,
    "current_hyperparameters": {
      "n_estimators": 200,
      "max_samples": 512,
      "max_features": 0.75,
      "contamination": "auto"
    },
    "current_metrics": {
      "threshold": 0.42000000000000004,
      "accuracy": 0.8570894126449682,
      "accuracy_std": 0.0,
      "precision": 0.3764995386035066,
      "precision_std": 0.0,
      "recall": 0.6541956173169428,
      "recall_std": 0.0,
      "tnr": 0.8796318289786224,
      "tnr_std": 0.0,
      "fpr": 0.12036817102137767,
      "fpr_std": 0.0,
      "fnr": 0.3458043826830572,
      "fnr_std": 0.0,
      "f1": 0.47793830534947285,
      "f1_std": 0.0,
      "g_mean": 0.7585850561211321,
      "g_mean_std": 0.0,
      "true_positives": 1224.0,
      "true_positives_std": 0.0,
      "false_positives": 2027.0,
      "false_positives_std": 0.0,
      "false_negatives": 647.0,
      "false_negatives_std": 0.0,
      "true_negatives": 14813.0,
      "true_negatives_std": 0.0,
      "n_rows": 18711.0,
      "n_rows_std": 0.0,
      "n_injected": 1871.0,
      "n_injected_std": 0.0,
      "n_predicted": 3251.0,
      "n_predicted_std": 0.0,
      "n_trials": 1
    },
    "best_candidate_id": "if__contamination_auto__max_features_0p5__max_samples_256__n_estimators_100__threshold_0p3",
    "best_threshold": 0.3,
    "best_f1": 0.441318814277072,
    "best_hyperparameters": {
      "n_estimators": 100,
      "max_samples": 256,
      "max_features": 0.5,
      "contamination": "auto"
    },
    "best_metrics": {
      "threshold": 0.3,
      "accuracy": 0.802576024798247,
      "accuracy_std": 0.0,
      "precision": 0.30774098291499685,
      "precision_std": 0.0,
      "recall": 0.7797969000534474,
      "recall_std": 0.0,
      "tnr": 0.8051068883610452,
      "tnr_std": 0.0,
      "fpr": 0.19489311163895487,
      "fpr_std": 0.0,
      "fnr": 0.22020309994655266,
      "fnr_std": 0.0,
      "f1": 0.441318814277072,
      "f1_std": 0.0,
      "g_mean": 0.7923508413295337,
      "g_mean_std": 0.0,
      "true_positives": 1459.0,
      "true_positives_std": 0.0,
      "false_positives": 3282.0,
      "false_positives_std": 0.0,
      "false_negatives": 412.0,
      "false_negatives_std": 0.0,
      "true_negatives": 13558.0,
      "true_negatives_std": 0.0,
      "n_rows": 18711.0,
      "n_rows_std": 0.0,
      "n_injected": 1871.0,
      "n_injected_std": 0.0,
      "n_predicted": 4741.0,
      "n_predicted_std": 0.0,
      "n_trials": 1
    }
  }
}
