{
  "new_prices": {
    "row_count": 57310,
    "product_count": 28655,
    "train_row_count": 818505,
    "train_product_count": 28655,
    "current_candidate_id": "if__contamination_auto__max_features_0p75__max_samples_512__n_estimators_200__threshold_0p42",
    "current_threshold": 0.42000000000000004,
    "current_f1": 0.7556221889055472,
    "current_hyperparameters": {
      "n_estimators": 200,
      "max_samples": 512,
      "max_features": 0.75,
      "contamination": "auto"
    },
    "current_metrics": {
      "threshold": 0.42000000000000004,
      "accuracy": 0.948804746117606,
      "accuracy_std": 0.0,
      "precision": 0.7228685258964144,
      "precision_std": 0.0,
      "recall": 0.7914849066480545,
      "recall_std": 0.0,
      "tnr": 0.9662847282808895,
      "tnr_std": 0.0,
      "fpr": 0.03371527171911049,
      "fpr_std": 0.0,
      "fnr": 0.20851509335194557,
      "fnr_std": 0.0,
      "f1": 0.7556221889055472,
      "f1_std": 0.0,
      "g_mean": 0.8745283174139307,
      "g_mean_std": 0.0,
      "true_positives": 4536.0,
      "true_positives_std": 0.0,
      "false_positives": 1739.0,
      "false_positives_std": 0.0,
      "false_negatives": 1195.0,
      "false_negatives_std": 0.0,
      "true_negatives": 49840.0,
      "true_negatives_std": 0.0,
      "n_rows": 57310.0,
      "n_rows_std": 0.0,
      "n_injected": 5731.0,
      "n_injected_std": 0.0,
      "n_predicted": 6275.0,
      "n_predicted_std": 0.0,
      "n_trials": 1
    },
    "best_candidate_id": "if__contamination_auto__max_features_0p5__max_samples_256__n_estimators_100__threshold_0p3",
    "best_threshold": 0.3,
    "best_f1": 0.6090944683707143,
    "best_hyperparameters": {
      "n_estimators": 100,
      "max_samples": 256,
      "max_features": 0.5,
      "contamination": "auto"
    },
    "best_metrics": {
      "threshold": 0.3,
      "accuracy": 0.8780492060722387,
      "accuracy_std": 0.0,
      "precision": 0.44822192953572604,
      "precision_std": 0.0,
      "recall": 0.9500959692898272,
      "recall_std": 0.0,
      "tnr": 0.8700440101591733,
      "tnr_std": 0.0,
      "fpr": 0.12995598984082668,
      "fpr_std": 0.0,
      "fnr": 0.04990403071017274,
      "fnr_std": 0.0,
      "f1": 0.6090944683707143,
      "f1_std": 0.0,
      "g_mean": 0.9091893681499955,
      "g_mean_std": 0.0,
      "true_positives": 5445.0,
      "true_positives_std": 0.0,
      "false_positives": 6703.0,
      "false_positives_std": 0.0,
      "false_negatives": 286.0,
      "false_negatives_std": 0.0,
      "true_negatives": 44876.0,
      "true_negatives_std": 0.0,
      "n_rows": 57310.0,
      "n_rows_std": 0.0,
      "n_injected": 5731.0,
      "n_injected_std": 0.0,
      "n_predicted": 12148.0,
      "n_predicted_std": 0.0,
      "n_trials": 1
    }
  },
  "new_products": {
    "row_count": 218437,
    "product_count": 7164,
    "train_row_count": 818505,
    "train_product_count": 28655,
    "current_candidate_id": "if__contamination_auto__max_features_0p75__max_samples_512__n_estimators_200__threshold_0p42",
    "current_threshold": 0.42000000000000004,
    "current_f1": 0.5932031205075616,
    "current_hyperparameters": {
      "n_estimators": 200,
      "max_samples": 512,
      "max_features": 0.75,
      "contamination": "auto"
    },
    "current_metrics": {
      "threshold": 0.42000000000000004,
      "accuracy": 0.9028415515686445,
      "accuracy_std": 0.0,
      "precision": 0.5102215774202058,
      "precision_std": 0.0,
      "recall": 0.7084191731904959,
      "recall_std": 0.0,
      "tnr": 0.9244432688688363,
      "tnr_std": 0.0,
      "fpr": 0.07555673113116372,
      "fpr_std": 0.0,
      "fnr": 0.2915808268095042,
      "fnr_std": 0.0,
      "f1": 0.5932031205075616,
      "f1_std": 0.0,
      "g_mean": 0.8092548030092749,
      "g_mean_std": 0.0,
      "true_positives": 15474.0,
      "true_positives_std": 0.0,
      "false_positives": 14854.0,
      "false_positives_std": 0.0,
      "false_negatives": 6369.0,
      "false_negatives_std": 0.0,
      "true_negatives": 181740.0,
      "true_negatives_std": 0.0,
      "n_rows": 218437.0,
      "n_rows_std": 0.0,
      "n_injected": 21843.0,
      "n_injected_std": 0.0,
      "n_predicted": 30328.0,
      "n_predicted_std": 0.0,
      "n_trials": 1
    },
    "best_candidate_id": "if__contamination_auto__max_features_0p5__max_samples_256__n_estimators_100__threshold_0p3",
    "best_threshold": 0.3,
    "best_f1": 0.5351442095992954,
    "best_hyperparameters": {
      "n_estimators": 100,
      "max_samples": 256,
      "max_features": 0.5,
      "contamination": "auto"
    },
    "best_metrics": {
      "threshold": 0.3,
      "accuracy": 0.8453467132399731,
      "accuracy_std": 0.0,
      "precision": 0.3825572015975132,
      "precision_std": 0.0,
      "recall": 0.8902165453463352,
      "recall_std": 0.0,
      "tnr": 0.8403613538561706,
      "tnr_std": 0.0,
      "fpr": 0.15963864614382942,
      "fpr_std": 0.0,
      "fnr": 0.10978345465366479,
      "fnr_std": 0.0,
      "f1": 0.5351442095992954,
      "f1_std": 0.0,
      "g_mean": 0.8649298129168687,
      "g_mean_std": 0.0,
      "true_positives": 19445.0,
      "true_positives_std": 0.0,
      "false_positives": 31384.0,
      "false_positives_std": 0.0,
      "false_negatives": 2398.0,
      "false_negatives_std": 0.0,
      "true_negatives": 165210.0,
      "true_negatives_std": 0.0,
      "n_rows": 218437.0,
      "n_rows_std": 0.0,
      "n_injected": 21843.0,
      "n_injected_std": 0.0,
      "n_predicted": 50829.0,
      "n_predicted_std": 0.0,
      "n_trials": 1
    }
  }
}
