{
  "new_prices": {
    "row_count": 57718,
    "product_count": 28859,
    "train_row_count": 881570,
    "train_product_count": 28859,
    "current_candidate_id": "if__contamination_auto__max_features_0p75__max_samples_512__n_estimators_200__threshold_0p42",
    "current_threshold": 0.42000000000000004,
    "current_f1": 0.7963975059656686,
    "current_hyperparameters": {
      "n_estimators": 200,
      "max_samples": 512,
      "max_features": 0.75,
      "contamination": "auto"
    },
    "current_metrics": {
      "threshold": 0.42000000000000004,
      "accuracy": 0.9541737412938771,
      "accuracy_std": 0.0,
      "precision": 0.7164819944598338,
      "precision_std": 0.0,
      "recall": 0.8963784439438572,
      "recall_std": 0.0,
      "tnr": 0.9605944520376538,
      "tnr_std": 0.0,
      "fpr": 0.039405547962346237,
      "fpr_std": 0.0,
      "fnr": 0.10362155605614279,
      "fnr_std": 0.0,
      "f1": 0.7963975059656686,
      "f1_std": 0.0,
      "g_mean": 0.9279311182294806,
      "g_mean_std": 0.0,
      "true_positives": 5173.0,
      "true_positives_std": 0.0,
      "false_positives": 2047.0,
      "false_positives_std": 0.0,
      "false_negatives": 598.0,
      "false_negatives_std": 0.0,
      "true_negatives": 49900.0,
      "true_negatives_std": 0.0,
      "n_rows": 57718.0,
      "n_rows_std": 0.0,
      "n_injected": 5771.0,
      "n_injected_std": 0.0,
      "n_predicted": 7220.0,
      "n_predicted_std": 0.0,
      "n_trials": 1
    },
    "best_candidate_id": "if__contamination_auto__max_features_0p75__max_samples_512__n_estimators_100__threshold_0p36",
    "best_threshold": 0.36,
    "best_f1": 0.765754079333652,
    "best_hyperparameters": {
      "n_estimators": 100,
      "max_samples": 512,
      "max_features": 0.75,
      "contamination": "auto"
    },
    "best_metrics": {
      "threshold": 0.36,
      "accuracy": 0.9405558058144773,
      "accuracy_std": 0.0,
      "precision": 0.6318161333934205,
      "precision_std": 0.0,
      "recall": 0.9717553283659678,
      "recall_std": 0.0,
      "tnr": 0.9370897260669528,
      "tnr_std": 0.0,
      "fpr": 0.06291027393304714,
      "fpr_std": 0.0,
      "fnr": 0.02824467163403223,
      "fnr_std": 0.0,
      "f1": 0.765754079333652,
      "f1_std": 0.0,
      "g_mean": 0.9542651279715542,
      "g_mean_std": 0.0,
      "true_positives": 5608.0,
      "true_positives_std": 0.0,
      "false_positives": 3268.0,
      "false_positives_std": 0.0,
      "false_negatives": 163.0,
      "false_negatives_std": 0.0,
      "true_negatives": 48679.0,
      "true_negatives_std": 0.0,
      "n_rows": 57718.0,
      "n_rows_std": 0.0,
      "n_injected": 5771.0,
      "n_injected_std": 0.0,
      "n_predicted": 8876.0,
      "n_predicted_std": 0.0,
      "n_trials": 1
    }
  },
  "new_products": {
    "row_count": 234529,
    "product_count": 7215,
    "train_row_count": 881570,
    "train_product_count": 28859,
    "current_candidate_id": "if__contamination_auto__max_features_0p75__max_samples_512__n_estimators_200__threshold_0p42",
    "current_threshold": 0.42000000000000004,
    "current_f1": 0.591214915859648,
    "current_hyperparameters": {
      "n_estimators": 200,
      "max_samples": 512,
      "max_features": 0.75,
      "contamination": "auto"
    },
    "current_metrics": {
      "threshold": 0.42000000000000004,
      "accuracy": 0.8867901197719685,
      "accuracy_std": 0.0,
      "precision": 0.4626617508855635,
      "precision_std": 0.0,
      "recall": 0.8186935016203309,
      "recall_std": 0.0,
      "tnr": 0.8943560880626501,
      "tnr_std": 0.0,
      "fpr": 0.10564391193734987,
      "fpr_std": 0.0,
      "fnr": 0.1813064983796691,
      "fnr_std": 0.0,
      "f1": 0.591214915859648,
      "f1_std": 0.0,
      "g_mean": 0.855688913935124,
      "g_mean_std": 0.0,
      "true_positives": 19200.0,
      "true_positives_std": 0.0,
      "false_positives": 22299.0,
      "false_positives_std": 0.0,
      "false_negatives": 4252.0,
      "false_negatives_std": 0.0,
      "true_negatives": 188778.0,
      "true_negatives_std": 0.0,
      "n_rows": 234529.0,
      "n_rows_std": 0.0,
      "n_injected": 23452.0,
      "n_injected_std": 0.0,
      "n_predicted": 41499.0,
      "n_predicted_std": 0.0,
      "n_trials": 1
    },
    "best_candidate_id": "if__contamination_auto__max_features_0p75__max_samples_512__n_estimators_100__threshold_0p36",
    "best_threshold": 0.36,
    "best_f1": 0.5649362094445273,
    "best_hyperparameters": {
      "n_estimators": 100,
      "max_samples": 512,
      "max_features": 0.75,
      "contamination": "auto"
    },
    "best_metrics": {
      "threshold": 0.36,
      "accuracy": 0.8631768352741026,
      "accuracy_std": 0.0,
      "precision": 0.41415366265778747,
      "precision_std": 0.0,
      "recall": 0.8883677298311444,
      "recall_std": 0.0,
      "tnr": 0.8603779663345604,
      "tnr_std": 0.0,
      "fpr": 0.13962203366543963,
      "fpr_std": 0.0,
      "fnr": 0.11163227016885553,
      "fnr_std": 0.0,
      "f1": 0.5649362094445273,
      "f1_std": 0.0,
      "g_mean": 0.8742608425117587,
      "g_mean_std": 0.0,
      "true_positives": 20834.0,
      "true_positives_std": 0.0,
      "false_positives": 29471.0,
      "false_positives_std": 0.0,
      "false_negatives": 2618.0,
      "false_negatives_std": 0.0,
      "true_negatives": 181606.0,
      "true_negatives_std": 0.0,
      "n_rows": 234529.0,
      "n_rows_std": 0.0,
      "n_injected": 23452.0,
      "n_injected_std": 0.0,
      "n_predicted": 50305.0,
      "n_predicted_std": 0.0,
      "n_trials": 1
    }
  }
}
