{
  "new_prices": {
    "row_count": 102106,
    "product_count": 51053,
    "train_row_count": 988440,
    "train_product_count": 51053,
    "current_candidate_id": "rrcf__num_trees_40__tree_size_256__warmup_samples_32__threshold_0p8",
    "current_threshold": 0.8,
    "current_f1": 0.21404928282456784,
    "current_hyperparameters": {
      "num_trees": 40,
      "tree_size": 256,
      "warmup_samples": 32
    },
    "current_metrics": {
      "threshold": 0.8,
      "accuracy": 0.895353847961922,
      "accuracy_std": 0.0,
      "precision": 0.4298375184638109,
      "precision_std": 0.0,
      "recall": 0.1425073457394711,
      "recall_std": 0.0,
      "tnr": 0.9789979977365718,
      "tnr_std": 0.0,
      "fpr": 0.021002002263428222,
      "fpr_std": 0.0,
      "fnr": 0.8574926542605289,
      "fnr_std": 0.0,
      "f1": 0.21404928282456784,
      "f1_std": 0.0,
      "g_mean": 0.3735162729275601,
      "g_mean_std": 0.0,
      "true_positives": 1455.0,
      "true_positives_std": 0.0,
      "false_positives": 1930.0,
      "false_positives_std": 0.0,
      "false_negatives": 8755.0,
      "false_negatives_std": 0.0,
      "true_negatives": 89966.0,
      "true_negatives_std": 0.0,
      "n_rows": 102106.0,
      "n_rows_std": 0.0,
      "n_injected": 10210.0,
      "n_injected_std": 0.0,
      "n_predicted": 3385.0,
      "n_predicted_std": 0.0,
      "n_trials": 1
    },
    "best_candidate_id": "rrcf__num_trees_80__tree_size_128__warmup_samples_32__threshold_0p65",
    "best_threshold": 0.6499999999999999,
    "best_f1": 0.240167729536123,
    "best_hyperparameters": {
      "num_trees": 80,
      "tree_size": 128,
      "warmup_samples": 32
    },
    "best_metrics": {
      "threshold": 0.6499999999999999,
      "accuracy": 0.5740798777740779,
      "accuracy_std": 0.0,
      "precision": 0.14615629984051037,
      "precision_std": 0.0,
      "recall": 0.6731635651322233,
      "recall_std": 0.0,
      "tnr": 0.5630712979890311,
      "tnr_std": 0.0,
      "fpr": 0.4369287020109689,
      "fpr_std": 0.0,
      "fnr": 0.3268364348677767,
      "fnr_std": 0.0,
      "f1": 0.240167729536123,
      "f1_std": 0.0,
      "g_mean": 0.6156614998340604,
      "g_mean_std": 0.0,
      "true_positives": 6873.0,
      "true_positives_std": 0.0,
      "false_positives": 40152.0,
      "false_positives_std": 0.0,
      "false_negatives": 3337.0,
      "false_negatives_std": 0.0,
      "true_negatives": 51744.0,
      "true_negatives_std": 0.0,
      "n_rows": 102106.0,
      "n_rows_std": 0.0,
      "n_injected": 10210.0,
      "n_injected_std": 0.0,
      "n_predicted": 47025.0,
      "n_predicted_std": 0.0,
      "n_trials": 1
    }
  },
  "new_products": {
    "row_count": 271847,
    "product_count": 12764,
    "train_row_count": 988440,
    "train_product_count": 51053,
    "current_candidate_id": "rrcf__num_trees_40__tree_size_256__warmup_samples_32__threshold_0p8",
    "current_threshold": 0.8,
    "current_f1": 0.018295757401138084,
    "current_hyperparameters": {
      "num_trees": 40,
      "tree_size": 256,
      "warmup_samples": 32
    },
    "current_metrics": {
      "threshold": 0.8,
      "accuracy": 0.8997303630350896,
      "accuracy_std": 0.0,
      "precision": 0.436426116838488,
      "precision_std": 0.0,
      "recall": 0.009343731606827546,
      "recall_std": 0.0,
      "tnr": 0.9986593804539305,
      "tnr_std": 0.0,
      "fpr": 0.0013406195460694914,
      "fpr_std": 0.0,
      "fnr": 0.9906562683931724,
      "fnr_std": 0.0,
      "f1": 0.018295757401138084,
      "f1_std": 0.0,
      "g_mean": 0.09659816363473069,
      "g_mean_std": 0.0,
      "true_positives": 254.0,
      "true_positives_std": 0.0,
      "false_positives": 328.0,
      "false_positives_std": 0.0,
      "false_negatives": 26930.0,
      "false_negatives_std": 0.0,
      "true_negatives": 244335.0,
      "true_negatives_std": 0.0,
      "n_rows": 271847.0,
      "n_rows_std": 0.0,
      "n_injected": 27184.0,
      "n_injected_std": 0.0,
      "n_predicted": 582.0,
      "n_predicted_std": 0.0,
      "n_trials": 1
    },
    "best_candidate_id": "rrcf__num_trees_80__tree_size_128__warmup_samples_32__threshold_0p65",
    "best_threshold": 0.6499999999999999,
    "best_f1": 0.18763278262390962,
    "best_hyperparameters": {
      "num_trees": 80,
      "tree_size": 128,
      "warmup_samples": 32
    },
    "best_metrics": {
      "threshold": 0.6499999999999999,
      "accuracy": 0.5217604019908257,
      "accuracy_std": 0.0,
      "precision": 0.11301297684641556,
      "precision_std": 0.0,
      "recall": 0.5523101824602707,
      "recall_std": 0.0,
      "tnr": 0.5183660790556807,
      "tnr_std": 0.0,
      "fpr": 0.48163392094431934,
      "fpr_std": 0.0,
      "fnr": 0.44768981753972925,
      "fnr_std": 0.0,
      "f1": 0.18763278262390962,
      "f1_std": 0.0,
      "g_mean": 0.535069027046472,
      "g_mean_std": 0.0,
      "true_positives": 15014.0,
      "true_positives_std": 0.0,
      "false_positives": 117838.0,
      "false_positives_std": 0.0,
      "false_negatives": 12170.0,
      "false_negatives_std": 0.0,
      "true_negatives": 126825.0,
      "true_negatives_std": 0.0,
      "n_rows": 271847.0,
      "n_rows_std": 0.0,
      "n_injected": 27184.0,
      "n_injected_std": 0.0,
      "n_predicted": 132852.0,
      "n_predicted_std": 0.0,
      "n_trials": 1
    }
  }
}
