{
  "new_prices": {
    "row_count": 357112,
    "product_count": 178556,
    "train_row_count": 4822801,
    "train_product_count": 178556,
    "current_candidate_id": "if__contamination_auto__max_features_0p75__max_samples_512__n_estimators_200__threshold_0p42",
    "current_threshold": 0.42000000000000004,
    "current_f1": 0.6871119209475086,
    "current_hyperparameters": {
      "n_estimators": 200,
      "max_samples": 512,
      "max_features": 0.75,
      "contamination": "auto"
    },
    "current_metrics": {
      "threshold": 0.42000000000000004,
      "accuracy": 0.9374901991532069,
      "accuracy_std": 0.0,
      "precision": 0.6878542964584385,
      "precision_std": 0.0,
      "recall": 0.6863711461454454,
      "recall_std": 0.0,
      "tnr": 0.9653921425260034,
      "tnr_std": 0.0,
      "fpr": 0.03460785747399666,
      "fpr_std": 0.0,
      "fnr": 0.31362885385455463,
      "fnr_std": 0.0,
      "f1": 0.6871119209475086,
      "f1_std": 0.0,
      "g_mean": 0.8140130904017331,
      "g_mean_std": 0.0,
      "true_positives": 24511.0,
      "true_positives_std": 0.0,
      "false_positives": 11123.0,
      "false_positives_std": 0.0,
      "false_negatives": 11200.0,
      "false_negatives_std": 0.0,
      "true_negatives": 310278.0,
      "true_negatives_std": 0.0,
      "n_rows": 357112.0,
      "n_rows_std": 0.0,
      "n_injected": 35711.0,
      "n_injected_std": 0.0,
      "n_predicted": 35634.0,
      "n_predicted_std": 0.0,
      "n_trials": 1
    },
    "best_candidate_id": "if__contamination_auto__max_features_0p75__max_samples_256__n_estimators_200__threshold_0p3",
    "best_threshold": 0.3,
    "best_f1": 0.5970649211910517,
    "best_hyperparameters": {
      "n_estimators": 200,
      "max_samples": 256,
      "max_features": 0.75,
      "contamination": "auto"
    },
    "best_metrics": {
      "threshold": 0.3,
      "accuracy": 0.8753696319361993,
      "accuracy_std": 0.0,
      "precision": 0.4411607310090172,
      "precision_std": 0.0,
      "recall": 0.9233849514155302,
      "recall_std": 0.0,
      "tnr": 0.87003462963712,
      "tnr_std": 0.0,
      "fpr": 0.12996537036288003,
      "fpr_std": 0.0,
      "fnr": 0.07661504858446977,
      "fnr_std": 0.0,
      "f1": 0.5970649211910517,
      "f1_std": 0.0,
      "g_mean": 0.8963129387760175,
      "g_mean_std": 0.0,
      "true_positives": 32975.0,
      "true_positives_std": 0.0,
      "false_positives": 41771.0,
      "false_positives_std": 0.0,
      "false_negatives": 2736.0,
      "false_negatives_std": 0.0,
      "true_negatives": 279630.0,
      "true_negatives_std": 0.0,
      "n_rows": 357112.0,
      "n_rows_std": 0.0,
      "n_injected": 35711.0,
      "n_injected_std": 0.0,
      "n_predicted": 74746.0,
      "n_predicted_std": 0.0,
      "n_trials": 1
    }
  },
  "new_products": {
    "row_count": 1295799,
    "product_count": 44639,
    "train_row_count": 4822801,
    "train_product_count": 178556,
    "current_candidate_id": "if__contamination_auto__max_features_0p75__max_samples_512__n_estimators_200__threshold_0p42",
    "current_threshold": 0.42000000000000004,
    "current_f1": 0.4921168621915656,
    "current_hyperparameters": {
      "n_estimators": 200,
      "max_samples": 512,
      "max_features": 0.75,
      "contamination": "auto"
    },
    "current_metrics": {
      "threshold": 0.42000000000000004,
      "accuracy": 0.8822641474487941,
      "accuracy_std": 0.0,
      "precision": 0.43272310007083936,
      "precision_std": 0.0,
      "recall": 0.5704087853741733,
      "recall_std": 0.0,
      "tnr": 0.9169144758278884,
      "tnr_std": 0.0,
      "fpr": 0.08308552417211161,
      "fpr_std": 0.0,
      "fnr": 0.4295912146258267,
      "fnr_std": 0.0,
      "f1": 0.4921168621915656,
      "f1_std": 0.0,
      "g_mean": 0.7231985014150559,
      "g_mean_std": 0.0,
      "true_positives": 73913.0,
      "true_positives_std": 0.0,
      "false_positives": 96896.0,
      "false_positives_std": 0.0,
      "false_negatives": 55666.0,
      "false_negatives_std": 0.0,
      "true_negatives": 1069324.0,
      "true_negatives_std": 0.0,
      "n_rows": 1295799.0,
      "n_rows_std": 0.0,
      "n_injected": 129579.0,
      "n_injected_std": 0.0,
      "n_predicted": 170809.0,
      "n_predicted_std": 0.0,
      "n_trials": 1
    },
    "best_candidate_id": "if__contamination_auto__max_features_0p75__max_samples_256__n_estimators_200__threshold_0p3",
    "best_threshold": 0.3,
    "best_f1": 0.47997497009947604,
    "best_hyperparameters": {
      "n_estimators": 200,
      "max_samples": 256,
      "max_features": 0.75,
      "contamination": "auto"
    },
    "best_metrics": {
      "threshold": 0.3,
      "accuracy": 0.8191424750289203,
      "accuracy_std": 0.0,
      "precision": 0.3368391874972748,
      "precision_std": 0.0,
      "recall": 0.8346491329613595,
      "recall_std": 0.0,
      "tnr": 0.8174195263329389,
      "tnr_std": 0.0,
      "fpr": 0.1825804736670611,
      "fpr_std": 0.0,
      "fnr": 0.16535086703864052,
      "fnr_std": 0.0,
      "f1": 0.47997497009947604,
      "f1_std": 0.0,
      "g_mean": 0.8259894060576519,
      "g_mean_std": 0.0,
      "true_positives": 108153.0,
      "true_positives_std": 0.0,
      "false_positives": 212929.0,
      "false_positives_std": 0.0,
      "false_negatives": 21426.0,
      "false_negatives_std": 0.0,
      "true_negatives": 953291.0,
      "true_negatives_std": 0.0,
      "n_rows": 1295799.0,
      "n_rows_std": 0.0,
      "n_injected": 129579.0,
      "n_injected_std": 0.0,
      "n_predicted": 321082.0,
      "n_predicted_std": 0.0,
      "n_trials": 1
    }
  }
}
