{
  "new_prices": {
    "row_count": 137576,
    "product_count": 68788,
    "train_row_count": 1251116,
    "train_product_count": 68788,
    "current_candidate_id": "rrcf__num_trees_40__tree_size_256__warmup_samples_32__threshold_0p8",
    "current_threshold": 0.8,
    "current_f1": 0.15028235565287543,
    "current_hyperparameters": {
      "num_trees": 40,
      "tree_size": 256,
      "warmup_samples": 32
    },
    "current_metrics": {
      "threshold": 0.8,
      "accuracy": 0.8928156073733791,
      "accuracy_std": 0.0,
      "precision": 0.3625243258270781,
      "precision_std": 0.0,
      "recall": 0.09478810787235589,
      "recall_std": 0.0,
      "tnr": 0.9814810327978744,
      "tnr_std": 0.0,
      "fpr": 0.018518967202125685,
      "fpr_std": 0.0,
      "fnr": 0.9052118921276441,
      "fnr_std": 0.0,
      "f1": 0.15028235565287543,
      "f1_std": 0.0,
      "g_mean": 0.305012671886786,
      "g_mean_std": 0.0,
      "true_positives": 1304.0,
      "true_positives_std": 0.0,
      "false_positives": 2293.0,
      "false_positives_std": 0.0,
      "false_negatives": 12453.0,
      "false_negatives_std": 0.0,
      "true_negatives": 121526.0,
      "true_negatives_std": 0.0,
      "n_rows": 137576.0,
      "n_rows_std": 0.0,
      "n_injected": 13757.0,
      "n_injected_std": 0.0,
      "n_predicted": 3597.0,
      "n_predicted_std": 0.0,
      "n_trials": 1
    },
    "best_candidate_id": "rrcf__num_trees_80__tree_size_128__warmup_samples_32__threshold_0p65",
    "best_threshold": 0.6499999999999999,
    "best_f1": 0.20462442352643886,
    "best_hyperparameters": {
      "num_trees": 80,
      "tree_size": 128,
      "warmup_samples": 32
    },
    "best_metrics": {
      "threshold": 0.6499999999999999,
      "accuracy": 0.45092167238471825,
      "accuracy_std": 0.0,
      "precision": 0.11964243939076795,
      "precision_std": 0.0,
      "recall": 0.7063313222359526,
      "recall_std": 0.0,
      "tnr": 0.4225441975787238,
      "tnr_std": 0.0,
      "fpr": 0.5774558024212763,
      "fpr_std": 0.0,
      "fnr": 0.29366867776404737,
      "fnr_std": 0.0,
      "f1": 0.20462442352643886,
      "f1_std": 0.0,
      "g_mean": 0.5463114512610088,
      "g_mean_std": 0.0,
      "true_positives": 9717.0,
      "true_positives_std": 0.0,
      "false_positives": 71500.0,
      "false_positives_std": 0.0,
      "false_negatives": 4040.0,
      "false_negatives_std": 0.0,
      "true_negatives": 52319.0,
      "true_negatives_std": 0.0,
      "n_rows": 137576.0,
      "n_rows_std": 0.0,
      "n_injected": 13757.0,
      "n_injected_std": 0.0,
      "n_predicted": 81217.0,
      "n_predicted_std": 0.0,
      "n_trials": 1
    }
  },
  "new_products": {
    "row_count": 345819,
    "product_count": 17198,
    "train_row_count": 1251116,
    "train_product_count": 68788,
    "current_candidate_id": "rrcf__num_trees_40__tree_size_256__warmup_samples_32__threshold_0p8",
    "current_threshold": 0.8,
    "current_f1": 0.11558202595390277,
    "current_hyperparameters": {
      "num_trees": 40,
      "tree_size": 256,
      "warmup_samples": 32
    },
    "current_metrics": {
      "threshold": 0.8,
      "accuracy": 0.8943667062827664,
      "accuracy_std": 0.0,
      "precision": 0.35504982894541126,
      "precision_std": 0.0,
      "recall": 0.06902634394609757,
      "recall_std": 0.0,
      "tnr": 0.9860685391886594,
      "tnr_std": 0.0,
      "fpr": 0.013931460811340517,
      "fpr_std": 0.0,
      "fnr": 0.9309736560539025,
      "fnr_std": 0.0,
      "f1": 0.11558202595390277,
      "f1_std": 0.0,
      "g_mean": 0.26089213506823544,
      "g_mean_std": 0.0,
      "true_positives": 2387.0,
      "true_positives_std": 0.0,
      "false_positives": 4336.0,
      "false_positives_std": 0.0,
      "false_negatives": 32194.0,
      "false_negatives_std": 0.0,
      "true_negatives": 306902.0,
      "true_negatives_std": 0.0,
      "n_rows": 345819.0,
      "n_rows_std": 0.0,
      "n_injected": 34581.0,
      "n_injected_std": 0.0,
      "n_predicted": 6723.0,
      "n_predicted_std": 0.0,
      "n_trials": 1
    },
    "best_candidate_id": "rrcf__num_trees_80__tree_size_128__warmup_samples_32__threshold_0p65",
    "best_threshold": 0.6499999999999999,
    "best_f1": 0.18577712780157155,
    "best_hyperparameters": {
      "num_trees": 80,
      "tree_size": 128,
      "warmup_samples": 32
    },
    "best_metrics": {
      "threshold": 0.6499999999999999,
      "accuracy": 0.3914359824069817,
      "accuracy_std": 0.0,
      "precision": 0.10723569610076376,
      "precision_std": 0.0,
      "recall": 0.6942829877678494,
      "recall_std": 0.0,
      "tnr": 0.3577872881846047,
      "tnr_std": 0.0,
      "fpr": 0.6422127118153953,
      "fpr_std": 0.0,
      "fnr": 0.3057170122321506,
      "fnr_std": 0.0,
      "f1": 0.18577712780157155,
      "f1_std": 0.0,
      "g_mean": 0.49840307726393895,
      "g_mean_std": 0.0,
      "true_positives": 24009.0,
      "true_positives_std": 0.0,
      "false_positives": 199881.0,
      "false_positives_std": 0.0,
      "false_negatives": 10572.0,
      "false_negatives_std": 0.0,
      "true_negatives": 111357.0,
      "true_negatives_std": 0.0,
      "n_rows": 345819.0,
      "n_rows_std": 0.0,
      "n_injected": 34581.0,
      "n_injected_std": 0.0,
      "n_predicted": 223890.0,
      "n_predicted_std": 0.0,
      "n_trials": 1
    }
  }
}
