{
  "new_prices": {
    "row_count": 308814,
    "product_count": 154407,
    "train_row_count": 2217429,
    "train_product_count": 154407,
    "current_candidate_id": "if__contamination_auto__max_features_0p75__max_samples_512__n_estimators_200__threshold_0p42",
    "current_threshold": 0.42000000000000004,
    "current_f1": 0.7406379121686727,
    "current_hyperparameters": {
      "n_estimators": 200,
      "max_samples": 512,
      "max_features": 0.75,
      "contamination": "auto"
    },
    "current_metrics": {
      "threshold": 0.42000000000000004,
      "accuracy": 0.9485742226712519,
      "accuracy_std": 0.0,
      "precision": 0.7471169686985173,
      "precision_std": 0.0,
      "recall": 0.7342702632686765,
      "recall_std": 0.0,
      "tnr": 0.9723854310211454,
      "tnr_std": 0.0,
      "fpr": 0.027614568978854614,
      "fpr_std": 0.0,
      "fnr": 0.26572973673132344,
      "fnr_std": 0.0,
      "f1": 0.7406379121686727,
      "f1_std": 0.0,
      "g_mean": 0.8449814828944607,
      "g_mean_std": 0.0,
      "true_positives": 22675.0,
      "true_positives_std": 0.0,
      "false_positives": 7675.0,
      "false_positives_std": 0.0,
      "false_negatives": 8206.0,
      "false_negatives_std": 0.0,
      "true_negatives": 270258.0,
      "true_negatives_std": 0.0,
      "n_rows": 308814.0,
      "n_rows_std": 0.0,
      "n_injected": 30881.0,
      "n_injected_std": 0.0,
      "n_predicted": 30350.0,
      "n_predicted_std": 0.0,
      "n_trials": 1
    },
    "best_candidate_id": "if__contamination_auto__max_features_1__max_samples_512__n_estimators_100__threshold_0p3",
    "best_threshold": 0.3,
    "best_f1": 0.7716408011672637,
    "best_hyperparameters": {
      "n_estimators": 100,
      "max_samples": 512,
      "max_features": 1.0,
      "contamination": "auto"
    },
    "best_metrics": {
      "threshold": 0.3,
      "accuracy": 0.9442512321332582,
      "accuracy_std": 0.0,
      "precision": 0.6535082792244266,
      "precision_std": 0.0,
      "recall": 0.94190602635925,
      "recall_std": 0.0,
      "tnr": 0.9445118068023588,
      "tnr_std": 0.0,
      "fpr": 0.05548819319764116,
      "fpr_std": 0.0,
      "fnr": 0.058093973640749974,
      "fnr_std": 0.0,
      "f1": 0.7716408011672637,
      "f1_std": 0.0,
      "g_mean": 0.9432080167145557,
      "g_mean_std": 0.0,
      "true_positives": 29087.0,
      "true_positives_std": 0.0,
      "false_positives": 15422.0,
      "false_positives_std": 0.0,
      "false_negatives": 1794.0,
      "false_negatives_std": 0.0,
      "true_negatives": 262511.0,
      "true_negatives_std": 0.0,
      "n_rows": 308814.0,
      "n_rows_std": 0.0,
      "n_injected": 30881.0,
      "n_injected_std": 0.0,
      "n_predicted": 44509.0,
      "n_predicted_std": 0.0,
      "n_trials": 1
    }
  },
  "new_products": {
    "row_count": 631254,
    "product_count": 38602,
    "train_row_count": 2217429,
    "train_product_count": 154407,
    "current_candidate_id": "if__contamination_auto__max_features_0p75__max_samples_512__n_estimators_200__threshold_0p42",
    "current_threshold": 0.42000000000000004,
    "current_f1": 0.3420910217691112,
    "current_hyperparameters": {
      "n_estimators": 200,
      "max_samples": 512,
      "max_features": 0.75,
      "contamination": "auto"
    },
    "current_metrics": {
      "threshold": 0.42000000000000004,
      "accuracy": 0.8208946002718399,
      "accuracy_std": 0.0,
      "precision": 0.27035429160075053,
      "precision_std": 0.0,
      "recall": 0.46564752475247523,
      "recall_std": 0.0,
      "tnr": 0.8603662196437781,
      "tnr_std": 0.0,
      "fpr": 0.13963378035622193,
      "fpr_std": 0.0,
      "fnr": 0.5343524752475247,
      "fnr_std": 0.0,
      "f1": 0.3420910217691112,
      "f1_std": 0.0,
      "g_mean": 0.6329513413823923,
      "g_mean_std": 0.0,
      "true_positives": 29394.0,
      "true_positives_std": 0.0,
      "false_positives": 79330.0,
      "false_positives_std": 0.0,
      "false_negatives": 33731.0,
      "false_negatives_std": 0.0,
      "true_negatives": 488799.0,
      "true_negatives_std": 0.0,
      "n_rows": 631254.0,
      "n_rows_std": 0.0,
      "n_injected": 63125.0,
      "n_injected_std": 0.0,
      "n_predicted": 108724.0,
      "n_predicted_std": 0.0,
      "n_trials": 1
    },
    "best_candidate_id": "if__contamination_auto__max_features_1__max_samples_512__n_estimators_100__threshold_0p3",
    "best_threshold": 0.3,
    "best_f1": 0.35386342053008724,
    "best_hyperparameters": {
      "n_estimators": 100,
      "max_samples": 512,
      "max_features": 1.0,
      "contamination": "auto"
    },
    "best_metrics": {
      "threshold": 0.3,
      "accuracy": 0.7628783342362979,
      "accuracy_std": 0.0,
      "precision": 0.24320170884386033,
      "precision_std": 0.0,
      "recall": 0.6493148514851486,
      "recall_std": 0.0,
      "tnr": 0.7754964101462872,
      "tnr_std": 0.0,
      "fpr": 0.2245035898537128,
      "fpr_std": 0.0,
      "fnr": 0.3506851485148515,
      "fnr_std": 0.0,
      "f1": 0.35386342053008724,
      "f1_std": 0.0,
      "g_mean": 0.7096064658537169,
      "g_mean_std": 0.0,
      "true_positives": 40988.0,
      "true_positives_std": 0.0,
      "false_positives": 127547.0,
      "false_positives_std": 0.0,
      "false_negatives": 22137.0,
      "false_negatives_std": 0.0,
      "true_negatives": 440582.0,
      "true_negatives_std": 0.0,
      "n_rows": 631254.0,
      "n_rows_std": 0.0,
      "n_injected": 63125.0,
      "n_injected_std": 0.0,
      "n_predicted": 168535.0,
      "n_predicted_std": 0.0,
      "n_trials": 1
    }
  }
}
