{
  "new_prices": {
    "row_count": 18662,
    "product_count": 9331,
    "train_row_count": 99162,
    "train_product_count": 9331,
    "current_candidate_id": "rrcf__num_trees_40__tree_size_256__warmup_samples_32__threshold_0p8",
    "current_threshold": 0.8,
    "current_f1": 0.049390846229832065,
    "current_hyperparameters": {
      "num_trees": 40,
      "tree_size": 256,
      "warmup_samples": 32
    },
    "current_metrics": {
      "threshold": 0.8,
      "accuracy": 0.8453006108670025,
      "accuracy_std": 0.0,
      "precision": 0.06404782237403928,
      "precision_std": 0.0,
      "recall": 0.04019292604501608,
      "recall_std": 0.0,
      "tnr": 0.9347463681829007,
      "tnr_std": 0.0,
      "fpr": 0.06525363181709931,
      "fpr_std": 0.0,
      "fnr": 0.9598070739549839,
      "fnr_std": 0.0,
      "f1": 0.049390846229832065,
      "f1_std": 0.0,
      "g_mean": 0.19383031663602754,
      "g_mean_std": 0.0,
      "true_positives": 75.0,
      "true_positives_std": 0.0,
      "false_positives": 1096.0,
      "false_positives_std": 0.0,
      "false_negatives": 1791.0,
      "false_negatives_std": 0.0,
      "true_negatives": 15700.0,
      "true_negatives_std": 0.0,
      "n_rows": 18662.0,
      "n_rows_std": 0.0,
      "n_injected": 1866.0,
      "n_injected_std": 0.0,
      "n_predicted": 1171.0,
      "n_predicted_std": 0.0,
      "n_trials": 1
    },
    "best_candidate_id": "rrcf__num_trees_80__tree_size_128__warmup_samples_32__threshold_0p73",
    "best_threshold": 0.7250000000000001,
    "best_f1": 0.29567829133989654,
    "best_hyperparameters": {
      "num_trees": 80,
      "tree_size": 128,
      "warmup_samples": 32
    },
    "best_metrics": {
      "threshold": 0.7250000000000001,
      "accuracy": 0.7738184546136534,
      "accuracy_std": 0.0,
      "precision": 0.214683789677732,
      "precision_std": 0.0,
      "recall": 0.47481243301178994,
      "recall_std": 0.0,
      "tnr": 0.8070373898547273,
      "tnr_std": 0.0,
      "fpr": 0.1929626101452727,
      "fpr_std": 0.0,
      "fnr": 0.5251875669882101,
      "fnr_std": 0.0,
      "f1": 0.29567829133989654,
      "f1_std": 0.0,
      "g_mean": 0.6190245444313234,
      "g_mean_std": 0.0,
      "true_positives": 886.0,
      "true_positives_std": 0.0,
      "false_positives": 3241.0,
      "false_positives_std": 0.0,
      "false_negatives": 980.0,
      "false_negatives_std": 0.0,
      "true_negatives": 13555.0,
      "true_negatives_std": 0.0,
      "n_rows": 18662.0,
      "n_rows_std": 0.0,
      "n_injected": 1866.0,
      "n_injected_std": 0.0,
      "n_predicted": 4127.0,
      "n_predicted_std": 0.0,
      "n_trials": 1
    }
  },
  "new_products": {
    "row_count": 29065,
    "product_count": 2333,
    "train_row_count": 99162,
    "train_product_count": 9331,
    "current_candidate_id": "rrcf__num_trees_40__tree_size_256__warmup_samples_32__threshold_0p8",
    "current_threshold": 0.8,
    "current_f1": 0.24555924263127074,
    "current_hyperparameters": {
      "num_trees": 40,
      "tree_size": 256,
      "warmup_samples": 32
    },
    "current_metrics": {
      "threshold": 0.8,
      "accuracy": 0.8670221916394288,
      "accuracy_std": 0.0,
      "precision": 0.2837167343256653,
      "precision_std": 0.0,
      "recall": 0.21644872677219545,
      "recall_std": 0.0,
      "tnr": 0.9392943155319393,
      "tnr_std": 0.0,
      "fpr": 0.060705684468060704,
      "fpr_std": 0.0,
      "fnr": 0.7835512732278045,
      "fnr_std": 0.0,
      "f1": 0.24555924263127074,
      "f1_std": 0.0,
      "g_mean": 0.45089805794796795,
      "g_mean_std": 0.0,
      "true_positives": 629.0,
      "true_positives_std": 0.0,
      "false_positives": 1588.0,
      "false_positives_std": 0.0,
      "false_negatives": 2277.0,
      "false_negatives_std": 0.0,
      "true_negatives": 24571.0,
      "true_negatives_std": 0.0,
      "n_rows": 29065.0,
      "n_rows_std": 0.0,
      "n_injected": 2906.0,
      "n_injected_std": 0.0,
      "n_predicted": 2217.0,
      "n_predicted_std": 0.0,
      "n_trials": 1
    },
    "best_candidate_id": "rrcf__num_trees_80__tree_size_128__warmup_samples_32__threshold_0p73",
    "best_threshold": 0.7250000000000001,
    "best_f1": 0.23458282950423218,
    "best_hyperparameters": {
      "num_trees": 80,
      "tree_size": 128,
      "warmup_samples": 32
    },
    "best_metrics": {
      "threshold": 0.7250000000000001,
      "accuracy": 0.8039910545329434,
      "accuracy_std": 0.0,
      "precision": 0.19241789728895747,
      "precision_std": 0.0,
      "recall": 0.30041293874741914,
      "recall_std": 0.0,
      "tnr": 0.85993348369586,
      "tnr_std": 0.0,
      "fpr": 0.14006651630414008,
      "fpr_std": 0.0,
      "fnr": 0.6995870612525809,
      "fnr_std": 0.0,
      "f1": 0.23458282950423218,
      "f1_std": 0.0,
      "g_mean": 0.5082668049011062,
      "g_mean_std": 0.0,
      "true_positives": 873.0,
      "true_positives_std": 0.0,
      "false_positives": 3664.0,
      "false_positives_std": 0.0,
      "false_negatives": 2033.0,
      "false_negatives_std": 0.0,
      "true_negatives": 22495.0,
      "true_negatives_std": 0.0,
      "n_rows": 29065.0,
      "n_rows_std": 0.0,
      "n_injected": 2906.0,
      "n_injected_std": 0.0,
      "n_predicted": 4537.0,
      "n_predicted_std": 0.0,
      "n_trials": 1
    }
  }
}
