{
  "new_prices": {
    "row_count": 18662,
    "product_count": 9331,
    "train_row_count": 99162,
    "train_product_count": 9331,
    "current_candidate_id": "eif__max_features_0p5__max_samples_256__n_estimators_100__threshold_0p2",
    "current_threshold": 0.2,
    "current_f1": 0.3300795915302598,
    "current_hyperparameters": {
      "n_estimators": 100,
      "max_samples": 256,
      "max_features": 0.5
    },
    "current_metrics": {
      "threshold": 0.2,
      "accuracy": 0.7609580966670239,
      "accuracy_std": 0.0,
      "precision": 0.22929271854788233,
      "precision_std": 0.0,
      "recall": 0.5889603429796356,
      "recall_std": 0.0,
      "tnr": 0.7800666825434627,
      "tnr_std": 0.0,
      "fpr": 0.21993331745653727,
      "fpr_std": 0.0,
      "fnr": 0.41103965702036444,
      "fnr_std": 0.0,
      "f1": 0.3300795915302598,
      "f1_std": 0.0,
      "g_mean": 0.6778114346171686,
      "g_mean_std": 0.0,
      "true_positives": 1099.0,
      "true_positives_std": 0.0,
      "false_positives": 3694.0,
      "false_positives_std": 0.0,
      "false_negatives": 767.0,
      "false_negatives_std": 0.0,
      "true_negatives": 13102.0,
      "true_negatives_std": 0.0,
      "n_rows": 18662.0,
      "n_rows_std": 0.0,
      "n_injected": 1866.0,
      "n_injected_std": 0.0,
      "n_predicted": 4793.0,
      "n_predicted_std": 0.0,
      "n_trials": 1
    },
    "best_candidate_id": "eif__max_features_0p5__max_samples_256__n_estimators_100__threshold_0p2",
    "best_threshold": 0.2,
    "best_f1": 0.3300795915302598,
    "best_hyperparameters": {
      "n_estimators": 100,
      "max_samples": 256,
      "max_features": 0.5
    },
    "best_metrics": {
      "threshold": 0.2,
      "accuracy": 0.7609580966670239,
      "accuracy_std": 0.0,
      "precision": 0.22929271854788233,
      "precision_std": 0.0,
      "recall": 0.5889603429796356,
      "recall_std": 0.0,
      "tnr": 0.7800666825434627,
      "tnr_std": 0.0,
      "fpr": 0.21993331745653727,
      "fpr_std": 0.0,
      "fnr": 0.41103965702036444,
      "fnr_std": 0.0,
      "f1": 0.3300795915302598,
      "f1_std": 0.0,
      "g_mean": 0.6778114346171686,
      "g_mean_std": 0.0,
      "true_positives": 1099.0,
      "true_positives_std": 0.0,
      "false_positives": 3694.0,
      "false_positives_std": 0.0,
      "false_negatives": 767.0,
      "false_negatives_std": 0.0,
      "true_negatives": 13102.0,
      "true_negatives_std": 0.0,
      "n_rows": 18662.0,
      "n_rows_std": 0.0,
      "n_injected": 1866.0,
      "n_injected_std": 0.0,
      "n_predicted": 4793.0,
      "n_predicted_std": 0.0,
      "n_trials": 1
    }
  },
  "new_products": {
    "row_count": 29065,
    "product_count": 2333,
    "train_row_count": 99162,
    "train_product_count": 9331,
    "current_candidate_id": "eif__max_features_0p5__max_samples_256__n_estimators_100__threshold_0p2",
    "current_threshold": 0.2,
    "current_f1": 0.15695652173913044,
    "current_hyperparameters": {
      "n_estimators": 100,
      "max_samples": 256,
      "max_features": 0.5
    },
    "current_metrics": {
      "threshold": 0.2,
      "accuracy": 0.46629967314639603,
      "accuracy_std": 0.0,
      "precision": 0.0931973667226023,
      "precision_std": 0.0,
      "recall": 0.4969029593943565,
      "recall_std": 0.0,
      "tnr": 0.4628999579494629,
      "tnr_std": 0.0,
      "fpr": 0.5371000420505371,
      "fpr_std": 0.0,
      "fnr": 0.5030970406056435,
      "fnr_std": 0.0,
      "f1": 0.15695652173913044,
      "f1_std": 0.0,
      "g_mean": 0.47960020747348653,
      "g_mean_std": 0.0,
      "true_positives": 1444.0,
      "true_positives_std": 0.0,
      "false_positives": 14050.0,
      "false_positives_std": 0.0,
      "false_negatives": 1462.0,
      "false_negatives_std": 0.0,
      "true_negatives": 12109.0,
      "true_negatives_std": 0.0,
      "n_rows": 29065.0,
      "n_rows_std": 0.0,
      "n_injected": 2906.0,
      "n_injected_std": 0.0,
      "n_predicted": 15494.0,
      "n_predicted_std": 0.0,
      "n_trials": 1
    },
    "best_candidate_id": "eif__max_features_0p5__max_samples_256__n_estimators_100__threshold_0p2",
    "best_threshold": 0.2,
    "best_f1": 0.15695652173913044,
    "best_hyperparameters": {
      "n_estimators": 100,
      "max_samples": 256,
      "max_features": 0.5
    },
    "best_metrics": {
      "threshold": 0.2,
      "accuracy": 0.46629967314639603,
      "accuracy_std": 0.0,
      "precision": 0.0931973667226023,
      "precision_std": 0.0,
      "recall": 0.4969029593943565,
      "recall_std": 0.0,
      "tnr": 0.4628999579494629,
      "tnr_std": 0.0,
      "fpr": 0.5371000420505371,
      "fpr_std": 0.0,
      "fnr": 0.5030970406056435,
      "fnr_std": 0.0,
      "f1": 0.15695652173913044,
      "f1_std": 0.0,
      "g_mean": 0.47960020747348653,
      "g_mean_std": 0.0,
      "true_positives": 1444.0,
      "true_positives_std": 0.0,
      "false_positives": 14050.0,
      "false_positives_std": 0.0,
      "false_negatives": 1462.0,
      "false_negatives_std": 0.0,
      "true_negatives": 12109.0,
      "true_negatives_std": 0.0,
      "n_rows": 29065.0,
      "n_rows_std": 0.0,
      "n_injected": 2906.0,
      "n_injected_std": 0.0,
      "n_predicted": 15494.0,
      "n_predicted_std": 0.0,
      "n_trials": 1
    }
  }
}
