{
  "new_prices": {
    "row_count": 65592,
    "product_count": 32796,
    "train_row_count": 753374,
    "train_product_count": 32796,
    "current_candidate_id": "if__contamination_auto__max_features_0p75__max_samples_512__n_estimators_200__threshold_0p42",
    "current_threshold": 0.42000000000000004,
    "current_f1": 0.790638478399208,
    "current_hyperparameters": {
      "n_estimators": 200,
      "max_samples": 512,
      "max_features": 0.75,
      "contamination": "auto"
    },
    "current_metrics": {
      "threshold": 0.42000000000000004,
      "accuracy": 0.9548572996706916,
      "accuracy_std": 0.0,
      "precision": 0.7372099156118144,
      "precision_std": 0.0,
      "recall": 0.8524165269095899,
      "recall_std": 0.0,
      "tnr": 0.9662392221299951,
      "tnr_std": 0.0,
      "fpr": 0.033760777870004914,
      "fpr_std": 0.0,
      "fnr": 0.14758347309041012,
      "fnr_std": 0.0,
      "f1": 0.790638478399208,
      "f1_std": 0.0,
      "g_mean": 0.9075451955092233,
      "g_mean_std": 0.0,
      "true_positives": 5591.0,
      "true_positives_std": 0.0,
      "false_positives": 1993.0,
      "false_positives_std": 0.0,
      "false_negatives": 968.0,
      "false_negatives_std": 0.0,
      "true_negatives": 57040.0,
      "true_negatives_std": 0.0,
      "n_rows": 65592.0,
      "n_rows_std": 0.0,
      "n_injected": 6559.0,
      "n_injected_std": 0.0,
      "n_predicted": 7584.0,
      "n_predicted_std": 0.0,
      "n_trials": 1
    },
    "best_candidate_id": "if__contamination_auto__max_features_0p75__max_samples_512__n_estimators_100__threshold_0p36",
    "best_threshold": 0.36,
    "best_f1": 0.7435835642848535,
    "best_hyperparameters": {
      "n_estimators": 100,
      "max_samples": 512,
      "max_features": 0.75,
      "contamination": "auto"
    },
    "best_metrics": {
      "threshold": 0.36,
      "accuracy": 0.9351140382973533,
      "accuracy_std": 0.0,
      "precision": 0.614702659627453,
      "precision_std": 0.0,
      "recall": 0.9408446409513646,
      "recall_std": 0.0,
      "tnr": 0.9344773262412549,
      "tnr_std": 0.0,
      "fpr": 0.06552267375874511,
      "fpr_std": 0.0,
      "fnr": 0.05915535904863546,
      "fnr_std": 0.0,
      "f1": 0.7435835642848535,
      "f1_std": 0.0,
      "g_mean": 0.9376555788159342,
      "g_mean_std": 0.0,
      "true_positives": 6171.0,
      "true_positives_std": 0.0,
      "false_positives": 3868.0,
      "false_positives_std": 0.0,
      "false_negatives": 388.0,
      "false_negatives_std": 0.0,
      "true_negatives": 55165.0,
      "true_negatives_std": 0.0,
      "n_rows": 65592.0,
      "n_rows_std": 0.0,
      "n_injected": 6559.0,
      "n_injected_std": 0.0,
      "n_predicted": 10039.0,
      "n_predicted_std": 0.0,
      "n_trials": 1
    }
  },
  "new_products": {
    "row_count": 203694,
    "product_count": 8200,
    "train_row_count": 753374,
    "train_product_count": 32796,
    "current_candidate_id": "if__contamination_auto__max_features_0p75__max_samples_512__n_estimators_200__threshold_0p42",
    "current_threshold": 0.42000000000000004,
    "current_f1": 0.588963660834455,
    "current_hyperparameters": {
      "n_estimators": 200,
      "max_samples": 512,
      "max_features": 0.75,
      "contamination": "auto"
    },
    "current_metrics": {
      "threshold": 0.42000000000000004,
      "accuracy": 0.8950484550354945,
      "accuracy_std": 0.0,
      "precision": 0.48405549761385547,
      "precision_std": 0.0,
      "recall": 0.7519269478128529,
      "recall_std": 0.0,
      "tnr": 0.9109504977498977,
      "tnr_std": 0.0,
      "fpr": 0.08904950225010227,
      "fpr_std": 0.0,
      "fnr": 0.24807305218714715,
      "fnr_std": 0.0,
      "f1": 0.588963660834455,
      "f1_std": 0.0,
      "g_mean": 0.82762807309907,
      "g_mean_std": 0.0,
      "true_positives": 15316.0,
      "true_positives_std": 0.0,
      "false_positives": 16325.0,
      "false_positives_std": 0.0,
      "false_negatives": 5053.0,
      "false_negatives_std": 0.0,
      "true_negatives": 167000.0,
      "true_negatives_std": 0.0,
      "n_rows": 203694.0,
      "n_rows_std": 0.0,
      "n_injected": 20369.0,
      "n_injected_std": 0.0,
      "n_predicted": 31641.0,
      "n_predicted_std": 0.0,
      "n_trials": 1
    },
    "best_candidate_id": "if__contamination_auto__max_features_0p75__max_samples_512__n_estimators_100__threshold_0p36",
    "best_threshold": 0.36,
    "best_f1": 0.5359409198985938,
    "best_hyperparameters": {
      "n_estimators": 100,
      "max_samples": 512,
      "max_features": 0.75,
      "contamination": "auto"
    },
    "best_metrics": {
      "threshold": 0.36,
      "accuracy": 0.8553172896599802,
      "accuracy_std": 0.0,
      "precision": 0.39450136770364874,
      "precision_std": 0.0,
      "recall": 0.8354852962835682,
      "recall_std": 0.0,
      "tnr": 0.8575207963998364,
      "tnr_std": 0.0,
      "fpr": 0.14247920360016364,
      "fpr_std": 0.0,
      "fnr": 0.16451470371643184,
      "fnr_std": 0.0,
      "f1": 0.5359409198985938,
      "f1_std": 0.0,
      "g_mean": 0.846431341958365,
      "g_mean_std": 0.0,
      "true_positives": 17018.0,
      "true_positives_std": 0.0,
      "false_positives": 26120.0,
      "false_positives_std": 0.0,
      "false_negatives": 3351.0,
      "false_negatives_std": 0.0,
      "true_negatives": 157205.0,
      "true_negatives_std": 0.0,
      "n_rows": 203694.0,
      "n_rows_std": 0.0,
      "n_injected": 20369.0,
      "n_injected_std": 0.0,
      "n_predicted": 43138.0,
      "n_predicted_std": 0.0,
      "n_trials": 1
    }
  }
}
