{
  "new_prices": {
    "row_count": 192792,
    "product_count": 96396,
    "train_row_count": 2148858,
    "train_product_count": 96396,
    "current_candidate_id": "if__contamination_auto__max_features_0p75__max_samples_512__n_estimators_200__threshold_0p42",
    "current_threshold": 0.42000000000000004,
    "current_f1": 0.7285402143377379,
    "current_hyperparameters": {
      "n_estimators": 200,
      "max_samples": 512,
      "max_features": 0.75,
      "contamination": "auto"
    },
    "current_metrics": {
      "threshold": 0.42000000000000004,
      "accuracy": 0.9458691232001328,
      "accuracy_std": 0.0,
      "precision": 0.7307070180015653,
      "precision_std": 0.0,
      "recall": 0.7263862233518336,
      "recall_std": 0.0,
      "tnr": 0.9702558309752007,
      "tnr_std": 0.0,
      "fpr": 0.029744169024799295,
      "fpr_std": 0.0,
      "fnr": 0.2736137766481664,
      "fnr_std": 0.0,
      "f1": 0.7285402143377379,
      "f1_std": 0.0,
      "g_mean": 0.8395120420501251,
      "g_mean_std": 0.0,
      "true_positives": 14004.0,
      "true_positives_std": 0.0,
      "false_positives": 5161.0,
      "false_positives_std": 0.0,
      "false_negatives": 5275.0,
      "false_negatives_std": 0.0,
      "true_negatives": 168352.0,
      "true_negatives_std": 0.0,
      "n_rows": 192792.0,
      "n_rows_std": 0.0,
      "n_injected": 19279.0,
      "n_injected_std": 0.0,
      "n_predicted": 19165.0,
      "n_predicted_std": 0.0,
      "n_trials": 1
    },
    "best_candidate_id": "if__contamination_auto__max_features_0p75__max_samples_256__n_estimators_200__threshold_0p3",
    "best_threshold": 0.3,
    "best_f1": 0.6686888990406579,
    "best_hyperparameters": {
      "n_estimators": 200,
      "max_samples": 256,
      "max_features": 0.75,
      "contamination": "auto"
    },
    "best_metrics": {
      "threshold": 0.3,
      "accuracy": 0.9059556413129175,
      "accuracy_std": 0.0,
      "precision": 0.5161936466738137,
      "precision_std": 0.0,
      "recall": 0.9490637481197157,
      "recall_std": 0.0,
      "tnr": 0.9011659068772945,
      "tnr_std": 0.0,
      "fpr": 0.0988340931227055,
      "fpr_std": 0.0,
      "fnr": 0.05093625188028425,
      "fnr_std": 0.0,
      "f1": 0.6686888990406579,
      "f1_std": 0.0,
      "g_mean": 0.924804786567775,
      "g_mean_std": 0.0,
      "true_positives": 18297.0,
      "true_positives_std": 0.0,
      "false_positives": 17149.0,
      "false_positives_std": 0.0,
      "false_negatives": 982.0,
      "false_negatives_std": 0.0,
      "true_negatives": 156364.0,
      "true_negatives_std": 0.0,
      "n_rows": 192792.0,
      "n_rows_std": 0.0,
      "n_injected": 19279.0,
      "n_injected_std": 0.0,
      "n_predicted": 35446.0,
      "n_predicted_std": 0.0,
      "n_trials": 1
    }
  },
  "new_products": {
    "row_count": 586168,
    "product_count": 24099,
    "train_row_count": 2148858,
    "train_product_count": 96396,
    "current_candidate_id": "if__contamination_auto__max_features_0p75__max_samples_512__n_estimators_200__threshold_0p42",
    "current_threshold": 0.42000000000000004,
    "current_f1": 0.5095903350142447,
    "current_hyperparameters": {
      "n_estimators": 200,
      "max_samples": 512,
      "max_features": 0.75,
      "contamination": "auto"
    },
    "current_metrics": {
      "threshold": 0.42000000000000004,
      "accuracy": 0.8901680064418392,
      "accuracy_std": 0.0,
      "precision": 0.46033690236987695,
      "precision_std": 0.0,
      "recall": 0.5706462399344889,
      "recall_std": 0.0,
      "tnr": 0.9256698865704234,
      "tnr_std": 0.0,
      "fpr": 0.07433011342957661,
      "fpr_std": 0.0,
      "fnr": 0.4293537600655111,
      "fnr_std": 0.0,
      "f1": 0.5095903350142447,
      "f1_std": 0.0,
      "g_mean": 0.7267943589434338,
      "g_mean_std": 0.0,
      "true_positives": 33449.0,
      "true_positives_std": 0.0,
      "false_positives": 39213.0,
      "false_positives_std": 0.0,
      "false_negatives": 25167.0,
      "false_negatives_std": 0.0,
      "true_negatives": 488339.0,
      "true_negatives_std": 0.0,
      "n_rows": 586168.0,
      "n_rows_std": 0.0,
      "n_injected": 58616.0,
      "n_injected_std": 0.0,
      "n_predicted": 72662.0,
      "n_predicted_std": 0.0,
      "n_trials": 1
    },
    "best_candidate_id": "if__contamination_auto__max_features_0p75__max_samples_256__n_estimators_200__threshold_0p3",
    "best_threshold": 0.3,
    "best_f1": 0.4934661519294266,
    "best_hyperparameters": {
      "n_estimators": 200,
      "max_samples": 256,
      "max_features": 0.75,
      "contamination": "auto"
    },
    "best_metrics": {
      "threshold": 0.3,
      "accuracy": 0.8453259133900178,
      "accuracy_std": 0.0,
      "precision": 0.3668785046728972,
      "precision_std": 0.0,
      "recall": 0.7534290978572403,
      "recall_std": 0.0,
      "tnr": 0.8555365158316147,
      "tnr_std": 0.0,
      "fpr": 0.1444634841683853,
      "fpr_std": 0.0,
      "fnr": 0.24657090214275965,
      "fnr_std": 0.0,
      "f1": 0.4934661519294266,
      "f1_std": 0.0,
      "g_mean": 0.802861199278518,
      "g_mean_std": 0.0,
      "true_positives": 44163.0,
      "true_positives_std": 0.0,
      "false_positives": 76212.0,
      "false_positives_std": 0.0,
      "false_negatives": 14453.0,
      "false_negatives_std": 0.0,
      "true_negatives": 451340.0,
      "true_negatives_std": 0.0,
      "n_rows": 586168.0,
      "n_rows_std": 0.0,
      "n_injected": 58616.0,
      "n_injected_std": 0.0,
      "n_predicted": 120375.0,
      "n_predicted_std": 0.0,
      "n_trials": 1
    }
  }
}
