{
  "new_prices": {
    "row_count": 79760,
    "product_count": 39880,
    "train_row_count": 1069184,
    "train_product_count": 39880,
    "current_candidate_id": "if__contamination_auto__max_features_0p75__max_samples_512__n_estimators_200__threshold_0p42",
    "current_threshold": 0.42000000000000004,
    "current_f1": 0.7861840156407369,
    "current_hyperparameters": {
      "n_estimators": 200,
      "max_samples": 512,
      "max_features": 0.75,
      "contamination": "auto"
    },
    "current_metrics": {
      "threshold": 0.42000000000000004,
      "accuracy": 0.9547517552657974,
      "accuracy_std": 0.0,
      "precision": 0.7452544086263058,
      "precision_std": 0.0,
      "recall": 0.8318706118355065,
      "recall_std": 0.0,
      "tnr": 0.9684052156469408,
      "tnr_std": 0.0,
      "fpr": 0.03159478435305918,
      "fpr_std": 0.0,
      "fnr": 0.1681293881644935,
      "fnr_std": 0.0,
      "f1": 0.7861840156407369,
      "f1_std": 0.0,
      "g_mean": 0.8975454524674036,
      "g_mean_std": 0.0,
      "true_positives": 6635.0,
      "true_positives_std": 0.0,
      "false_positives": 2268.0,
      "false_positives_std": 0.0,
      "false_negatives": 1341.0,
      "false_negatives_std": 0.0,
      "true_negatives": 69516.0,
      "true_negatives_std": 0.0,
      "n_rows": 79760.0,
      "n_rows_std": 0.0,
      "n_injected": 7976.0,
      "n_injected_std": 0.0,
      "n_predicted": 8903.0,
      "n_predicted_std": 0.0,
      "n_trials": 1
    },
    "best_candidate_id": "if__contamination_auto__max_features_0p75__max_samples_512__n_estimators_100__threshold_0p36",
    "best_threshold": 0.36,
    "best_f1": 0.7805349333875724,
    "best_hyperparameters": {
      "n_estimators": 100,
      "max_samples": 512,
      "max_features": 0.75,
      "contamination": "auto"
    },
    "best_metrics": {
      "threshold": 0.36,
      "accuracy": 0.9458876629889669,
      "accuracy_std": 0.0,
      "precision": 0.6565440547476475,
      "precision_std": 0.0,
      "recall": 0.9622617853560682,
      "recall_std": 0.0,
      "tnr": 0.944068316059289,
      "tnr_std": 0.0,
      "fpr": 0.05593168394071102,
      "fpr_std": 0.0,
      "fnr": 0.037738214643931796,
      "fnr_std": 0.0,
      "f1": 0.7805349333875724,
      "f1_std": 0.0,
      "g_mean": 0.9531216414022442,
      "g_mean_std": 0.0,
      "true_positives": 7675.0,
      "true_positives_std": 0.0,
      "false_positives": 4015.0,
      "false_positives_std": 0.0,
      "false_negatives": 301.0,
      "false_negatives_std": 0.0,
      "true_negatives": 67769.0,
      "true_negatives_std": 0.0,
      "n_rows": 79760.0,
      "n_rows_std": 0.0,
      "n_injected": 7976.0,
      "n_injected_std": 0.0,
      "n_predicted": 11690.0,
      "n_predicted_std": 0.0,
      "n_trials": 1
    }
  },
  "new_products": {
    "row_count": 287190,
    "product_count": 9970,
    "train_row_count": 1069184,
    "train_product_count": 39880,
    "current_candidate_id": "if__contamination_auto__max_features_0p75__max_samples_512__n_estimators_200__threshold_0p42",
    "current_threshold": 0.42000000000000004,
    "current_f1": 0.5942631327928051,
    "current_hyperparameters": {
      "n_estimators": 200,
      "max_samples": 512,
      "max_features": 0.75,
      "contamination": "auto"
    },
    "current_metrics": {
      "threshold": 0.42000000000000004,
      "accuracy": 0.8963229917476235,
      "accuracy_std": 0.0,
      "precision": 0.48817892804370216,
      "precision_std": 0.0,
      "recall": 0.759253455900275,
      "recall_std": 0.0,
      "tnr": 0.9115529401751067,
      "tnr_std": 0.0,
      "fpr": 0.08844705982489331,
      "fpr_std": 0.0,
      "fnr": 0.24074654409972493,
      "fnr_std": 0.0,
      "f1": 0.5942631327928051,
      "f1_std": 0.0,
      "g_mean": 0.8319253091858706,
      "g_mean_std": 0.0,
      "true_positives": 21805.0,
      "true_positives_std": 0.0,
      "false_positives": 22861.0,
      "false_positives_std": 0.0,
      "false_negatives": 6914.0,
      "false_negatives_std": 0.0,
      "true_negatives": 235610.0,
      "true_negatives_std": 0.0,
      "n_rows": 287190.0,
      "n_rows_std": 0.0,
      "n_injected": 28719.0,
      "n_injected_std": 0.0,
      "n_predicted": 44666.0,
      "n_predicted_std": 0.0,
      "n_trials": 1
    },
    "best_candidate_id": "if__contamination_auto__max_features_0p75__max_samples_512__n_estimators_100__threshold_0p36",
    "best_threshold": 0.36,
    "best_f1": 0.5952956013753882,
    "best_hyperparameters": {
      "n_estimators": 100,
      "max_samples": 512,
      "max_features": 0.75,
      "contamination": "auto"
    },
    "best_metrics": {
      "threshold": 0.36,
      "accuracy": 0.8815592464918695,
      "accuracy_std": 0.0,
      "precision": 0.45214169528284837,
      "precision_std": 0.0,
      "recall": 0.8710957902433929,
      "recall_std": 0.0,
      "tnr": 0.8827218527417002,
      "tnr_std": 0.0,
      "fpr": 0.11727814725829977,
      "fpr_std": 0.0,
      "fnr": 0.12890420975660713,
      "fnr_std": 0.0,
      "f1": 0.5952956013753882,
      "f1_std": 0.0,
      "g_mean": 0.876889553979943,
      "g_mean_std": 0.0,
      "true_positives": 25017.0,
      "true_positives_std": 0.0,
      "false_positives": 30313.0,
      "false_positives_std": 0.0,
      "false_negatives": 3702.0,
      "false_negatives_std": 0.0,
      "true_negatives": 228158.0,
      "true_negatives_std": 0.0,
      "n_rows": 287190.0,
      "n_rows_std": 0.0,
      "n_injected": 28719.0,
      "n_injected_std": 0.0,
      "n_predicted": 55330.0,
      "n_predicted_std": 0.0,
      "n_trials": 1
    }
  }
}
