{
  "new_prices": {
    "row_count": 122136,
    "product_count": 61068,
    "train_row_count": 1083500,
    "train_product_count": 61068,
    "current_candidate_id": "if__contamination_auto__max_features_0p75__max_samples_512__n_estimators_200__threshold_0p42",
    "current_threshold": 0.42000000000000004,
    "current_f1": 0.727090274154056,
    "current_hyperparameters": {
      "n_estimators": 200,
      "max_samples": 512,
      "max_features": 0.75,
      "contamination": "auto"
    },
    "current_metrics": {
      "threshold": 0.42000000000000004,
      "accuracy": 0.9443325473242943,
      "accuracy_std": 0.0,
      "precision": 0.7131496062992126,
      "precision_std": 0.0,
      "recall": 0.7415868337017931,
      "recall_std": 0.0,
      "tnr": 0.9668586192152688,
      "tnr_std": 0.0,
      "fpr": 0.03314138078473113,
      "fpr_std": 0.0,
      "fnr": 0.2584131662982068,
      "fnr_std": 0.0,
      "f1": 0.727090274154056,
      "f1_std": 0.0,
      "g_mean": 0.8467642068847377,
      "g_mean_std": 0.0,
      "true_positives": 9057.0,
      "true_positives_std": 0.0,
      "false_positives": 3643.0,
      "false_positives_std": 0.0,
      "false_negatives": 3156.0,
      "false_negatives_std": 0.0,
      "true_negatives": 106280.0,
      "true_negatives_std": 0.0,
      "n_rows": 122136.0,
      "n_rows_std": 0.0,
      "n_injected": 12213.0,
      "n_injected_std": 0.0,
      "n_predicted": 12700.0,
      "n_predicted_std": 0.0,
      "n_trials": 1
    },
    "best_candidate_id": "if__contamination_auto__max_features_0p75__max_samples_256__n_estimators_200__threshold_0p3",
    "best_threshold": 0.3,
    "best_f1": 0.6140408163265306,
    "best_hyperparameters": {
      "n_estimators": 200,
      "max_samples": 256,
      "max_features": 0.75,
      "contamination": "auto"
    },
    "best_metrics": {
      "threshold": 0.3,
      "accuracy": 0.8838671644723914,
      "accuracy_std": 0.0,
      "precision": 0.45983616579043896,
      "precision_std": 0.0,
      "recall": 0.9238516335052812,
      "recall_std": 0.0,
      "tnr": 0.8794246881908245,
      "tnr_std": 0.0,
      "fpr": 0.12057531180917551,
      "fpr_std": 0.0,
      "fnr": 0.07614836649471875,
      "fnr_std": 0.0,
      "f1": 0.6140408163265306,
      "f1_std": 0.0,
      "g_mean": 0.9013644849504366,
      "g_mean_std": 0.0,
      "true_positives": 11283.0,
      "true_positives_std": 0.0,
      "false_positives": 13254.0,
      "false_positives_std": 0.0,
      "false_negatives": 930.0,
      "false_negatives_std": 0.0,
      "true_negatives": 96669.0,
      "true_negatives_std": 0.0,
      "n_rows": 122136.0,
      "n_rows_std": 0.0,
      "n_injected": 12213.0,
      "n_injected_std": 0.0,
      "n_predicted": 24537.0,
      "n_predicted_std": 0.0,
      "n_trials": 1
    }
  },
  "new_products": {
    "row_count": 303503,
    "product_count": 15268,
    "train_row_count": 1083500,
    "train_product_count": 61068,
    "current_candidate_id": "if__contamination_auto__max_features_0p75__max_samples_512__n_estimators_200__threshold_0p42",
    "current_threshold": 0.42000000000000004,
    "current_f1": 0.5496205151793929,
    "current_hyperparameters": {
      "n_estimators": 200,
      "max_samples": 512,
      "max_features": 0.75,
      "contamination": "auto"
    },
    "current_metrics": {
      "threshold": 0.42000000000000004,
      "accuracy": 0.8967654355970123,
      "accuracy_std": 0.0,
      "precision": 0.4874802386659187,
      "precision_std": 0.0,
      "recall": 0.6299176276771005,
      "recall_std": 0.0,
      "tnr": 0.9264148663935596,
      "tnr_std": 0.0,
      "fpr": 0.07358513360644035,
      "fpr_std": 0.0,
      "fnr": 0.37008237232289953,
      "fnr_std": 0.0,
      "f1": 0.5496205151793929,
      "f1_std": 0.0,
      "g_mean": 0.7639142981273679,
      "g_mean_std": 0.0,
      "true_positives": 19118.0,
      "true_positives_std": 0.0,
      "false_positives": 20100.0,
      "false_positives_std": 0.0,
      "false_negatives": 11232.0,
      "false_negatives_std": 0.0,
      "true_negatives": 253053.0,
      "true_negatives_std": 0.0,
      "n_rows": 303503.0,
      "n_rows_std": 0.0,
      "n_injected": 30350.0,
      "n_injected_std": 0.0,
      "n_predicted": 39218.0,
      "n_predicted_std": 0.0,
      "n_trials": 1
    },
    "best_candidate_id": "if__contamination_auto__max_features_0p75__max_samples_256__n_estimators_200__threshold_0p3",
    "best_threshold": 0.3,
    "best_f1": 0.5193687824450374,
    "best_hyperparameters": {
      "n_estimators": 200,
      "max_samples": 256,
      "max_features": 0.75,
      "contamination": "auto"
    },
    "best_metrics": {
      "threshold": 0.3,
      "accuracy": 0.8468614807761373,
      "accuracy_std": 0.0,
      "precision": 0.3784663612249819,
      "precision_std": 0.0,
      "recall": 0.8274135090609556,
      "recall_std": 0.0,
      "tnr": 0.8490223427895721,
      "tnr_std": 0.0,
      "fpr": 0.15097765721042786,
      "fpr_std": 0.0,
      "fnr": 0.1725864909390445,
      "fnr_std": 0.0,
      "f1": 0.5193687824450374,
      "f1_std": 0.0,
      "g_mean": 0.838148289933633,
      "g_mean_std": 0.0,
      "true_positives": 25112.0,
      "true_positives_std": 0.0,
      "false_positives": 41240.0,
      "false_positives_std": 0.0,
      "false_negatives": 5238.0,
      "false_negatives_std": 0.0,
      "true_negatives": 231913.0,
      "true_negatives_std": 0.0,
      "n_rows": 303503.0,
      "n_rows_std": 0.0,
      "n_injected": 30350.0,
      "n_injected_std": 0.0,
      "n_predicted": 66352.0,
      "n_predicted_std": 0.0,
      "n_trials": 1
    }
  }
}
