{
  "new_prices": {
    "row_count": 75180,
    "product_count": 37590,
    "train_row_count": 924751,
    "train_product_count": 37590,
    "current_candidate_id": "if__contamination_auto__max_features_0p75__max_samples_512__n_estimators_200__threshold_0p42",
    "current_threshold": 0.42000000000000004,
    "current_f1": 0.7738197953901147,
    "current_hyperparameters": {
      "n_estimators": 200,
      "max_samples": 512,
      "max_features": 0.75,
      "contamination": "auto"
    },
    "current_metrics": {
      "threshold": 0.42000000000000004,
      "accuracy": 0.9511838254855015,
      "accuracy_std": 0.0,
      "precision": 0.7209462563160313,
      "precision_std": 0.0,
      "recall": 0.8350625166267625,
      "recall_std": 0.0,
      "tnr": 0.9640861931364725,
      "tnr_std": 0.0,
      "fpr": 0.035913806863527534,
      "fpr_std": 0.0,
      "fnr": 0.16493748337323758,
      "fnr_std": 0.0,
      "f1": 0.7738197953901147,
      "f1_std": 0.0,
      "g_mean": 0.8972581806178519,
      "g_mean_std": 0.0,
      "true_positives": 6278.0,
      "true_positives_std": 0.0,
      "false_positives": 2430.0,
      "false_positives_std": 0.0,
      "false_negatives": 1240.0,
      "false_negatives_std": 0.0,
      "true_negatives": 65232.0,
      "true_negatives_std": 0.0,
      "n_rows": 75180.0,
      "n_rows_std": 0.0,
      "n_injected": 7518.0,
      "n_injected_std": 0.0,
      "n_predicted": 8708.0,
      "n_predicted_std": 0.0,
      "n_trials": 1
    },
    "best_candidate_id": "if__contamination_auto__max_features_0p75__max_samples_256__n_estimators_200__threshold_0p36",
    "best_threshold": 0.36,
    "best_f1": 0.7026895104212427,
    "best_hyperparameters": {
      "n_estimators": 200,
      "max_samples": 256,
      "max_features": 0.75,
      "contamination": "auto"
    },
    "best_metrics": {
      "threshold": 0.36,
      "accuracy": 0.9189811119978718,
      "accuracy_std": 0.0,
      "precision": 0.5550158069242038,
      "precision_std": 0.0,
      "recall": 0.9574354881617452,
      "recall_std": 0.0,
      "tnr": 0.9147084035352192,
      "tnr_std": 0.0,
      "fpr": 0.08529159646478082,
      "fpr_std": 0.0,
      "fnr": 0.042564511838254854,
      "fnr_std": 0.0,
      "f1": 0.7026895104212427,
      "f1_std": 0.0,
      "g_mean": 0.9358281289127791,
      "g_mean_std": 0.0,
      "true_positives": 7198.0,
      "true_positives_std": 0.0,
      "false_positives": 5771.0,
      "false_positives_std": 0.0,
      "false_negatives": 320.0,
      "false_negatives_std": 0.0,
      "true_negatives": 61891.0,
      "true_negatives_std": 0.0,
      "n_rows": 75180.0,
      "n_rows_std": 0.0,
      "n_injected": 7518.0,
      "n_injected_std": 0.0,
      "n_predicted": 12969.0,
      "n_predicted_std": 0.0,
      "n_trials": 1
    }
  },
  "new_products": {
    "row_count": 250271,
    "product_count": 9398,
    "train_row_count": 924751,
    "train_product_count": 37590,
    "current_candidate_id": "if__contamination_auto__max_features_0p75__max_samples_512__n_estimators_200__threshold_0p42",
    "current_threshold": 0.42000000000000004,
    "current_f1": 0.5969664834988271,
    "current_hyperparameters": {
      "n_estimators": 200,
      "max_samples": 512,
      "max_features": 0.75,
      "contamination": "auto"
    },
    "current_metrics": {
      "threshold": 0.42000000000000004,
      "accuracy": 0.8997726464512469,
      "accuracy_std": 0.0,
      "precision": 0.4992340974443041,
      "precision_std": 0.0,
      "recall": 0.7422783393934551,
      "recall_std": 0.0,
      "tnr": 0.9172719362113975,
      "tnr_std": 0.0,
      "fpr": 0.08272806378860258,
      "fpr_std": 0.0,
      "fnr": 0.25772166060654494,
      "fnr_std": 0.0,
      "f1": 0.5969664834988271,
      "f1_std": 0.0,
      "g_mean": 0.8251491317229968,
      "g_mean_std": 0.0,
      "true_positives": 18577.0,
      "true_positives_std": 0.0,
      "false_positives": 18634.0,
      "false_positives_std": 0.0,
      "false_negatives": 6450.0,
      "false_negatives_std": 0.0,
      "true_negatives": 206610.0,
      "true_negatives_std": 0.0,
      "n_rows": 250271.0,
      "n_rows_std": 0.0,
      "n_injected": 25027.0,
      "n_injected_std": 0.0,
      "n_predicted": 37211.0,
      "n_predicted_std": 0.0,
      "n_trials": 1
    },
    "best_candidate_id": "if__contamination_auto__max_features_0p75__max_samples_256__n_estimators_200__threshold_0p36",
    "best_threshold": 0.36,
    "best_f1": 0.5695451020244431,
    "best_hyperparameters": {
      "n_estimators": 200,
      "max_samples": 256,
      "max_features": 0.75,
      "contamination": "auto"
    },
    "best_metrics": {
      "threshold": 0.36,
      "accuracy": 0.871371433366231,
      "accuracy_std": 0.0,
      "precision": 0.42800297433630097,
      "precision_std": 0.0,
      "recall": 0.8509609621608663,
      "recall_std": 0.0,
      "tnr": 0.8736392534318339,
      "tnr_std": 0.0,
      "fpr": 0.12636074656816607,
      "fpr_std": 0.0,
      "fnr": 0.14903903783913375,
      "fnr_std": 0.0,
      "f1": 0.5695451020244431,
      "f1_std": 0.0,
      "g_mean": 0.8622255503531858,
      "g_mean_std": 0.0,
      "true_positives": 21297.0,
      "true_positives_std": 0.0,
      "false_positives": 28462.0,
      "false_positives_std": 0.0,
      "false_negatives": 3730.0,
      "false_negatives_std": 0.0,
      "true_negatives": 196782.0,
      "true_negatives_std": 0.0,
      "n_rows": 250271.0,
      "n_rows_std": 0.0,
      "n_injected": 25027.0,
      "n_injected_std": 0.0,
      "n_predicted": 49759.0,
      "n_predicted_std": 0.0,
      "n_trials": 1
    }
  }
}
