{
  "new_prices": {
    "row_count": 698274,
    "product_count": 349137,
    "train_row_count": 7325876,
    "train_product_count": 349137,
    "current_candidate_id": "if__contamination_auto__max_features_0p75__max_samples_512__n_estimators_200__threshold_0p42",
    "current_threshold": 0.42000000000000004,
    "current_f1": 0.7092285685387738,
    "current_hyperparameters": {
      "n_estimators": 200,
      "max_samples": 512,
      "max_features": 0.75,
      "contamination": "auto"
    },
    "current_metrics": {
      "threshold": 0.42000000000000004,
      "accuracy": 0.9423607351841827,
      "accuracy_std": 0.0,
      "precision": 0.715618667172078,
      "precision_std": 0.0,
      "recall": 0.7029515803342546,
      "recall_std": 0.0,
      "tnr": 0.9689615830770136,
      "tnr_std": 0.0,
      "fpr": 0.031038416922986346,
      "fpr_std": 0.0,
      "fnr": 0.29704841966574536,
      "fnr_std": 0.0,
      "f1": 0.7092285685387738,
      "f1_std": 0.0,
      "g_mean": 0.8253078674695691,
      "g_mean_std": 0.0,
      "true_positives": 49085.0,
      "true_positives_std": 0.0,
      "false_positives": 19506.0,
      "false_positives_std": 0.0,
      "false_negatives": 20742.0,
      "false_negatives_std": 0.0,
      "true_negatives": 608941.0,
      "true_negatives_std": 0.0,
      "n_rows": 698274.0,
      "n_rows_std": 0.0,
      "n_injected": 69827.0,
      "n_injected_std": 0.0,
      "n_predicted": 68591.0,
      "n_predicted_std": 0.0,
      "n_trials": 1
    },
    "best_candidate_id": "if__contamination_auto__max_features_0p5__max_samples_256__n_estimators_100__threshold_0p3",
    "best_threshold": 0.3,
    "best_f1": 0.6200774837091244,
    "best_hyperparameters": {
      "n_estimators": 100,
      "max_samples": 256,
      "max_features": 0.5,
      "contamination": "auto"
    },
    "best_metrics": {
      "threshold": 0.3,
      "accuracy": 0.8900360030589711,
      "accuracy_std": 0.0,
      "precision": 0.47369972785001513,
      "precision_std": 0.0,
      "recall": 0.89737494092543,
      "recall_std": 0.0,
      "tnr": 0.8892205707084289,
      "tnr_std": 0.0,
      "fpr": 0.11077942929157113,
      "fpr_std": 0.0,
      "fnr": 0.10262505907457001,
      "fnr_std": 0.0,
      "f1": 0.6200774837091244,
      "f1_std": 0.0,
      "g_mean": 0.8932884512346242,
      "g_mean_std": 0.0,
      "true_positives": 62661.0,
      "true_positives_std": 0.0,
      "false_positives": 69619.0,
      "false_positives_std": 0.0,
      "false_negatives": 7166.0,
      "false_negatives_std": 0.0,
      "true_negatives": 558828.0,
      "true_negatives_std": 0.0,
      "n_rows": 698274.0,
      "n_rows_std": 0.0,
      "n_injected": 69827.0,
      "n_injected_std": 0.0,
      "n_predicted": 132280.0,
      "n_predicted_std": 0.0,
      "n_trials": 1
    }
  },
  "new_products": {
    "row_count": 2008580,
    "product_count": 87285,
    "train_row_count": 7325876,
    "train_product_count": 349137,
    "current_candidate_id": "if__contamination_auto__max_features_0p75__max_samples_512__n_estimators_200__threshold_0p42",
    "current_threshold": 0.42000000000000004,
    "current_f1": 0.4890072758230281,
    "current_hyperparameters": {
      "n_estimators": 200,
      "max_samples": 512,
      "max_features": 0.75,
      "contamination": "auto"
    },
    "current_metrics": {
      "threshold": 0.42000000000000004,
      "accuracy": 0.884053410867379,
      "accuracy_std": 0.0,
      "precision": 0.4371709468100966,
      "precision_std": 0.0,
      "recall": 0.5547899511097392,
      "recall_std": 0.0,
      "tnr": 0.9206382397293389,
      "tnr_std": 0.0,
      "fpr": 0.07936176027066108,
      "fpr_std": 0.0,
      "fnr": 0.4452100488902608,
      "fnr_std": 0.0,
      "f1": 0.4890072758230281,
      "f1_std": 0.0,
      "g_mean": 0.7146753416826387,
      "g_mean_std": 0.0,
      "true_positives": 111434.0,
      "true_positives_std": 0.0,
      "false_positives": 143464.0,
      "false_positives_std": 0.0,
      "false_negatives": 89424.0,
      "false_negatives_std": 0.0,
      "true_negatives": 1664258.0,
      "true_negatives_std": 0.0,
      "n_rows": 2008580.0,
      "n_rows_std": 0.0,
      "n_injected": 200858.0,
      "n_injected_std": 0.0,
      "n_predicted": 254898.0,
      "n_predicted_std": 0.0,
      "n_trials": 1
    },
    "best_candidate_id": "if__contamination_auto__max_features_0p5__max_samples_256__n_estimators_100__threshold_0p3",
    "best_threshold": 0.3,
    "best_f1": 0.45008539022951977,
    "best_hyperparameters": {
      "n_estimators": 100,
      "max_samples": 256,
      "max_features": 0.5,
      "contamination": "auto"
    },
    "best_metrics": {
      "threshold": 0.3,
      "accuracy": 0.8212513317866353,
      "accuracy_std": 0.0,
      "precision": 0.3250403183880609,
      "precision_std": 0.0,
      "recall": 0.7314968783916996,
      "recall_std": 0.0,
      "tnr": 0.831224048830517,
      "tnr_std": 0.0,
      "fpr": 0.1687759511694829,
      "fpr_std": 0.0,
      "fnr": 0.26850312160830037,
      "fnr_std": 0.0,
      "f1": 0.45008539022951977,
      "f1_std": 0.0,
      "g_mean": 0.7797677839995911,
      "g_mean_std": 0.0,
      "true_positives": 146927.0,
      "true_positives_std": 0.0,
      "false_positives": 305100.0,
      "false_positives_std": 0.0,
      "false_negatives": 53931.0,
      "false_negatives_std": 0.0,
      "true_negatives": 1502622.0,
      "true_negatives_std": 0.0,
      "n_rows": 2008580.0,
      "n_rows_std": 0.0,
      "n_injected": 200858.0,
      "n_injected_std": 0.0,
      "n_predicted": 452027.0,
      "n_predicted_std": 0.0,
      "n_trials": 1
    }
  }
}
