{
  "new_prices": {
    "row_count": 73844,
    "product_count": 36922,
    "train_row_count": 507486,
    "train_product_count": 36922,
    "current_candidate_id": "rrcf__num_trees_40__tree_size_256__warmup_samples_32__threshold_0p8",
    "current_threshold": 0.8,
    "current_f1": 0.08399812294697324,
    "current_hyperparameters": {
      "num_trees": 40,
      "tree_size": 256,
      "warmup_samples": 32
    },
    "current_metrics": {
      "threshold": 0.8,
      "accuracy": 0.8942635826878284,
      "accuracy_std": 0.0,
      "precision": 0.3140350877192982,
      "precision_std": 0.0,
      "recall": 0.04848320693391116,
      "recall_std": 0.0,
      "tnr": 0.9882335239241649,
      "tnr_std": 0.0,
      "fpr": 0.01176647607583509,
      "fpr_std": 0.0,
      "fnr": 0.9515167930660888,
      "fnr_std": 0.0,
      "f1": 0.08399812294697324,
      "f1_std": 0.0,
      "g_mean": 0.21888976778151037,
      "g_mean_std": 0.0,
      "true_positives": 358.0,
      "true_positives_std": 0.0,
      "false_positives": 782.0,
      "false_positives_std": 0.0,
      "false_negatives": 7026.0,
      "false_negatives_std": 0.0,
      "true_negatives": 65678.0,
      "true_negatives_std": 0.0,
      "n_rows": 73844.0,
      "n_rows_std": 0.0,
      "n_injected": 7384.0,
      "n_injected_std": 0.0,
      "n_predicted": 1140.0,
      "n_predicted_std": 0.0,
      "n_trials": 1
    },
    "best_candidate_id": "rrcf__num_trees_80__tree_size_128__warmup_samples_32__threshold_0p65",
    "best_threshold": 0.6499999999999999,
    "best_f1": 0.24593446305611175,
    "best_hyperparameters": {
      "num_trees": 80,
      "tree_size": 128,
      "warmup_samples": 32
    },
    "best_metrics": {
      "threshold": 0.6499999999999999,
      "accuracy": 0.5817940523265261,
      "accuracy_std": 0.0,
      "precision": 0.15001489425081918,
      "precision_std": 0.0,
      "recall": 0.6820151679306609,
      "recall_std": 0.0,
      "tnr": 0.5706590430334035,
      "tnr_std": 0.0,
      "fpr": 0.42934095696659647,
      "fpr_std": 0.0,
      "fnr": 0.3179848320693391,
      "fnr_std": 0.0,
      "f1": 0.24593446305611175,
      "f1_std": 0.0,
      "g_mean": 0.6238574541235978,
      "g_mean_std": 0.0,
      "true_positives": 5036.0,
      "true_positives_std": 0.0,
      "false_positives": 28534.0,
      "false_positives_std": 0.0,
      "false_negatives": 2348.0,
      "false_negatives_std": 0.0,
      "true_negatives": 37926.0,
      "true_negatives_std": 0.0,
      "n_rows": 73844.0,
      "n_rows_std": 0.0,
      "n_injected": 7384.0,
      "n_injected_std": 0.0,
      "n_predicted": 33570.0,
      "n_predicted_std": 0.0,
      "n_trials": 1
    }
  },
  "new_products": {
    "row_count": 145415,
    "product_count": 9231,
    "train_row_count": 507486,
    "train_product_count": 36922,
    "current_candidate_id": "rrcf__num_trees_40__tree_size_256__warmup_samples_32__threshold_0p8",
    "current_threshold": 0.8,
    "current_f1": 0.17089294523926984,
    "current_hyperparameters": {
      "num_trees": 40,
      "tree_size": 256,
      "warmup_samples": 32
    },
    "current_metrics": {
      "threshold": 0.8,
      "accuracy": 0.8844273286799849,
      "accuracy_std": 0.0,
      "precision": 0.30232152208064234,
      "precision_std": 0.0,
      "recall": 0.11911147789010385,
      "recall_std": 0.0,
      "tnr": 0.9694591744731574,
      "tnr_std": 0.0,
      "fpr": 0.030540825526842612,
      "fpr_std": 0.0,
      "fnr": 0.8808885221098962,
      "fnr_std": 0.0,
      "f1": 0.17089294523926984,
      "f1_std": 0.0,
      "g_mean": 0.3398142360549626,
      "g_mean_std": 0.0,
      "true_positives": 1732.0,
      "true_positives_std": 0.0,
      "false_positives": 3997.0,
      "false_positives_std": 0.0,
      "false_negatives": 12809.0,
      "false_negatives_std": 0.0,
      "true_negatives": 126877.0,
      "true_negatives_std": 0.0,
      "n_rows": 145415.0,
      "n_rows_std": 0.0,
      "n_injected": 14541.0,
      "n_injected_std": 0.0,
      "n_predicted": 5729.0,
      "n_predicted_std": 0.0,
      "n_trials": 1
    },
    "best_candidate_id": "rrcf__num_trees_80__tree_size_128__warmup_samples_32__threshold_0p65",
    "best_threshold": 0.6499999999999999,
    "best_f1": 0.19666696734620243,
    "best_hyperparameters": {
      "num_trees": 80,
      "tree_size": 128,
      "warmup_samples": 32
    },
    "best_metrics": {
      "threshold": 0.6499999999999999,
      "accuracy": 0.5100505449919197,
      "accuracy_std": 0.0,
      "precision": 0.11761770536906416,
      "precision_std": 0.0,
      "recall": 0.599752424179905,
      "recall_std": 0.0,
      "tnr": 0.5000840503079298,
      "tnr_std": 0.0,
      "fpr": 0.49991594969207026,
      "fpr_std": 0.0,
      "fnr": 0.4002475758200949,
      "fnr_std": 0.0,
      "f1": 0.19666696734620243,
      "f1_std": 0.0,
      "g_mean": 0.5476555682779884,
      "g_mean_std": 0.0,
      "true_positives": 8721.0,
      "true_positives_std": 0.0,
      "false_positives": 65426.0,
      "false_positives_std": 0.0,
      "false_negatives": 5820.0,
      "false_negatives_std": 0.0,
      "true_negatives": 65448.0,
      "true_negatives_std": 0.0,
      "n_rows": 145415.0,
      "n_rows_std": 0.0,
      "n_injected": 14541.0,
      "n_injected_std": 0.0,
      "n_predicted": 74147.0,
      "n_predicted_std": 0.0,
      "n_trials": 1
    }
  }
}
