{
  "new_prices": {
    "row_count": 320000,
    "product_count": 160000,
    "train_row_count": 1414356,
    "train_product_count": 160000,
    "current_candidate_id": "eif__max_features_0p5__max_samples_256__n_estimators_100__threshold_0p2",
    "current_threshold": 0.2,
    "current_f1": 0.40227510211836226,
    "current_hyperparameters": {
      "n_estimators": 100,
      "max_samples": 256,
      "max_features": 0.5
    },
    "current_metrics": {
      "threshold": 0.2,
      "accuracy": 0.84269375,
      "accuracy_std": 0.0,
      "precision": 0.32440248199785504,
      "precision_std": 0.0,
      "recall": 0.52934375,
      "recall_std": 0.0,
      "tnr": 0.8775104166666666,
      "tnr_std": 0.0,
      "fpr": 0.12248958333333333,
      "fpr_std": 0.0,
      "fnr": 0.47065625,
      "fnr_std": 0.0,
      "f1": 0.40227510211836226,
      "f1_std": 0.0,
      "g_mean": 0.6815457832181164,
      "g_mean_std": 0.0,
      "true_positives": 16939.0,
      "true_positives_std": 0.0,
      "false_positives": 35277.0,
      "false_positives_std": 0.0,
      "false_negatives": 15061.0,
      "false_negatives_std": 0.0,
      "true_negatives": 252723.0,
      "true_negatives_std": 0.0,
      "n_rows": 320000.0,
      "n_rows_std": 0.0,
      "n_injected": 32000.0,
      "n_injected_std": 0.0,
      "n_predicted": 52216.0,
      "n_predicted_std": 0.0,
      "n_trials": 1
    },
    "best_candidate_id": "eif__max_features_0p5__max_samples_256__n_estimators_100__threshold_0p2",
    "best_threshold": 0.2,
    "best_f1": 0.40227510211836226,
    "best_hyperparameters": {
      "n_estimators": 100,
      "max_samples": 256,
      "max_features": 0.5
    },
    "best_metrics": {
      "threshold": 0.2,
      "accuracy": 0.84269375,
      "accuracy_std": 0.0,
      "precision": 0.32440248199785504,
      "precision_std": 0.0,
      "recall": 0.52934375,
      "recall_std": 0.0,
      "tnr": 0.8775104166666666,
      "tnr_std": 0.0,
      "fpr": 0.12248958333333333,
      "fpr_std": 0.0,
      "fnr": 0.47065625,
      "fnr_std": 0.0,
      "f1": 0.40227510211836226,
      "f1_std": 0.0,
      "g_mean": 0.6815457832181164,
      "g_mean_std": 0.0,
      "true_positives": 16939.0,
      "true_positives_std": 0.0,
      "false_positives": 35277.0,
      "false_positives_std": 0.0,
      "false_negatives": 15061.0,
      "false_negatives_std": 0.0,
      "true_negatives": 252723.0,
      "true_negatives_std": 0.0,
      "n_rows": 320000.0,
      "n_rows_std": 0.0,
      "n_injected": 32000.0,
      "n_injected_std": 0.0,
      "n_predicted": 52216.0,
      "n_predicted_std": 0.0,
      "n_trials": 1
    }
  },
  "new_products": {
    "row_count": 433528,
    "product_count": 40000,
    "train_row_count": 1414356,
    "train_product_count": 160000,
    "current_candidate_id": "eif__max_features_0p5__max_samples_256__n_estimators_100__threshold_0p2",
    "current_threshold": 0.2,
    "current_f1": 0.24439190261752985,
    "current_hyperparameters": {
      "n_estimators": 100,
      "max_samples": 256,
      "max_features": 0.5
    },
    "current_metrics": {
      "threshold": 0.2,
      "accuracy": 0.7913837168533521,
      "accuracy_std": 0.0,
      "precision": 0.19158774446234658,
      "precision_std": 0.0,
      "recall": 0.33737774497139694,
      "recall_std": 0.0,
      "tnr": 0.8418277905355532,
      "tnr_std": 0.0,
      "fpr": 0.15817220946444682,
      "fpr_std": 0.0,
      "fnr": 0.6626222550286031,
      "fnr_std": 0.0,
      "f1": 0.24439190261752985,
      "f1_std": 0.0,
      "g_mean": 0.5329296028793469,
      "g_mean_std": 0.0,
      "true_positives": 14626.0,
      "true_positives_std": 0.0,
      "false_positives": 61715.0,
      "false_positives_std": 0.0,
      "false_negatives": 28726.0,
      "false_negatives_std": 0.0,
      "true_negatives": 328461.0,
      "true_negatives_std": 0.0,
      "n_rows": 433528.0,
      "n_rows_std": 0.0,
      "n_injected": 43352.0,
      "n_injected_std": 0.0,
      "n_predicted": 76341.0,
      "n_predicted_std": 0.0,
      "n_trials": 1
    },
    "best_candidate_id": "eif__max_features_0p5__max_samples_256__n_estimators_100__threshold_0p2",
    "best_threshold": 0.2,
    "best_f1": 0.24439190261752985,
    "best_hyperparameters": {
      "n_estimators": 100,
      "max_samples": 256,
      "max_features": 0.5
    },
    "best_metrics": {
      "threshold": 0.2,
      "accuracy": 0.7913837168533521,
      "accuracy_std": 0.0,
      "precision": 0.19158774446234658,
      "precision_std": 0.0,
      "recall": 0.33737774497139694,
      "recall_std": 0.0,
      "tnr": 0.8418277905355532,
      "tnr_std": 0.0,
      "fpr": 0.15817220946444682,
      "fpr_std": 0.0,
      "fnr": 0.6626222550286031,
      "fnr_std": 0.0,
      "f1": 0.24439190261752985,
      "f1_std": 0.0,
      "g_mean": 0.5329296028793469,
      "g_mean_std": 0.0,
      "true_positives": 14626.0,
      "true_positives_std": 0.0,
      "false_positives": 61715.0,
      "false_positives_std": 0.0,
      "false_negatives": 28726.0,
      "false_negatives_std": 0.0,
      "true_negatives": 328461.0,
      "true_negatives_std": 0.0,
      "n_rows": 433528.0,
      "n_rows_std": 0.0,
      "n_injected": 43352.0,
      "n_injected_std": 0.0,
      "n_predicted": 76341.0,
      "n_predicted_std": 0.0,
      "n_trials": 1
    }
  }
}
