{
  "new_prices": {
    "row_count": 42952,
    "product_count": 21476,
    "train_row_count": 435058,
    "train_product_count": 21476,
    "current_candidate_id": "if__contamination_auto__max_features_0p75__max_samples_512__n_estimators_200__threshold_0p42",
    "current_threshold": 0.42000000000000004,
    "current_f1": 0.785245183887916,
    "current_hyperparameters": {
      "n_estimators": 200,
      "max_samples": 512,
      "max_features": 0.75,
      "contamination": "auto"
    },
    "current_metrics": {
      "threshold": 0.42000000000000004,
      "accuracy": 0.9543211026261874,
      "accuracy_std": 0.0,
      "precision": 0.7409626110307788,
      "precision_std": 0.0,
      "recall": 0.8351571594877765,
      "recall_std": 0.0,
      "tnr": 0.9675608557311741,
      "tnr_std": 0.0,
      "fpr": 0.032439144268825826,
      "fpr_std": 0.0,
      "fnr": 0.1648428405122235,
      "fnr_std": 0.0,
      "f1": 0.785245183887916,
      "f1_std": 0.0,
      "g_mean": 0.8989245663035412,
      "g_mean_std": 0.0,
      "true_positives": 3587.0,
      "true_positives_std": 0.0,
      "false_positives": 1254.0,
      "false_positives_std": 0.0,
      "false_negatives": 708.0,
      "false_negatives_std": 0.0,
      "true_negatives": 37403.0,
      "true_negatives_std": 0.0,
      "n_rows": 42952.0,
      "n_rows_std": 0.0,
      "n_injected": 4295.0,
      "n_injected_std": 0.0,
      "n_predicted": 4841.0,
      "n_predicted_std": 0.0,
      "n_trials": 1
    },
    "best_candidate_id": "if__contamination_auto__max_features_0p5__max_samples_512__n_estimators_100__threshold_0p36",
    "best_threshold": 0.36,
    "best_f1": 0.7302867383512545,
    "best_hyperparameters": {
      "n_estimators": 100,
      "max_samples": 512,
      "max_features": 0.5,
      "contamination": "auto"
    },
    "best_metrics": {
      "threshold": 0.36,
      "accuracy": 0.9299217731421121,
      "accuracy_std": 0.0,
      "precision": 0.593590677348871,
      "precision_std": 0.0,
      "recall": 0.9487776484284052,
      "recall_std": 0.0,
      "tnr": 0.9278267842822775,
      "tnr_std": 0.0,
      "fpr": 0.07217321571772253,
      "fpr_std": 0.0,
      "fnr": 0.051222351571594875,
      "fnr_std": 0.0,
      "f1": 0.7302867383512545,
      "f1_std": 0.0,
      "g_mean": 0.938243739409024,
      "g_mean_std": 0.0,
      "true_positives": 4075.0,
      "true_positives_std": 0.0,
      "false_positives": 2790.0,
      "false_positives_std": 0.0,
      "false_negatives": 220.0,
      "false_negatives_std": 0.0,
      "true_negatives": 35867.0,
      "true_negatives_std": 0.0,
      "n_rows": 42952.0,
      "n_rows_std": 0.0,
      "n_injected": 4295.0,
      "n_injected_std": 0.0,
      "n_predicted": 6865.0,
      "n_predicted_std": 0.0,
      "n_trials": 1
    }
  },
  "new_products": {
    "row_count": 119467,
    "product_count": 5369,
    "train_row_count": 435058,
    "train_product_count": 21476,
    "current_candidate_id": "if__contamination_auto__max_features_0p75__max_samples_512__n_estimators_200__threshold_0p42",
    "current_threshold": 0.42000000000000004,
    "current_f1": 0.6369101840043725,
    "current_hyperparameters": {
      "n_estimators": 200,
      "max_samples": 512,
      "max_features": 0.75,
      "contamination": "auto"
    },
    "current_metrics": {
      "threshold": 0.42000000000000004,
      "accuracy": 0.9165878443419522,
      "accuracy_std": 0.0,
      "precision": 0.5639073488612169,
      "precision_std": 0.0,
      "recall": 0.7316256487527206,
      "recall_std": 0.0,
      "tnr": 0.9371378614410208,
      "tnr_std": 0.0,
      "fpr": 0.06286213855897918,
      "fpr_std": 0.0,
      "fnr": 0.26837435124727943,
      "fnr_std": 0.0,
      "f1": 0.6369101840043725,
      "f1_std": 0.0,
      "g_mean": 0.8280302505630601,
      "g_mean_std": 0.0,
      "true_positives": 8740.0,
      "true_positives_std": 0.0,
      "false_positives": 6759.0,
      "false_positives_std": 0.0,
      "false_negatives": 3206.0,
      "false_negatives_std": 0.0,
      "true_negatives": 100762.0,
      "true_negatives_std": 0.0,
      "n_rows": 119467.0,
      "n_rows_std": 0.0,
      "n_injected": 11946.0,
      "n_injected_std": 0.0,
      "n_predicted": 15499.0,
      "n_predicted_std": 0.0,
      "n_trials": 1
    },
    "best_candidate_id": "if__contamination_auto__max_features_0p5__max_samples_512__n_estimators_100__threshold_0p36",
    "best_threshold": 0.36,
    "best_f1": 0.6045196057998631,
    "best_hyperparameters": {
      "n_estimators": 100,
      "max_samples": 512,
      "max_features": 0.5,
      "contamination": "auto"
    },
    "best_metrics": {
      "threshold": 0.36,
      "accuracy": 0.8888144843345861,
      "accuracy_std": 0.0,
      "precision": 0.4691095605563514,
      "precision_std": 0.0,
      "recall": 0.849824208940231,
      "recall_std": 0.0,
      "tnr": 0.8931464551110946,
      "tnr_std": 0.0,
      "fpr": 0.10685354488890542,
      "fpr_std": 0.0,
      "fnr": 0.15017579105976897,
      "fnr_std": 0.0,
      "f1": 0.6045196057998631,
      "f1_std": 0.0,
      "g_mean": 0.8712160924148253,
      "g_mean_std": 0.0,
      "true_positives": 10152.0,
      "true_positives_std": 0.0,
      "false_positives": 11489.0,
      "false_positives_std": 0.0,
      "false_negatives": 1794.0,
      "false_negatives_std": 0.0,
      "true_negatives": 96032.0,
      "true_negatives_std": 0.0,
      "n_rows": 119467.0,
      "n_rows_std": 0.0,
      "n_injected": 11946.0,
      "n_injected_std": 0.0,
      "n_predicted": 21641.0,
      "n_predicted_std": 0.0,
      "n_trials": 1
    }
  }
}
