{
  "new_prices": {
    "row_count": 90238,
    "product_count": 45119,
    "train_row_count": 809124,
    "train_product_count": 45119,
    "current_candidate_id": "if__contamination_auto__max_features_0p75__max_samples_512__n_estimators_200__threshold_0p42",
    "current_threshold": 0.42000000000000004,
    "current_f1": 0.796740371639157,
    "current_hyperparameters": {
      "n_estimators": 200,
      "max_samples": 512,
      "max_features": 0.75,
      "contamination": "auto"
    },
    "current_metrics": {
      "threshold": 0.42000000000000004,
      "accuracy": 0.9566036481304994,
      "accuracy_std": 0.0,
      "precision": 0.7492921995509129,
      "precision_std": 0.0,
      "recall": 0.8506040119694115,
      "recall_std": 0.0,
      "tnr": 0.9683802253278335,
      "tnr_std": 0.0,
      "fpr": 0.03161977467216647,
      "fpr_std": 0.0,
      "fnr": 0.14939598803058848,
      "fnr_std": 0.0,
      "f1": 0.796740371639157,
      "f1_std": 0.0,
      "g_mean": 0.9075836626866406,
      "g_mean_std": 0.0,
      "true_positives": 7675.0,
      "true_positives_std": 0.0,
      "false_positives": 2568.0,
      "false_positives_std": 0.0,
      "false_negatives": 1348.0,
      "false_negatives_std": 0.0,
      "true_negatives": 78647.0,
      "true_negatives_std": 0.0,
      "n_rows": 90238.0,
      "n_rows_std": 0.0,
      "n_injected": 9023.0,
      "n_injected_std": 0.0,
      "n_predicted": 10243.0,
      "n_predicted_std": 0.0,
      "n_trials": 1
    },
    "best_candidate_id": "if__contamination_auto__max_features_0p75__max_samples_256__n_estimators_200__threshold_0p36",
    "best_threshold": 0.36,
    "best_f1": 0.7244605853450117,
    "best_hyperparameters": {
      "n_estimators": 200,
      "max_samples": 256,
      "max_features": 0.75,
      "contamination": "auto"
    },
    "best_metrics": {
      "threshold": 0.36,
      "accuracy": 0.9285334338083734,
      "accuracy_std": 0.0,
      "precision": 0.5894868585732165,
      "precision_std": 0.0,
      "recall": 0.9395988030588496,
      "recall_std": 0.0,
      "tnr": 0.9273040694452995,
      "tnr_std": 0.0,
      "fpr": 0.07269593055470049,
      "fpr_std": 0.0,
      "fnr": 0.06040119694115039,
      "fnr_std": 0.0,
      "f1": 0.7244605853450117,
      "f1_std": 0.0,
      "g_mean": 0.9334311938875858,
      "g_mean_std": 0.0,
      "true_positives": 8478.0,
      "true_positives_std": 0.0,
      "false_positives": 5904.0,
      "false_positives_std": 0.0,
      "false_negatives": 545.0,
      "false_negatives_std": 0.0,
      "true_negatives": 75311.0,
      "true_negatives_std": 0.0,
      "n_rows": 90238.0,
      "n_rows_std": 0.0,
      "n_injected": 9023.0,
      "n_injected_std": 0.0,
      "n_predicted": 14382.0,
      "n_predicted_std": 0.0,
      "n_trials": 1
    }
  },
  "new_products": {
    "row_count": 226846,
    "product_count": 11280,
    "train_row_count": 809124,
    "train_product_count": 45119,
    "current_candidate_id": "if__contamination_auto__max_features_0p75__max_samples_512__n_estimators_200__threshold_0p42",
    "current_threshold": 0.42000000000000004,
    "current_f1": 0.5838471355898689,
    "current_hyperparameters": {
      "n_estimators": 200,
      "max_samples": 512,
      "max_features": 0.75,
      "contamination": "auto"
    },
    "current_metrics": {
      "threshold": 0.42000000000000004,
      "accuracy": 0.8979439796161273,
      "accuracy_std": 0.0,
      "precision": 0.4929128600479558,
      "precision_std": 0.0,
      "recall": 0.7159231176159407,
      "recall_std": 0.0,
      "tnr": 0.9181679254709495,
      "tnr_std": 0.0,
      "fpr": 0.08183207452905046,
      "fpr_std": 0.0,
      "fnr": 0.28407688238405926,
      "fnr_std": 0.0,
      "f1": 0.5838471355898689,
      "f1_std": 0.0,
      "g_mean": 0.8107636176458111,
      "g_mean_std": 0.0,
      "true_positives": 16240.0,
      "true_positives_std": 0.0,
      "false_positives": 16707.0,
      "false_positives_std": 0.0,
      "false_negatives": 6444.0,
      "false_negatives_std": 0.0,
      "true_negatives": 187455.0,
      "true_negatives_std": 0.0,
      "n_rows": 226846.0,
      "n_rows_std": 0.0,
      "n_injected": 22684.0,
      "n_injected_std": 0.0,
      "n_predicted": 32947.0,
      "n_predicted_std": 0.0,
      "n_trials": 1
    },
    "best_candidate_id": "if__contamination_auto__max_features_0p75__max_samples_256__n_estimators_200__threshold_0p36",
    "best_threshold": 0.36,
    "best_f1": 0.5595694188084566,
    "best_hyperparameters": {
      "n_estimators": 200,
      "max_samples": 256,
      "max_features": 0.75,
      "contamination": "auto"
    },
    "best_metrics": {
      "threshold": 0.36,
      "accuracy": 0.8748269751285013,
      "accuracy_std": 0.0,
      "precision": 0.4316653504678489,
      "precision_std": 0.0,
      "recall": 0.7951860342091341,
      "recall_std": 0.0,
      "tnr": 0.8836757085059903,
      "tnr_std": 0.0,
      "fpr": 0.11632429149400966,
      "fpr_std": 0.0,
      "fnr": 0.2048139657908658,
      "fnr_std": 0.0,
      "f1": 0.5595694188084566,
      "f1_std": 0.0,
      "g_mean": 0.8382640289156068,
      "g_mean_std": 0.0,
      "true_positives": 18038.0,
      "true_positives_std": 0.0,
      "false_positives": 23749.0,
      "false_positives_std": 0.0,
      "false_negatives": 4646.0,
      "false_negatives_std": 0.0,
      "true_negatives": 180413.0,
      "true_negatives_std": 0.0,
      "n_rows": 226846.0,
      "n_rows_std": 0.0,
      "n_injected": 22684.0,
      "n_injected_std": 0.0,
      "n_predicted": 41787.0,
      "n_predicted_std": 0.0,
      "n_trials": 1
    }
  }
}
