{
  "new_prices": {
    "row_count": 286432,
    "product_count": 143216,
    "train_row_count": 2632068,
    "train_product_count": 143216,
    "current_candidate_id": "if__contamination_auto__max_features_0p75__max_samples_512__n_estimators_200__threshold_0p42",
    "current_threshold": 0.42000000000000004,
    "current_f1": 0.6246542730105381,
    "current_hyperparameters": {
      "n_estimators": 200,
      "max_samples": 512,
      "max_features": 0.75,
      "contamination": "auto"
    },
    "current_metrics": {
      "threshold": 0.42000000000000004,
      "accuracy": 0.9251410456932186,
      "accuracy_std": 0.0,
      "precision": 0.6264087350349331,
      "precision_std": 0.0,
      "recall": 0.6229096114233844,
      "recall_std": 0.0,
      "tnr": 0.958722055634647,
      "tnr_std": 0.0,
      "fpr": 0.04127794436535306,
      "fpr_std": 0.0,
      "fnr": 0.3770903885766156,
      "fnr_std": 0.0,
      "f1": 0.6246542730105381,
      "f1_std": 0.0,
      "g_mean": 0.772785340918425,
      "g_mean_std": 0.0,
      "true_positives": 17842.0,
      "true_positives_std": 0.0,
      "false_positives": 10641.0,
      "false_positives_std": 0.0,
      "false_negatives": 10801.0,
      "false_negatives_std": 0.0,
      "true_negatives": 247148.0,
      "true_negatives_std": 0.0,
      "n_rows": 286432.0,
      "n_rows_std": 0.0,
      "n_injected": 28643.0,
      "n_injected_std": 0.0,
      "n_predicted": 28483.0,
      "n_predicted_std": 0.0,
      "n_trials": 1
    },
    "best_candidate_id": "if__contamination_auto__max_features_1__max_samples_512__n_estimators_200__threshold_0p3",
    "best_threshold": 0.3,
    "best_f1": 0.6419504705430769,
    "best_hyperparameters": {
      "n_estimators": 200,
      "max_samples": 512,
      "max_features": 1.0,
      "contamination": "auto"
    },
    "best_metrics": {
      "threshold": 0.3,
      "accuracy": 0.9055587364540275,
      "accuracy_std": 0.0,
      "precision": 0.5169693868849663,
      "precision_std": 0.0,
      "recall": 0.8466291938693573,
      "recall_std": 0.0,
      "tnr": 0.9121064126087615,
      "tnr_std": 0.0,
      "fpr": 0.08789358739123856,
      "fpr_std": 0.0,
      "fnr": 0.15337080613064275,
      "fnr_std": 0.0,
      "f1": 0.6419504705430769,
      "f1_std": 0.0,
      "g_mean": 0.8787581674328991,
      "g_mean_std": 0.0,
      "true_positives": 24250.0,
      "true_positives_std": 0.0,
      "false_positives": 22658.0,
      "false_positives_std": 0.0,
      "false_negatives": 4393.0,
      "false_negatives_std": 0.0,
      "true_negatives": 235131.0,
      "true_negatives_std": 0.0,
      "n_rows": 286432.0,
      "n_rows_std": 0.0,
      "n_injected": 28643.0,
      "n_injected_std": 0.0,
      "n_predicted": 46908.0,
      "n_predicted_std": 0.0,
      "n_trials": 1
    }
  },
  "new_products": {
    "row_count": 728335,
    "product_count": 35804,
    "train_row_count": 2632068,
    "train_product_count": 143216,
    "current_candidate_id": "if__contamination_auto__max_features_0p75__max_samples_512__n_estimators_200__threshold_0p42",
    "current_threshold": 0.42000000000000004,
    "current_f1": 0.4105296661325373,
    "current_hyperparameters": {
      "n_estimators": 200,
      "max_samples": 512,
      "max_features": 0.75,
      "contamination": "auto"
    },
    "current_metrics": {
      "threshold": 0.42000000000000004,
      "accuracy": 0.8525156693005279,
      "accuracy_std": 0.0,
      "precision": 0.34192604780840075,
      "precision_std": 0.0,
      "recall": 0.5135721444949405,
      "recall_std": 0.0,
      "tnr": 0.89017577368185,
      "tnr_std": 0.0,
      "fpr": 0.10982422631815006,
      "fpr_std": 0.0,
      "fnr": 0.4864278555050595,
      "fnr_std": 0.0,
      "f1": 0.4105296661325373,
      "f1_std": 0.0,
      "g_mean": 0.676143092153747,
      "g_mean_std": 0.0,
      "true_positives": 37405.0,
      "true_positives_std": 0.0,
      "false_positives": 71990.0,
      "false_positives_std": 0.0,
      "false_negatives": 35428.0,
      "false_negatives_std": 0.0,
      "true_negatives": 583512.0,
      "true_negatives_std": 0.0,
      "n_rows": 728335.0,
      "n_rows_std": 0.0,
      "n_injected": 72833.0,
      "n_injected_std": 0.0,
      "n_predicted": 109395.0,
      "n_predicted_std": 0.0,
      "n_trials": 1
    },
    "best_candidate_id": "if__contamination_auto__max_features_1__max_samples_512__n_estimators_200__threshold_0p3",
    "best_threshold": 0.3,
    "best_f1": 0.40143155869512936,
    "best_hyperparameters": {
      "n_estimators": 200,
      "max_samples": 512,
      "max_features": 1.0,
      "contamination": "auto"
    },
    "best_metrics": {
      "threshold": 0.3,
      "accuracy": 0.798382612396768,
      "accuracy_std": 0.0,
      "precision": 0.2854650016812179,
      "precision_std": 0.0,
      "recall": 0.6760808973954114,
      "recall_std": 0.0,
      "tnr": 0.8119715881873739,
      "tnr_std": 0.0,
      "fpr": 0.18802841181262606,
      "fpr_std": 0.0,
      "fnr": 0.32391910260458856,
      "fnr_std": 0.0,
      "f1": 0.40143155869512936,
      "f1_std": 0.0,
      "g_mean": 0.7409173233237951,
      "g_mean_std": 0.0,
      "true_positives": 49241.0,
      "true_positives_std": 0.0,
      "false_positives": 123253.0,
      "false_positives_std": 0.0,
      "false_negatives": 23592.0,
      "false_negatives_std": 0.0,
      "true_negatives": 532249.0,
      "true_negatives_std": 0.0,
      "n_rows": 728335.0,
      "n_rows_std": 0.0,
      "n_injected": 72833.0,
      "n_injected_std": 0.0,
      "n_predicted": 172494.0,
      "n_predicted_std": 0.0,
      "n_trials": 1
    }
  }
}
