{
  "new_prices": {
    "row_count": 36064,
    "product_count": 18032,
    "train_row_count": 574102,
    "train_product_count": 18032,
    "current_candidate_id": "if__contamination_auto__max_features_0p75__max_samples_512__n_estimators_200__threshold_0p42",
    "current_threshold": 0.42000000000000004,
    "current_f1": 0.7566727131381187,
    "current_hyperparameters": {
      "n_estimators": 200,
      "max_samples": 512,
      "max_features": 0.75,
      "contamination": "auto"
    },
    "current_metrics": {
      "threshold": 0.42000000000000004,
      "accuracy": 0.9479259094942325,
      "accuracy_std": 0.0,
      "precision": 0.7101167315175098,
      "precision_std": 0.0,
      "recall": 0.8097615085967831,
      "recall_std": 0.0,
      "tnr": 0.9632756177213629,
      "tnr_std": 0.0,
      "fpr": 0.03672438227863701,
      "fpr_std": 0.0,
      "fnr": 0.19023849140321686,
      "fnr_std": 0.0,
      "f1": 0.7566727131381187,
      "f1_std": 0.0,
      "g_mean": 0.8831894006387017,
      "g_mean_std": 0.0,
      "true_positives": 2920.0,
      "true_positives_std": 0.0,
      "false_positives": 1192.0,
      "false_positives_std": 0.0,
      "false_negatives": 686.0,
      "false_negatives_std": 0.0,
      "true_negatives": 31266.0,
      "true_negatives_std": 0.0,
      "n_rows": 36064.0,
      "n_rows_std": 0.0,
      "n_injected": 3606.0,
      "n_injected_std": 0.0,
      "n_predicted": 4112.0,
      "n_predicted_std": 0.0,
      "n_trials": 1
    },
    "best_candidate_id": "if__contamination_auto__max_features_0p5__max_samples_512__n_estimators_100__threshold_0p36",
    "best_threshold": 0.36,
    "best_f1": 0.730475763016158,
    "best_hyperparameters": {
      "n_estimators": 100,
      "max_samples": 512,
      "max_features": 0.5,
      "contamination": "auto"
    },
    "best_metrics": {
      "threshold": 0.36,
      "accuracy": 0.9333961845607809,
      "accuracy_std": 0.0,
      "precision": 0.6134564643799473,
      "precision_std": 0.0,
      "recall": 0.9026622296173045,
      "recall_std": 0.0,
      "tnr": 0.9368106476061372,
      "tnr_std": 0.0,
      "fpr": 0.06318935239386284,
      "fpr_std": 0.0,
      "fnr": 0.0973377703826955,
      "fnr_std": 0.0,
      "f1": 0.730475763016158,
      "f1_std": 0.0,
      "g_mean": 0.9195779400884879,
      "g_mean_std": 0.0,
      "true_positives": 3255.0,
      "true_positives_std": 0.0,
      "false_positives": 2051.0,
      "false_positives_std": 0.0,
      "false_negatives": 351.0,
      "false_negatives_std": 0.0,
      "true_negatives": 30407.0,
      "true_negatives_std": 0.0,
      "n_rows": 36064.0,
      "n_rows_std": 0.0,
      "n_injected": 3606.0,
      "n_injected_std": 0.0,
      "n_predicted": 5306.0,
      "n_predicted_std": 0.0,
      "n_trials": 1
    }
  },
  "new_products": {
    "row_count": 152580,
    "product_count": 4509,
    "train_row_count": 574102,
    "train_product_count": 18032,
    "current_candidate_id": "if__contamination_auto__max_features_0p75__max_samples_512__n_estimators_200__threshold_0p42",
    "current_threshold": 0.42000000000000004,
    "current_f1": 0.564868312448413,
    "current_hyperparameters": {
      "n_estimators": 200,
      "max_samples": 512,
      "max_features": 0.75,
      "contamination": "auto"
    },
    "current_metrics": {
      "threshold": 0.42000000000000004,
      "accuracy": 0.8859811246559182,
      "accuracy_std": 0.0,
      "precision": 0.4567406868098532,
      "precision_std": 0.0,
      "recall": 0.7400707825403067,
      "recall_std": 0.0,
      "tnr": 0.9021933848909861,
      "tnr_std": 0.0,
      "fpr": 0.09780661510901385,
      "fpr_std": 0.0,
      "fnr": 0.2599292174596933,
      "fnr_std": 0.0,
      "f1": 0.564868312448413,
      "f1_std": 0.0,
      "g_mean": 0.8171211442368629,
      "g_mean_std": 0.0,
      "true_positives": 11292.0,
      "true_positives_std": 0.0,
      "false_positives": 13431.0,
      "false_positives_std": 0.0,
      "false_negatives": 3966.0,
      "false_negatives_std": 0.0,
      "true_negatives": 123891.0,
      "true_negatives_std": 0.0,
      "n_rows": 152580.0,
      "n_rows_std": 0.0,
      "n_injected": 15258.0,
      "n_injected_std": 0.0,
      "n_predicted": 24723.0,
      "n_predicted_std": 0.0,
      "n_trials": 1
    },
    "best_candidate_id": "if__contamination_auto__max_features_0p5__max_samples_512__n_estimators_100__threshold_0p36",
    "best_threshold": 0.36,
    "best_f1": 0.6104551536348912,
    "best_hyperparameters": {
      "n_estimators": 100,
      "max_samples": 512,
      "max_features": 0.5,
      "contamination": "auto"
    },
    "best_metrics": {
      "threshold": 0.36,
      "accuracy": 0.8912373836675842,
      "accuracy_std": 0.0,
      "precision": 0.47555132940789235,
      "precision_std": 0.0,
      "recall": 0.8522086774151265,
      "recall_std": 0.0,
      "tnr": 0.895573906584524,
      "tnr_std": 0.0,
      "fpr": 0.10442609341547604,
      "fpr_std": 0.0,
      "fnr": 0.1477913225848735,
      "fnr_std": 0.0,
      "f1": 0.6104551536348912,
      "f1_std": 0.0,
      "g_mean": 0.8736222607385272,
      "g_mean_std": 0.0,
      "true_positives": 13003.0,
      "true_positives_std": 0.0,
      "false_positives": 14340.0,
      "false_positives_std": 0.0,
      "false_negatives": 2255.0,
      "false_negatives_std": 0.0,
      "true_negatives": 122982.0,
      "true_negatives_std": 0.0,
      "n_rows": 152580.0,
      "n_rows_std": 0.0,
      "n_injected": 15258.0,
      "n_injected_std": 0.0,
      "n_predicted": 27343.0,
      "n_predicted_std": 0.0,
      "n_trials": 1
    }
  }
}
