{
  "new_prices": {
    "row_count": 320000,
    "product_count": 160000,
    "train_row_count": 2245954,
    "train_product_count": 160000,
    "current_candidate_id": "rrcf__num_trees_40__tree_size_256__warmup_samples_32__threshold_0p8",
    "current_threshold": 0.8,
    "current_f1": 0.11191162343900096,
    "current_hyperparameters": {
      "num_trees": 40,
      "tree_size": 256,
      "warmup_samples": 32
    },
    "current_metrics": {
      "threshold": 0.8,
      "accuracy": 0.8382125,
      "accuracy_std": 0.0,
      "precision": 0.1240492850623669,
      "precision_std": 0.0,
      "recall": 0.1019375,
      "recall_std": 0.0,
      "tnr": 0.9200208333333333,
      "tnr_std": 0.0,
      "fpr": 0.07997916666666667,
      "fpr_std": 0.0,
      "fnr": 0.8980625,
      "fnr_std": 0.0,
      "f1": 0.11191162343900096,
      "f1_std": 0.0,
      "g_mean": 0.30624275289044256,
      "g_mean_std": 0.0,
      "true_positives": 3262.0,
      "true_positives_std": 0.0,
      "false_positives": 23034.0,
      "false_positives_std": 0.0,
      "false_negatives": 28738.0,
      "false_negatives_std": 0.0,
      "true_negatives": 264966.0,
      "true_negatives_std": 0.0,
      "n_rows": 320000.0,
      "n_rows_std": 0.0,
      "n_injected": 32000.0,
      "n_injected_std": 0.0,
      "n_predicted": 26296.0,
      "n_predicted_std": 0.0,
      "n_trials": 1
    },
    "best_candidate_id": "rrcf__num_trees_80__tree_size_128__warmup_samples_32__threshold_0p65",
    "best_threshold": 0.6499999999999999,
    "best_f1": 0.20239722069251528,
    "best_hyperparameters": {
      "num_trees": 80,
      "tree_size": 128,
      "warmup_samples": 32
    },
    "best_metrics": {
      "threshold": 0.6499999999999999,
      "accuracy": 0.633384375,
      "accuracy_std": 0.0,
      "precision": 0.129336936404633,
      "precision_std": 0.0,
      "recall": 0.46515625,
      "recall_std": 0.0,
      "tnr": 0.6520763888888889,
      "tnr_std": 0.0,
      "fpr": 0.3479236111111111,
      "fpr_std": 0.0,
      "fnr": 0.53484375,
      "fnr_std": 0.0,
      "f1": 0.20239722069251528,
      "f1_std": 0.0,
      "g_mean": 0.5507425966539152,
      "g_mean_std": 0.0,
      "true_positives": 14885.0,
      "true_positives_std": 0.0,
      "false_positives": 100202.0,
      "false_positives_std": 0.0,
      "false_negatives": 17115.0,
      "false_negatives_std": 0.0,
      "true_negatives": 187798.0,
      "true_negatives_std": 0.0,
      "n_rows": 320000.0,
      "n_rows_std": 0.0,
      "n_injected": 32000.0,
      "n_injected_std": 0.0,
      "n_predicted": 115087.0,
      "n_predicted_std": 0.0,
      "n_trials": 1
    }
  },
  "new_products": {
    "row_count": 642347,
    "product_count": 40000,
    "train_row_count": 2245954,
    "train_product_count": 160000,
    "current_candidate_id": "rrcf__num_trees_40__tree_size_256__warmup_samples_32__threshold_0p8",
    "current_threshold": 0.8,
    "current_f1": 0.2277593207825766,
    "current_hyperparameters": {
      "num_trees": 40,
      "tree_size": 256,
      "warmup_samples": 32
    },
    "current_metrics": {
      "threshold": 0.8,
      "accuracy": 0.8697277328297633,
      "accuracy_std": 0.0,
      "precision": 0.279653718895889,
      "precision_std": 0.0,
      "recall": 0.19211009745617585,
      "recall_std": 0.0,
      "tnr": 0.9450176695559519,
      "tnr_std": 0.0,
      "fpr": 0.054982330444048134,
      "fpr_std": 0.0,
      "fnr": 0.8078899025438241,
      "fnr_std": 0.0,
      "f1": 0.2277593207825766,
      "f1_std": 0.0,
      "g_mean": 0.4260838375205074,
      "g_mean_std": 0.0,
      "true_positives": 12340.0,
      "true_positives_std": 0.0,
      "false_positives": 31786.0,
      "false_positives_std": 0.0,
      "false_negatives": 51894.0,
      "false_negatives_std": 0.0,
      "true_negatives": 546327.0,
      "true_negatives_std": 0.0,
      "n_rows": 642347.0,
      "n_rows_std": 0.0,
      "n_injected": 64234.0,
      "n_injected_std": 0.0,
      "n_predicted": 44126.0,
      "n_predicted_std": 0.0,
      "n_trials": 1
    },
    "best_candidate_id": "rrcf__num_trees_80__tree_size_128__warmup_samples_32__threshold_0p65",
    "best_threshold": 0.6499999999999999,
    "best_f1": 0.2051622481580918,
    "best_hyperparameters": {
      "num_trees": 80,
      "tree_size": 128,
      "warmup_samples": 32
    },
    "best_metrics": {
      "threshold": 0.6499999999999999,
      "accuracy": 0.6216079471064705,
      "accuracy_std": 0.0,
      "precision": 0.12985846342362034,
      "precision_std": 0.0,
      "recall": 0.4883550767506305,
      "recall_std": 0.0,
      "tnr": 0.6364136423156027,
      "tnr_std": 0.0,
      "fpr": 0.36358635768439734,
      "fpr_std": 0.0,
      "fnr": 0.5116449232493695,
      "fnr_std": 0.0,
      "f1": 0.2051622481580918,
      "f1_std": 0.0,
      "g_mean": 0.5574906574447543,
      "g_mean_std": 0.0,
      "true_positives": 31369.0,
      "true_positives_std": 0.0,
      "false_positives": 210194.0,
      "false_positives_std": 0.0,
      "false_negatives": 32865.0,
      "false_negatives_std": 0.0,
      "true_negatives": 367919.0,
      "true_negatives_std": 0.0,
      "n_rows": 642347.0,
      "n_rows_std": 0.0,
      "n_injected": 64234.0,
      "n_injected_std": 0.0,
      "n_predicted": 241563.0,
      "n_predicted_std": 0.0,
      "n_trials": 1
    }
  }
}
