{
  "new_prices": {
    "row_count": 69640,
    "product_count": 34820,
    "train_row_count": 909777,
    "train_product_count": 34820,
    "current_candidate_id": "if__contamination_auto__max_features_0p75__max_samples_512__n_estimators_200__threshold_0p42",
    "current_threshold": 0.42000000000000004,
    "current_f1": 0.7515044965852998,
    "current_hyperparameters": {
      "n_estimators": 200,
      "max_samples": 512,
      "max_features": 0.75,
      "contamination": "auto"
    },
    "current_metrics": {
      "threshold": 0.42000000000000004,
      "accuracy": 0.9472286042504308,
      "accuracy_std": 0.0,
      "precision": 0.7101597444089457,
      "precision_std": 0.0,
      "recall": 0.7979609419873636,
      "recall_std": 0.0,
      "tnr": 0.9638139000574383,
      "tnr_std": 0.0,
      "fpr": 0.03618609994256174,
      "fpr_std": 0.0,
      "fnr": 0.2020390580126364,
      "fnr_std": 0.0,
      "f1": 0.7515044965852998,
      "f1_std": 0.0,
      "g_mean": 0.8769753973689046,
      "g_mean_std": 0.0,
      "true_positives": 5557.0,
      "true_positives_std": 0.0,
      "false_positives": 2268.0,
      "false_positives_std": 0.0,
      "false_negatives": 1407.0,
      "false_negatives_std": 0.0,
      "true_negatives": 60408.0,
      "true_negatives_std": 0.0,
      "n_rows": 69640.0,
      "n_rows_std": 0.0,
      "n_injected": 6964.0,
      "n_injected_std": 0.0,
      "n_predicted": 7825.0,
      "n_predicted_std": 0.0,
      "n_trials": 1
    },
    "best_candidate_id": "if__contamination_auto__max_features_0p75__max_samples_512__n_estimators_100__threshold_0p3",
    "best_threshold": 0.3,
    "best_f1": 0.6488778054862844,
    "best_hyperparameters": {
      "n_estimators": 100,
      "max_samples": 512,
      "max_features": 0.75,
      "contamination": "auto"
    },
    "best_metrics": {
      "threshold": 0.3,
      "accuracy": 0.8989086731763355,
      "accuracy_std": 0.0,
      "precision": 0.4970961332721993,
      "precision_std": 0.0,
      "recall": 0.9340896036760482,
      "recall_std": 0.0,
      "tnr": 0.8949996808985896,
      "tnr_std": 0.0,
      "fpr": 0.10500031910141043,
      "fpr_std": 0.0,
      "fnr": 0.06591039632395175,
      "fnr_std": 0.0,
      "f1": 0.6488778054862844,
      "f1_std": 0.0,
      "g_mean": 0.9143357683153127,
      "g_mean_std": 0.0,
      "true_positives": 6505.0,
      "true_positives_std": 0.0,
      "false_positives": 6581.0,
      "false_positives_std": 0.0,
      "false_negatives": 459.0,
      "false_negatives_std": 0.0,
      "true_negatives": 56095.0,
      "true_negatives_std": 0.0,
      "n_rows": 69640.0,
      "n_rows_std": 0.0,
      "n_injected": 6964.0,
      "n_injected_std": 0.0,
      "n_predicted": 13086.0,
      "n_predicted_std": 0.0,
      "n_trials": 1
    }
  },
  "new_products": {
    "row_count": 244703,
    "product_count": 8706,
    "train_row_count": 909777,
    "train_product_count": 34820,
    "current_candidate_id": "if__contamination_auto__max_features_0p75__max_samples_512__n_estimators_200__threshold_0p42",
    "current_threshold": 0.42000000000000004,
    "current_f1": 0.5741566088682131,
    "current_hyperparameters": {
      "n_estimators": 200,
      "max_samples": 512,
      "max_features": 0.75,
      "contamination": "auto"
    },
    "current_metrics": {
      "threshold": 0.42000000000000004,
      "accuracy": 0.8930131628954283,
      "accuracy_std": 0.0,
      "precision": 0.4768968871595331,
      "precision_std": 0.0,
      "recall": 0.7212505108295872,
      "recall_std": 0.0,
      "tnr": 0.9120976420427457,
      "tnr_std": 0.0,
      "fpr": 0.08790235795725436,
      "fpr_std": 0.0,
      "fnr": 0.27874948917041276,
      "fnr_std": 0.0,
      "f1": 0.5741566088682131,
      "f1_std": 0.0,
      "g_mean": 0.8110800763486873,
      "g_mean_std": 0.0,
      "true_positives": 17649.0,
      "true_positives_std": 0.0,
      "false_positives": 19359.0,
      "false_positives_std": 0.0,
      "false_negatives": 6821.0,
      "false_negatives_std": 0.0,
      "true_negatives": 200874.0,
      "true_negatives_std": 0.0,
      "n_rows": 244703.0,
      "n_rows_std": 0.0,
      "n_injected": 24470.0,
      "n_injected_std": 0.0,
      "n_predicted": 37008.0,
      "n_predicted_std": 0.0,
      "n_trials": 1
    },
    "best_candidate_id": "if__contamination_auto__max_features_0p75__max_samples_512__n_estimators_100__threshold_0p3",
    "best_threshold": 0.3,
    "best_f1": 0.5276125426886059,
    "best_hyperparameters": {
      "n_estimators": 100,
      "max_samples": 512,
      "max_features": 0.75,
      "contamination": "auto"
    },
    "best_metrics": {
      "threshold": 0.3,
      "accuracy": 0.8445503324438196,
      "accuracy_std": 0.0,
      "precision": 0.37896708589777894,
      "precision_std": 0.0,
      "recall": 0.8681242337556191,
      "recall_std": 0.0,
      "tnr": 0.8419310457560856,
      "tnr_std": 0.0,
      "fpr": 0.1580689542439144,
      "fpr_std": 0.0,
      "fnr": 0.13187576624438088,
      "fnr_std": 0.0,
      "f1": 0.5276125426886059,
      "f1_std": 0.0,
      "g_mean": 0.8549273325681364,
      "g_mean_std": 0.0,
      "true_positives": 21243.0,
      "true_positives_std": 0.0,
      "false_positives": 34812.0,
      "false_positives_std": 0.0,
      "false_negatives": 3227.0,
      "false_negatives_std": 0.0,
      "true_negatives": 185421.0,
      "true_negatives_std": 0.0,
      "n_rows": 244703.0,
      "n_rows_std": 0.0,
      "n_injected": 24470.0,
      "n_injected_std": 0.0,
      "n_predicted": 56055.0,
      "n_predicted_std": 0.0,
      "n_trials": 1
    }
  }
}
