{
  "new_prices": {
    "row_count": 47216,
    "product_count": 23608,
    "train_row_count": 721653,
    "train_product_count": 23608,
    "current_candidate_id": "if__contamination_auto__max_features_0p75__max_samples_512__n_estimators_200__threshold_0p42",
    "current_threshold": 0.42000000000000004,
    "current_f1": 0.708499397534526,
    "current_hyperparameters": {
      "n_estimators": 200,
      "max_samples": 512,
      "max_features": 0.75,
      "contamination": "auto"
    },
    "current_metrics": {
      "threshold": 0.42000000000000004,
      "accuracy": 0.9333912233141308,
      "accuracy_std": 0.0,
      "precision": 0.6298615688859591,
      "precision_std": 0.0,
      "recall": 0.8095742427451811,
      "recall_std": 0.0,
      "tnr": 0.9471467231438992,
      "tnr_std": 0.0,
      "fpr": 0.052853276856100716,
      "fpr_std": 0.0,
      "fnr": 0.1904257572548189,
      "fnr_std": 0.0,
      "f1": 0.708499397534526,
      "f1_std": 0.0,
      "g_mean": 0.8756629438076056,
      "g_mean_std": 0.0,
      "true_positives": 3822.0,
      "true_positives_std": 0.0,
      "false_positives": 2246.0,
      "false_positives_std": 0.0,
      "false_negatives": 899.0,
      "false_negatives_std": 0.0,
      "true_negatives": 40249.0,
      "true_negatives_std": 0.0,
      "n_rows": 47216.0,
      "n_rows_std": 0.0,
      "n_injected": 4721.0,
      "n_injected_std": 0.0,
      "n_predicted": 6068.0,
      "n_predicted_std": 0.0,
      "n_trials": 1
    },
    "best_candidate_id": "if__contamination_auto__max_features_0p75__max_samples_256__n_estimators_200__threshold_0p36",
    "best_threshold": 0.36,
    "best_f1": 0.6295588131152184,
    "best_hyperparameters": {
      "n_estimators": 200,
      "max_samples": 256,
      "max_features": 0.75,
      "contamination": "auto"
    },
    "best_metrics": {
      "threshold": 0.36,
      "accuracy": 0.8892112843104033,
      "accuracy_std": 0.0,
      "precision": 0.4728723404255319,
      "precision_std": 0.0,
      "recall": 0.9415378097860623,
      "recall_std": 0.0,
      "tnr": 0.8833980468290387,
      "tnr_std": 0.0,
      "fpr": 0.1166019531709613,
      "fpr_std": 0.0,
      "fnr": 0.058462190213937726,
      "fnr_std": 0.0,
      "f1": 0.6295588131152184,
      "f1_std": 0.0,
      "g_mean": 0.9120047489902113,
      "g_mean_std": 0.0,
      "true_positives": 4445.0,
      "true_positives_std": 0.0,
      "false_positives": 4955.0,
      "false_positives_std": 0.0,
      "false_negatives": 276.0,
      "false_negatives_std": 0.0,
      "true_negatives": 37540.0,
      "true_negatives_std": 0.0,
      "n_rows": 47216.0,
      "n_rows_std": 0.0,
      "n_injected": 4721.0,
      "n_injected_std": 0.0,
      "n_predicted": 9400.0,
      "n_predicted_std": 0.0,
      "n_trials": 1
    }
  },
  "new_products": {
    "row_count": 191790,
    "product_count": 5902,
    "train_row_count": 721653,
    "train_product_count": 23608,
    "current_candidate_id": "if__contamination_auto__max_features_0p75__max_samples_512__n_estimators_200__threshold_0p42",
    "current_threshold": 0.42000000000000004,
    "current_f1": 0.595470591878445,
    "current_hyperparameters": {
      "n_estimators": 200,
      "max_samples": 512,
      "max_features": 0.75,
      "contamination": "auto"
    },
    "current_metrics": {
      "threshold": 0.42000000000000004,
      "accuracy": 0.897830960946869,
      "accuracy_std": 0.0,
      "precision": 0.49289131920710866,
      "precision_std": 0.0,
      "recall": 0.7519682986599927,
      "recall_std": 0.0,
      "tnr": 0.9140379234231886,
      "tnr_std": 0.0,
      "fpr": 0.08596207657681144,
      "fpr_std": 0.0,
      "fnr": 0.2480317013400073,
      "fnr_std": 0.0,
      "f1": 0.595470591878445,
      "f1_std": 0.0,
      "g_mean": 0.8290521950922317,
      "g_mean_std": 0.0,
      "true_positives": 14422.0,
      "true_positives_std": 0.0,
      "false_positives": 14838.0,
      "false_positives_std": 0.0,
      "false_negatives": 4757.0,
      "false_negatives_std": 0.0,
      "true_negatives": 157773.0,
      "true_negatives_std": 0.0,
      "n_rows": 191790.0,
      "n_rows_std": 0.0,
      "n_injected": 19179.0,
      "n_injected_std": 0.0,
      "n_predicted": 29260.0,
      "n_predicted_std": 0.0,
      "n_trials": 1
    },
    "best_candidate_id": "if__contamination_auto__max_features_0p75__max_samples_256__n_estimators_200__threshold_0p36",
    "best_threshold": 0.36,
    "best_f1": 0.5432648844117267,
    "best_hyperparameters": {
      "n_estimators": 200,
      "max_samples": 256,
      "max_features": 0.75,
      "contamination": "auto"
    },
    "best_metrics": {
      "threshold": 0.36,
      "accuracy": 0.8524844882423483,
      "accuracy_std": 0.0,
      "precision": 0.39345258973459607,
      "precision_std": 0.0,
      "recall": 0.8773137285572762,
      "recall_std": 0.0,
      "tnr": 0.849725683762912,
      "tnr_std": 0.0,
      "fpr": 0.150274316237088,
      "fpr_std": 0.0,
      "fnr": 0.12268627144272382,
      "fnr_std": 0.0,
      "f1": 0.5432648844117267,
      "f1_std": 0.0,
      "g_mean": 0.8634095250070626,
      "g_mean_std": 0.0,
      "true_positives": 16826.0,
      "true_positives_std": 0.0,
      "false_positives": 25939.0,
      "false_positives_std": 0.0,
      "false_negatives": 2353.0,
      "false_negatives_std": 0.0,
      "true_negatives": 146672.0,
      "true_negatives_std": 0.0,
      "n_rows": 191790.0,
      "n_rows_std": 0.0,
      "n_injected": 19179.0,
      "n_injected_std": 0.0,
      "n_predicted": 42765.0,
      "n_predicted_std": 0.0,
      "n_trials": 1
    }
  }
}
