{
  "new_prices": {
    "row_count": 48000,
    "product_count": 24000,
    "train_row_count": 734747,
    "train_product_count": 24000,
    "current_candidate_id": "if__contamination_auto__max_features_0p75__max_samples_512__n_estimators_200__threshold_0p42",
    "current_threshold": 0.42000000000000004,
    "current_f1": 0.8022040661219837,
    "current_hyperparameters": {
      "n_estimators": 200,
      "max_samples": 512,
      "max_features": 0.75,
      "contamination": "auto"
    },
    "current_metrics": {
      "threshold": 0.42000000000000004,
      "accuracy": 0.956625,
      "accuracy_std": 0.0,
      "precision": 0.737338456164862,
      "precision_std": 0.0,
      "recall": 0.8795833333333334,
      "recall_std": 0.0,
      "tnr": 0.9651851851851851,
      "tnr_std": 0.0,
      "fpr": 0.03481481481481481,
      "fpr_std": 0.0,
      "fnr": 0.12041666666666667,
      "fnr_std": 0.0,
      "f1": 0.8022040661219837,
      "f1_std": 0.0,
      "g_mean": 0.9213906893761928,
      "g_mean_std": 0.0,
      "true_positives": 4222.0,
      "true_positives_std": 0.0,
      "false_positives": 1504.0,
      "false_positives_std": 0.0,
      "false_negatives": 578.0,
      "false_negatives_std": 0.0,
      "true_negatives": 41696.0,
      "true_negatives_std": 0.0,
      "n_rows": 48000.0,
      "n_rows_std": 0.0,
      "n_injected": 4800.0,
      "n_injected_std": 0.0,
      "n_predicted": 5726.0,
      "n_predicted_std": 0.0,
      "n_trials": 1
    },
    "best_candidate_id": "if__contamination_auto__max_features_0p75__max_samples_256__n_estimators_200__threshold_0p36",
    "best_threshold": 0.36,
    "best_f1": 0.7002412545235224,
    "best_hyperparameters": {
      "n_estimators": 200,
      "max_samples": 256,
      "max_features": 0.75,
      "contamination": "auto"
    },
    "best_metrics": {
      "threshold": 0.36,
      "accuracy": 0.9171666666666667,
      "accuracy_std": 0.0,
      "precision": 0.5486767485822306,
      "precision_std": 0.0,
      "recall": 0.9675,
      "recall_std": 0.0,
      "tnr": 0.9115740740740741,
      "tnr_std": 0.0,
      "fpr": 0.08842592592592592,
      "fpr_std": 0.0,
      "fnr": 0.0325,
      "fnr_std": 0.0,
      "f1": 0.7002412545235224,
      "f1_std": 0.0,
      "g_mean": 0.9391208211229621,
      "g_mean_std": 0.0,
      "true_positives": 4644.0,
      "true_positives_std": 0.0,
      "false_positives": 3820.0,
      "false_positives_std": 0.0,
      "false_negatives": 156.0,
      "false_negatives_std": 0.0,
      "true_negatives": 39380.0,
      "true_negatives_std": 0.0,
      "n_rows": 48000.0,
      "n_rows_std": 0.0,
      "n_injected": 4800.0,
      "n_injected_std": 0.0,
      "n_predicted": 8464.0,
      "n_predicted_std": 0.0,
      "n_trials": 1
    }
  },
  "new_products": {
    "row_count": 195489,
    "product_count": 6000,
    "train_row_count": 734747,
    "train_product_count": 24000,
    "current_candidate_id": "if__contamination_auto__max_features_0p75__max_samples_512__n_estimators_200__threshold_0p42",
    "current_threshold": 0.42000000000000004,
    "current_f1": 0.6050746958262745,
    "current_hyperparameters": {
      "n_estimators": 200,
      "max_samples": 512,
      "max_features": 0.75,
      "contamination": "auto"
    },
    "current_metrics": {
      "threshold": 0.42000000000000004,
      "accuracy": 0.8950631493332105,
      "accuracy_std": 0.0,
      "precision": 0.48509075194468454,
      "precision_std": 0.0,
      "recall": 0.8039185594434213,
      "recall_std": 0.0,
      "tnr": 0.9051898079469822,
      "tnr_std": 0.0,
      "fpr": 0.09481019205301777,
      "fpr_std": 0.0,
      "fnr": 0.19608144055657867,
      "fnr_std": 0.0,
      "f1": 0.6050746958262745,
      "f1_std": 0.0,
      "g_mean": 0.8530526867829473,
      "g_mean_std": 0.0,
      "true_positives": 15715.0,
      "true_positives_std": 0.0,
      "false_positives": 16681.0,
      "false_positives_std": 0.0,
      "false_negatives": 3833.0,
      "false_negatives_std": 0.0,
      "true_negatives": 159260.0,
      "true_negatives_std": 0.0,
      "n_rows": 195489.0,
      "n_rows_std": 0.0,
      "n_injected": 19548.0,
      "n_injected_std": 0.0,
      "n_predicted": 32396.0,
      "n_predicted_std": 0.0,
      "n_trials": 1
    },
    "best_candidate_id": "if__contamination_auto__max_features_0p75__max_samples_256__n_estimators_200__threshold_0p36",
    "best_threshold": 0.36,
    "best_f1": 0.5584227778134843,
    "best_hyperparameters": {
      "n_estimators": 200,
      "max_samples": 256,
      "max_features": 0.75,
      "contamination": "auto"
    },
    "best_metrics": {
      "threshold": 0.36,
      "accuracy": 0.8594192000572922,
      "accuracy_std": 0.0,
      "precision": 0.40706990254872566,
      "precision_std": 0.0,
      "recall": 0.8889400450173931,
      "recall_std": 0.0,
      "tnr": 0.8561392739611574,
      "tnr_std": 0.0,
      "fpr": 0.14386072603884256,
      "fpr_std": 0.0,
      "fnr": 0.11105995498260691,
      "fnr_std": 0.0,
      "f1": 0.5584227778134843,
      "f1_std": 0.0,
      "g_mean": 0.8723855138275678,
      "g_mean_std": 0.0,
      "true_positives": 17377.0,
      "true_positives_std": 0.0,
      "false_positives": 25311.0,
      "false_positives_std": 0.0,
      "false_negatives": 2171.0,
      "false_negatives_std": 0.0,
      "true_negatives": 150630.0,
      "true_negatives_std": 0.0,
      "n_rows": 195489.0,
      "n_rows_std": 0.0,
      "n_injected": 19548.0,
      "n_injected_std": 0.0,
      "n_predicted": 42688.0,
      "n_predicted_std": 0.0,
      "n_trials": 1
    }
  }
}
