{
  "new_prices": {
    "row_count": 1454,
    "product_count": 727,
    "train_row_count": 3320,
    "train_product_count": 727,
    "current_candidate_id": "if__contamination_auto__max_features_0p75__max_samples_512__n_estimators_200__threshold_0p42",
    "current_threshold": 0.42000000000000004,
    "current_f1": 0.7297297297297297,
    "current_hyperparameters": {
      "n_estimators": 200,
      "max_samples": 512,
      "max_features": 0.75,
      "contamination": "auto"
    },
    "current_metrics": {
      "threshold": 0.42000000000000004,
      "accuracy": 0.9312242090784044,
      "accuracy_std": 0.0,
      "precision": 0.6,
      "precision_std": 0.0,
      "recall": 0.9310344827586207,
      "recall_std": 0.0,
      "tnr": 0.9312452253628725,
      "tnr_std": 0.0,
      "fpr": 0.06875477463712758,
      "fpr_std": 0.0,
      "fnr": 0.06896551724137931,
      "fnr_std": 0.0,
      "f1": 0.7297297297297297,
      "f1_std": 0.0,
      "g_mean": 0.9311398480986393,
      "g_mean_std": 0.0,
      "true_positives": 135.0,
      "true_positives_std": 0.0,
      "false_positives": 90.0,
      "false_positives_std": 0.0,
      "false_negatives": 10.0,
      "false_negatives_std": 0.0,
      "true_negatives": 1219.0,
      "true_negatives_std": 0.0,
      "n_rows": 1454.0,
      "n_rows_std": 0.0,
      "n_injected": 145.0,
      "n_injected_std": 0.0,
      "n_predicted": 225.0,
      "n_predicted_std": 0.0,
      "n_trials": 1
    },
    "best_candidate_id": "if__contamination_auto__max_features_0p75__max_samples_256__n_estimators_200__threshold_0p36",
    "best_threshold": 0.36,
    "best_f1": 0.636568848758465,
    "best_hyperparameters": {
      "n_estimators": 200,
      "max_samples": 256,
      "max_features": 0.75,
      "contamination": "auto"
    },
    "best_metrics": {
      "threshold": 0.36,
      "accuracy": 0.8892709766162311,
      "accuracy_std": 0.0,
      "precision": 0.47315436241610737,
      "precision_std": 0.0,
      "recall": 0.9724137931034482,
      "recall_std": 0.0,
      "tnr": 0.880061115355233,
      "tnr_std": 0.0,
      "fpr": 0.119938884644767,
      "fpr_std": 0.0,
      "fnr": 0.027586206896551724,
      "fnr_std": 0.0,
      "f1": 0.636568848758465,
      "f1_std": 0.0,
      "g_mean": 0.9250857081078668,
      "g_mean_std": 0.0,
      "true_positives": 141.0,
      "true_positives_std": 0.0,
      "false_positives": 157.0,
      "false_positives_std": 0.0,
      "false_negatives": 4.0,
      "false_negatives_std": 0.0,
      "true_negatives": 1152.0,
      "true_negatives_std": 0.0,
      "n_rows": 1454.0,
      "n_rows_std": 0.0,
      "n_injected": 145.0,
      "n_injected_std": 0.0,
      "n_predicted": 298.0,
      "n_predicted_std": 0.0,
      "n_trials": 1
    }
  },
  "new_products": {
    "row_count": 1188,
    "product_count": 182,
    "train_row_count": 3320,
    "train_product_count": 727,
    "current_candidate_id": "if__contamination_auto__max_features_0p75__max_samples_512__n_estimators_200__threshold_0p42",
    "current_threshold": 0.42000000000000004,
    "current_f1": 0.3663663663663663,
    "current_hyperparameters": {
      "n_estimators": 200,
      "max_samples": 512,
      "max_features": 0.75,
      "contamination": "auto"
    },
    "current_metrics": {
      "threshold": 0.42000000000000004,
      "accuracy": 0.8223905723905723,
      "accuracy_std": 0.0,
      "precision": 0.2837209302325581,
      "precision_std": 0.0,
      "recall": 0.5169491525423728,
      "recall_std": 0.0,
      "tnr": 0.8560747663551402,
      "tnr_std": 0.0,
      "fpr": 0.14392523364485982,
      "fpr_std": 0.0,
      "fnr": 0.4830508474576271,
      "fnr_std": 0.0,
      "f1": 0.3663663663663663,
      "f1_std": 0.0,
      "g_mean": 0.6652421551436737,
      "g_mean_std": 0.0,
      "true_positives": 61.0,
      "true_positives_std": 0.0,
      "false_positives": 154.0,
      "false_positives_std": 0.0,
      "false_negatives": 57.0,
      "false_negatives_std": 0.0,
      "true_negatives": 916.0,
      "true_negatives_std": 0.0,
      "n_rows": 1188.0,
      "n_rows_std": 0.0,
      "n_injected": 118.0,
      "n_injected_std": 0.0,
      "n_predicted": 215.0,
      "n_predicted_std": 0.0,
      "n_trials": 1
    },
    "best_candidate_id": "if__contamination_auto__max_features_0p75__max_samples_256__n_estimators_200__threshold_0p36",
    "best_threshold": 0.36,
    "best_f1": 0.3686635944700461,
    "best_hyperparameters": {
      "n_estimators": 200,
      "max_samples": 256,
      "max_features": 0.75,
      "contamination": "auto"
    },
    "best_metrics": {
      "threshold": 0.36,
      "accuracy": 0.7693602693602694,
      "accuracy_std": 0.0,
      "precision": 0.25316455696202533,
      "precision_std": 0.0,
      "recall": 0.6779661016949152,
      "recall_std": 0.0,
      "tnr": 0.7794392523364486,
      "tnr_std": 0.0,
      "fpr": 0.2205607476635514,
      "fpr_std": 0.0,
      "fnr": 0.3220338983050847,
      "fnr_std": 0.0,
      "f1": 0.3686635944700461,
      "f1_std": 0.0,
      "g_mean": 0.7269342414651695,
      "g_mean_std": 0.0,
      "true_positives": 80.0,
      "true_positives_std": 0.0,
      "false_positives": 236.0,
      "false_positives_std": 0.0,
      "false_negatives": 38.0,
      "false_negatives_std": 0.0,
      "true_negatives": 834.0,
      "true_negatives_std": 0.0,
      "n_rows": 1188.0,
      "n_rows_std": 0.0,
      "n_injected": 118.0,
      "n_injected_std": 0.0,
      "n_predicted": 316.0,
      "n_predicted_std": 0.0,
      "n_trials": 1
    }
  }
}
