{
  "new_prices": {
    "row_count": 102106,
    "product_count": 51053,
    "train_row_count": 988440,
    "train_product_count": 51053,
    "current_candidate_id": "eif__max_features_0p5__max_samples_256__n_estimators_100__threshold_0p2",
    "current_threshold": 0.2,
    "current_f1": 0.30651543128462144,
    "current_hyperparameters": {
      "n_estimators": 100,
      "max_samples": 256,
      "max_features": 0.5
    },
    "current_metrics": {
      "threshold": 0.2,
      "accuracy": 0.768270228977729,
      "accuracy_std": 0.0,
      "precision": 0.21870425362834078,
      "precision_std": 0.0,
      "recall": 0.5121449559255632,
      "recall_std": 0.0,
      "tnr": 0.7967267345695134,
      "tnr_std": 0.0,
      "fpr": 0.20327326543048663,
      "fpr_std": 0.0,
      "fnr": 0.4878550440744368,
      "fnr_std": 0.0,
      "f1": 0.30651543128462144,
      "f1_std": 0.0,
      "g_mean": 0.6387797573192354,
      "g_mean_std": 0.0,
      "true_positives": 5229.0,
      "true_positives_std": 0.0,
      "false_positives": 18680.0,
      "false_positives_std": 0.0,
      "false_negatives": 4981.0,
      "false_negatives_std": 0.0,
      "true_negatives": 73216.0,
      "true_negatives_std": 0.0,
      "n_rows": 102106.0,
      "n_rows_std": 0.0,
      "n_injected": 10210.0,
      "n_injected_std": 0.0,
      "n_predicted": 23909.0,
      "n_predicted_std": 0.0,
      "n_trials": 1
    },
    "best_candidate_id": "eif__max_features_0p5__max_samples_256__n_estimators_100__threshold_0p2",
    "best_threshold": 0.2,
    "best_f1": 0.30651543128462144,
    "best_hyperparameters": {
      "n_estimators": 100,
      "max_samples": 256,
      "max_features": 0.5
    },
    "best_metrics": {
      "threshold": 0.2,
      "accuracy": 0.768270228977729,
      "accuracy_std": 0.0,
      "precision": 0.21870425362834078,
      "precision_std": 0.0,
      "recall": 0.5121449559255632,
      "recall_std": 0.0,
      "tnr": 0.7967267345695134,
      "tnr_std": 0.0,
      "fpr": 0.20327326543048663,
      "fpr_std": 0.0,
      "fnr": 0.4878550440744368,
      "fnr_std": 0.0,
      "f1": 0.30651543128462144,
      "f1_std": 0.0,
      "g_mean": 0.6387797573192354,
      "g_mean_std": 0.0,
      "true_positives": 5229.0,
      "true_positives_std": 0.0,
      "false_positives": 18680.0,
      "false_positives_std": 0.0,
      "false_negatives": 4981.0,
      "false_negatives_std": 0.0,
      "true_negatives": 73216.0,
      "true_negatives_std": 0.0,
      "n_rows": 102106.0,
      "n_rows_std": 0.0,
      "n_injected": 10210.0,
      "n_injected_std": 0.0,
      "n_predicted": 23909.0,
      "n_predicted_std": 0.0,
      "n_trials": 1
    }
  },
  "new_products": {
    "row_count": 271847,
    "product_count": 12764,
    "train_row_count": 988440,
    "train_product_count": 51053,
    "current_candidate_id": "eif__max_features_0p5__max_samples_256__n_estimators_100__threshold_0p2",
    "current_threshold": 0.2,
    "current_f1": 0.18376903991192756,
    "current_hyperparameters": {
      "n_estimators": 100,
      "max_samples": 256,
      "max_features": 0.5
    },
    "current_metrics": {
      "threshold": 0.2,
      "accuracy": 0.6345370741630403,
      "accuracy_std": 0.0,
      "precision": 0.11830664099689,
      "precision_std": 0.0,
      "recall": 0.4114184814596822,
      "recall_std": 0.0,
      "tnr": 0.6593273196192313,
      "tnr_std": 0.0,
      "fpr": 0.34067268038076864,
      "fpr_std": 0.0,
      "fnr": 0.5885815185403178,
      "fnr_std": 0.0,
      "f1": 0.18376903991192756,
      "f1_std": 0.0,
      "g_mean": 0.5208257334489403,
      "g_mean_std": 0.0,
      "true_positives": 11184.0,
      "true_positives_std": 0.0,
      "false_positives": 83350.0,
      "false_positives_std": 0.0,
      "false_negatives": 16000.0,
      "false_negatives_std": 0.0,
      "true_negatives": 161313.0,
      "true_negatives_std": 0.0,
      "n_rows": 271847.0,
      "n_rows_std": 0.0,
      "n_injected": 27184.0,
      "n_injected_std": 0.0,
      "n_predicted": 94534.0,
      "n_predicted_std": 0.0,
      "n_trials": 1
    },
    "best_candidate_id": "eif__max_features_0p5__max_samples_256__n_estimators_100__threshold_0p2",
    "best_threshold": 0.2,
    "best_f1": 0.18376903991192756,
    "best_hyperparameters": {
      "n_estimators": 100,
      "max_samples": 256,
      "max_features": 0.5
    },
    "best_metrics": {
      "threshold": 0.2,
      "accuracy": 0.6345370741630403,
      "accuracy_std": 0.0,
      "precision": 0.11830664099689,
      "precision_std": 0.0,
      "recall": 0.4114184814596822,
      "recall_std": 0.0,
      "tnr": 0.6593273196192313,
      "tnr_std": 0.0,
      "fpr": 0.34067268038076864,
      "fpr_std": 0.0,
      "fnr": 0.5885815185403178,
      "fnr_std": 0.0,
      "f1": 0.18376903991192756,
      "f1_std": 0.0,
      "g_mean": 0.5208257334489403,
      "g_mean_std": 0.0,
      "true_positives": 11184.0,
      "true_positives_std": 0.0,
      "false_positives": 83350.0,
      "false_positives_std": 0.0,
      "false_negatives": 16000.0,
      "false_negatives_std": 0.0,
      "true_negatives": 161313.0,
      "true_negatives_std": 0.0,
      "n_rows": 271847.0,
      "n_rows_std": 0.0,
      "n_injected": 27184.0,
      "n_injected_std": 0.0,
      "n_predicted": 94534.0,
      "n_predicted_std": 0.0,
      "n_trials": 1
    }
  }
}
