{
  "new_prices": {
    "row_count": 532376,
    "product_count": 266188,
    "train_row_count": 3460511,
    "train_product_count": 266188,
    "current_candidate_id": "rrcf__num_trees_40__tree_size_256__warmup_samples_32__threshold_0p8",
    "current_threshold": 0.8,
    "current_f1": 0.24835969800467375,
    "current_hyperparameters": {
      "num_trees": 40,
      "tree_size": 256,
      "warmup_samples": 32
    },
    "current_metrics": {
      "threshold": 0.8,
      "accuracy": 0.874333178054608,
      "accuracy_std": 0.0,
      "precision": 0.30899331861004725,
      "precision_std": 0.0,
      "recall": 0.20761876138775665,
      "recall_std": 0.0,
      "tnr": 0.9484116300280294,
      "tnr_std": 0.0,
      "fpr": 0.051588369971970555,
      "fpr_std": 0.0,
      "fnr": 0.7923812386122434,
      "fnr_std": 0.0,
      "f1": 0.24835969800467375,
      "f1_std": 0.0,
      "g_mean": 0.44374322294786966,
      "g_mean_std": 0.0,
      "true_positives": 11053.0,
      "true_positives_std": 0.0,
      "false_positives": 24718.0,
      "false_positives_std": 0.0,
      "false_negatives": 42184.0,
      "false_negatives_std": 0.0,
      "true_negatives": 454421.0,
      "true_negatives_std": 0.0,
      "n_rows": 532376.0,
      "n_rows_std": 0.0,
      "n_injected": 53237.0,
      "n_injected_std": 0.0,
      "n_predicted": 35771.0,
      "n_predicted_std": 0.0,
      "n_trials": 1
    },
    "best_candidate_id": "rrcf__num_trees_80__tree_size_128__warmup_samples_32__threshold_0p65",
    "best_threshold": 0.6499999999999999,
    "best_f1": 0.20107847699340323,
    "best_hyperparameters": {
      "num_trees": 80,
      "tree_size": 128,
      "warmup_samples": 32
    },
    "best_metrics": {
      "threshold": 0.6499999999999999,
      "accuracy": 0.5065836927284476,
      "accuracy_std": 0.0,
      "precision": 0.11996298446799245,
      "precision_std": 0.0,
      "recall": 0.6209403234592483,
      "recall_std": 0.0,
      "tnr": 0.4938775595390899,
      "tnr_std": 0.0,
      "fpr": 0.50612244046091,
      "fpr_std": 0.0,
      "fnr": 0.37905967654075173,
      "fnr_std": 0.0,
      "f1": 0.20107847699340323,
      "f1_std": 0.0,
      "g_mean": 0.55377657188569,
      "g_mean_std": 0.0,
      "true_positives": 33057.0,
      "true_positives_std": 0.0,
      "false_positives": 242503.0,
      "false_positives_std": 0.0,
      "false_negatives": 20180.0,
      "false_negatives_std": 0.0,
      "true_negatives": 236636.0,
      "true_negatives_std": 0.0,
      "n_rows": 532376.0,
      "n_rows_std": 0.0,
      "n_injected": 53237.0,
      "n_injected_std": 0.0,
      "n_predicted": 275560.0,
      "n_predicted_std": 0.0,
      "n_trials": 1
    }
  },
  "new_products": {
    "row_count": 998139,
    "product_count": 66547,
    "train_row_count": 3460511,
    "train_product_count": 266188,
    "current_candidate_id": "rrcf__num_trees_40__tree_size_256__warmup_samples_32__threshold_0p8",
    "current_threshold": 0.8,
    "current_f1": 0.20200692691169422,
    "current_hyperparameters": {
      "num_trees": 40,
      "tree_size": 256,
      "warmup_samples": 32
    },
    "current_metrics": {
      "threshold": 0.8,
      "accuracy": 0.8381858638927043,
      "accuracy_std": 0.0,
      "precision": 0.19927670442360557,
      "precision_std": 0.0,
      "recall": 0.20481300031058078,
      "recall_std": 0.0,
      "tnr": 0.9085599214539043,
      "tnr_std": 0.0,
      "fpr": 0.09144007854609573,
      "fpr_std": 0.0,
      "fnr": 0.7951869996894192,
      "fnr_std": 0.0,
      "f1": 0.20200692691169422,
      "f1_std": 0.0,
      "g_mean": 0.43137557125423753,
      "g_mean_std": 0.0,
      "true_positives": 20443.0,
      "true_positives_std": 0.0,
      "false_positives": 82143.0,
      "false_positives_std": 0.0,
      "false_negatives": 79370.0,
      "false_negatives_std": 0.0,
      "true_negatives": 816183.0,
      "true_negatives_std": 0.0,
      "n_rows": 998139.0,
      "n_rows_std": 0.0,
      "n_injected": 99813.0,
      "n_injected_std": 0.0,
      "n_predicted": 102586.0,
      "n_predicted_std": 0.0,
      "n_trials": 1
    },
    "best_candidate_id": "rrcf__num_trees_80__tree_size_128__warmup_samples_32__threshold_0p65",
    "best_threshold": 0.6499999999999999,
    "best_f1": 0.16966441204497537,
    "best_hyperparameters": {
      "num_trees": 80,
      "tree_size": 128,
      "warmup_samples": 32
    },
    "best_metrics": {
      "threshold": 0.6499999999999999,
      "accuracy": 0.4124796245813459,
      "accuracy_std": 0.0,
      "precision": 0.09879460457753446,
      "precision_std": 0.0,
      "recall": 0.6002524721228698,
      "recall_std": 0.0,
      "tnr": 0.3916161838797942,
      "tnr_std": 0.0,
      "fpr": 0.6083838161202058,
      "fpr_std": 0.0,
      "fnr": 0.39974752787713025,
      "fnr_std": 0.0,
      "f1": 0.16966441204497537,
      "f1_std": 0.0,
      "g_mean": 0.4848387180260781,
      "g_mean_std": 0.0,
      "true_positives": 59913.0,
      "true_positives_std": 0.0,
      "false_positives": 546527.0,
      "false_positives_std": 0.0,
      "false_negatives": 39900.0,
      "false_negatives_std": 0.0,
      "true_negatives": 351799.0,
      "true_negatives_std": 0.0,
      "n_rows": 998139.0,
      "n_rows_std": 0.0,
      "n_injected": 99813.0,
      "n_injected_std": 0.0,
      "n_predicted": 606440.0,
      "n_predicted_std": 0.0,
      "n_trials": 1
    }
  }
}
