{
  "new_prices": {
    "row_count": 97622,
    "product_count": 48811,
    "train_row_count": 1157379,
    "train_product_count": 48811,
    "current_candidate_id": "if__contamination_auto__max_features_0p75__max_samples_512__n_estimators_200__threshold_0p42",
    "current_threshold": 0.42000000000000004,
    "current_f1": 0.7897335569219304,
    "current_hyperparameters": {
      "n_estimators": 200,
      "max_samples": 512,
      "max_features": 0.75,
      "contamination": "auto"
    },
    "current_metrics": {
      "threshold": 0.42000000000000004,
      "accuracy": 0.9537604228555039,
      "accuracy_std": 0.0,
      "precision": 0.72415855117034,
      "precision_std": 0.0,
      "recall": 0.8683671378815816,
      "recall_std": 0.0,
      "tnr": 0.963248349647166,
      "tnr_std": 0.0,
      "fpr": 0.03675165035283406,
      "fpr_std": 0.0,
      "fnr": 0.13163286211841835,
      "fnr_std": 0.0,
      "f1": 0.7897335569219304,
      "f1_std": 0.0,
      "g_mean": 0.9145781609311839,
      "g_mean_std": 0.0,
      "true_positives": 8477.0,
      "true_positives_std": 0.0,
      "false_positives": 3229.0,
      "false_positives_std": 0.0,
      "false_negatives": 1285.0,
      "false_negatives_std": 0.0,
      "true_negatives": 84631.0,
      "true_negatives_std": 0.0,
      "n_rows": 97622.0,
      "n_rows_std": 0.0,
      "n_injected": 9762.0,
      "n_injected_std": 0.0,
      "n_predicted": 11706.0,
      "n_predicted_std": 0.0,
      "n_trials": 1
    },
    "best_candidate_id": "if__contamination_auto__max_features_0p75__max_samples_512__n_estimators_100__threshold_0p36",
    "best_threshold": 0.36,
    "best_f1": 0.7576608472713955,
    "best_hyperparameters": {
      "n_estimators": 100,
      "max_samples": 512,
      "max_features": 0.75,
      "contamination": "auto"
    },
    "best_metrics": {
      "threshold": 0.36,
      "accuracy": 0.9389994058716273,
      "accuracy_std": 0.0,
      "precision": 0.6285193437310107,
      "precision_std": 0.0,
      "recall": 0.9535955746773203,
      "recall_std": 0.0,
      "tnr": 0.9373776462554063,
      "tnr_std": 0.0,
      "fpr": 0.06262235374459367,
      "fpr_std": 0.0,
      "fnr": 0.04640442532267978,
      "fnr_std": 0.0,
      "f1": 0.7576608472713955,
      "f1_std": 0.0,
      "g_mean": 0.9454518365684198,
      "g_mean_std": 0.0,
      "true_positives": 9309.0,
      "true_positives_std": 0.0,
      "false_positives": 5502.0,
      "false_positives_std": 0.0,
      "false_negatives": 453.0,
      "false_negatives_std": 0.0,
      "true_negatives": 82358.0,
      "true_negatives_std": 0.0,
      "n_rows": 97622.0,
      "n_rows_std": 0.0,
      "n_injected": 9762.0,
      "n_injected_std": 0.0,
      "n_predicted": 14811.0,
      "n_predicted_std": 0.0,
      "n_trials": 1
    }
  },
  "new_products": {
    "row_count": 313275,
    "product_count": 12203,
    "train_row_count": 1157379,
    "train_product_count": 48811,
    "current_candidate_id": "if__contamination_auto__max_features_0p75__max_samples_512__n_estimators_200__threshold_0p42",
    "current_threshold": 0.42000000000000004,
    "current_f1": 0.5889671931956257,
    "current_hyperparameters": {
      "n_estimators": 200,
      "max_samples": 512,
      "max_features": 0.75,
      "contamination": "auto"
    },
    "current_metrics": {
      "threshold": 0.42000000000000004,
      "accuracy": 0.8920181948767058,
      "accuracy_std": 0.0,
      "precision": 0.4754674043120868,
      "precision_std": 0.0,
      "recall": 0.7736457369042679,
      "recall_std": 0.0,
      "tnr": 0.9051704569636955,
      "tnr_std": 0.0,
      "fpr": 0.09482954303630457,
      "fpr_std": 0.0,
      "fnr": 0.22635426309573212,
      "fnr_std": 0.0,
      "f1": 0.5889671931956257,
      "f1_std": 0.0,
      "g_mean": 0.836828097760616,
      "g_mean_std": 0.0,
      "true_positives": 24236.0,
      "true_positives_std": 0.0,
      "false_positives": 26737.0,
      "false_positives_std": 0.0,
      "false_negatives": 7091.0,
      "false_negatives_std": 0.0,
      "true_negatives": 255211.0,
      "true_negatives_std": 0.0,
      "n_rows": 313275.0,
      "n_rows_std": 0.0,
      "n_injected": 31327.0,
      "n_injected_std": 0.0,
      "n_predicted": 50973.0,
      "n_predicted_std": 0.0,
      "n_trials": 1
    },
    "best_candidate_id": "if__contamination_auto__max_features_0p75__max_samples_512__n_estimators_100__threshold_0p36",
    "best_threshold": 0.36,
    "best_f1": 0.5385580251868948,
    "best_hyperparameters": {
      "n_estimators": 100,
      "max_samples": 512,
      "max_features": 0.75,
      "contamination": "auto"
    },
    "best_metrics": {
      "threshold": 0.36,
      "accuracy": 0.8532120341552949,
      "accuracy_std": 0.0,
      "precision": 0.3927379697927643,
      "precision_std": 0.0,
      "recall": 0.8566093146487056,
      "recall_std": 0.0,
      "tnr": 0.8528345652389803,
      "tnr_std": 0.0,
      "fpr": 0.14716543476101976,
      "fpr_std": 0.0,
      "fnr": 0.1433906853512944,
      "fnr_std": 0.0,
      "f1": 0.5385580251868948,
      "f1_std": 0.0,
      "g_mean": 0.8547198561154934,
      "g_mean_std": 0.0,
      "true_positives": 26835.0,
      "true_positives_std": 0.0,
      "false_positives": 41493.0,
      "false_positives_std": 0.0,
      "false_negatives": 4492.0,
      "false_negatives_std": 0.0,
      "true_negatives": 240455.0,
      "true_negatives_std": 0.0,
      "n_rows": 313275.0,
      "n_rows_std": 0.0,
      "n_injected": 31327.0,
      "n_injected_std": 0.0,
      "n_predicted": 68328.0,
      "n_predicted_std": 0.0,
      "n_trials": 1
    }
  }
}
