{
  "new_prices": {
    "row_count": 21784,
    "product_count": 10892,
    "train_row_count": 315481,
    "train_product_count": 10892,
    "current_candidate_id": "if__contamination_auto__max_features_0p75__max_samples_512__n_estimators_200__threshold_0p42",
    "current_threshold": 0.42000000000000004,
    "current_f1": 0.781952048329243,
    "current_hyperparameters": {
      "n_estimators": 200,
      "max_samples": 512,
      "max_features": 0.75,
      "contamination": "auto"
    },
    "current_metrics": {
      "threshold": 0.42000000000000004,
      "accuracy": 0.9469794344473008,
      "accuracy_std": 0.0,
      "precision": 0.6639948701506894,
      "precision_std": 0.0,
      "recall": 0.950872359963269,
      "recall_std": 0.0,
      "tnr": 0.9465469754156891,
      "tnr_std": 0.0,
      "fpr": 0.05345302458431093,
      "fpr_std": 0.0,
      "fnr": 0.049127640036730945,
      "fnr_std": 0.0,
      "f1": 0.781952048329243,
      "f1_std": 0.0,
      "g_mean": 0.9487072026339901,
      "g_mean_std": 0.0,
      "true_positives": 2071.0,
      "true_positives_std": 0.0,
      "false_positives": 1048.0,
      "false_positives_std": 0.0,
      "false_negatives": 107.0,
      "false_negatives_std": 0.0,
      "true_negatives": 18558.0,
      "true_negatives_std": 0.0,
      "n_rows": 21784.0,
      "n_rows_std": 0.0,
      "n_injected": 2178.0,
      "n_injected_std": 0.0,
      "n_predicted": 3119.0,
      "n_predicted_std": 0.0,
      "n_trials": 1
    },
    "best_candidate_id": "if__contamination_auto__max_features_0p75__max_samples_512__n_estimators_200__threshold_0p36",
    "best_threshold": 0.36,
    "best_f1": 0.7309609764483411,
    "best_hyperparameters": {
      "n_estimators": 200,
      "max_samples": 512,
      "max_features": 0.75,
      "contamination": "auto"
    },
    "best_metrics": {
      "threshold": 0.36,
      "accuracy": 0.9281582813073815,
      "accuracy_std": 0.0,
      "precision": 0.5842264358340203,
      "precision_std": 0.0,
      "recall": 0.9761248852157943,
      "recall_std": 0.0,
      "tnr": 0.9228297459961237,
      "tnr_std": 0.0,
      "fpr": 0.07717025400387637,
      "fpr_std": 0.0,
      "fnr": 0.023875114784205693,
      "fnr_std": 0.0,
      "f1": 0.7309609764483411,
      "f1_std": 0.0,
      "g_mean": 0.9491033030625207,
      "g_mean_std": 0.0,
      "true_positives": 2126.0,
      "true_positives_std": 0.0,
      "false_positives": 1513.0,
      "false_positives_std": 0.0,
      "false_negatives": 52.0,
      "false_negatives_std": 0.0,
      "true_negatives": 18093.0,
      "true_negatives_std": 0.0,
      "n_rows": 21784.0,
      "n_rows_std": 0.0,
      "n_injected": 2178.0,
      "n_injected_std": 0.0,
      "n_predicted": 3639.0,
      "n_predicted_std": 0.0,
      "n_trials": 1
    }
  },
  "new_products": {
    "row_count": 83980,
    "product_count": 2723,
    "train_row_count": 315481,
    "train_product_count": 10892,
    "current_candidate_id": "if__contamination_auto__max_features_0p75__max_samples_512__n_estimators_200__threshold_0p42",
    "current_threshold": 0.42000000000000004,
    "current_f1": 0.6166977167367098,
    "current_hyperparameters": {
      "n_estimators": 200,
      "max_samples": 512,
      "max_features": 0.75,
      "contamination": "auto"
    },
    "current_metrics": {
      "threshold": 0.42000000000000004,
      "accuracy": 0.8946534889259348,
      "accuracy_std": 0.0,
      "precision": 0.4847102090853368,
      "precision_std": 0.0,
      "recall": 0.8474636818290069,
      "recall_std": 0.0,
      "tnr": 0.8998968008255934,
      "tnr_std": 0.0,
      "fpr": 0.1001031991744066,
      "fpr_std": 0.0,
      "fnr": 0.15253631817099308,
      "fnr_std": 0.0,
      "f1": 0.6166977167367098,
      "f1_std": 0.0,
      "g_mean": 0.8732868120461924,
      "g_mean_std": 0.0,
      "true_positives": 7117.0,
      "true_positives_std": 0.0,
      "false_positives": 7566.0,
      "false_positives_std": 0.0,
      "false_negatives": 1281.0,
      "false_negatives_std": 0.0,
      "true_negatives": 68016.0,
      "true_negatives_std": 0.0,
      "n_rows": 83980.0,
      "n_rows_std": 0.0,
      "n_injected": 8398.0,
      "n_injected_std": 0.0,
      "n_predicted": 14683.0,
      "n_predicted_std": 0.0,
      "n_trials": 1
    },
    "best_candidate_id": "if__contamination_auto__max_features_0p75__max_samples_512__n_estimators_200__threshold_0p36",
    "best_threshold": 0.36,
    "best_f1": 0.5787211176786673,
    "best_hyperparameters": {
      "n_estimators": 200,
      "max_samples": 512,
      "max_features": 0.75,
      "contamination": "auto"
    },
    "best_metrics": {
      "threshold": 0.36,
      "accuracy": 0.8693022148130507,
      "accuracy_std": 0.0,
      "precision": 0.42699365654734933,
      "precision_std": 0.0,
      "recall": 0.8977137413669921,
      "recall_std": 0.0,
      "tnr": 0.8661453785292794,
      "tnr_std": 0.0,
      "fpr": 0.13385462147072055,
      "fpr_std": 0.0,
      "fnr": 0.10228625863300786,
      "fnr_std": 0.0,
      "f1": 0.5787211176786673,
      "f1_std": 0.0,
      "g_mean": 0.8817883013100417,
      "g_mean_std": 0.0,
      "true_positives": 7539.0,
      "true_positives_std": 0.0,
      "false_positives": 10117.0,
      "false_positives_std": 0.0,
      "false_negatives": 859.0,
      "false_negatives_std": 0.0,
      "true_negatives": 65465.0,
      "true_negatives_std": 0.0,
      "n_rows": 83980.0,
      "n_rows_std": 0.0,
      "n_injected": 8398.0,
      "n_injected_std": 0.0,
      "n_predicted": 17656.0,
      "n_predicted_std": 0.0,
      "n_trials": 1
    }
  }
}
