{
  "new_prices": {
    "row_count": 71714,
    "product_count": 35857,
    "train_row_count": 555911,
    "train_product_count": 35857,
    "current_candidate_id": "if__contamination_auto__max_features_0p75__max_samples_512__n_estimators_200__threshold_0p42",
    "current_threshold": 0.42000000000000004,
    "current_f1": 0.8492001049042749,
    "current_hyperparameters": {
      "n_estimators": 200,
      "max_samples": 512,
      "max_features": 0.75,
      "contamination": "auto"
    },
    "current_metrics": {
      "threshold": 0.42000000000000004,
      "accuracy": 0.967928159076331,
      "accuracy_std": 0.0,
      "precision": 0.8013859670832818,
      "precision_std": 0.0,
      "recall": 0.9030818574815228,
      "recall_std": 0.0,
      "tnr": 0.9751328571649908,
      "tnr_std": 0.0,
      "fpr": 0.02486714283500922,
      "fpr_std": 0.0,
      "fnr": 0.0969181425184772,
      "fnr_std": 0.0,
      "f1": 0.8492001049042749,
      "f1_std": 0.0,
      "g_mean": 0.93841610809908,
      "g_mean_std": 0.0,
      "true_positives": 6476.0,
      "true_positives_std": 0.0,
      "false_positives": 1605.0,
      "false_positives_std": 0.0,
      "false_negatives": 695.0,
      "false_negatives_std": 0.0,
      "true_negatives": 62938.0,
      "true_negatives_std": 0.0,
      "n_rows": 71714.0,
      "n_rows_std": 0.0,
      "n_injected": 7171.0,
      "n_injected_std": 0.0,
      "n_predicted": 8081.0,
      "n_predicted_std": 0.0,
      "n_trials": 1
    },
    "best_candidate_id": "if__contamination_auto__max_features_1__max_samples_256__n_estimators_200__threshold_0p3",
    "best_threshold": 0.3,
    "best_f1": 0.7904097253489418,
    "best_hyperparameters": {
      "n_estimators": 200,
      "max_samples": 256,
      "max_features": 1.0,
      "contamination": "auto"
    },
    "best_metrics": {
      "threshold": 0.3,
      "accuracy": 0.9480715062609811,
      "accuracy_std": 0.0,
      "precision": 0.6626403699160139,
      "precision_std": 0.0,
      "recall": 0.9792218658485566,
      "recall_std": 0.0,
      "tnr": 0.944610569697721,
      "tnr_std": 0.0,
      "fpr": 0.0553894303022791,
      "fpr_std": 0.0,
      "fnr": 0.020778134151443313,
      "fnr_std": 0.0,
      "f1": 0.7904097253489418,
      "f1_std": 0.0,
      "g_mean": 0.9617605338958708,
      "g_mean_std": 0.0,
      "true_positives": 7022.0,
      "true_positives_std": 0.0,
      "false_positives": 3575.0,
      "false_positives_std": 0.0,
      "false_negatives": 149.0,
      "false_negatives_std": 0.0,
      "true_negatives": 60968.0,
      "true_negatives_std": 0.0,
      "n_rows": 71714.0,
      "n_rows_std": 0.0,
      "n_injected": 7171.0,
      "n_injected_std": 0.0,
      "n_predicted": 10597.0,
      "n_predicted_std": 0.0,
      "n_trials": 1
    }
  },
  "new_products": {
    "row_count": 157202,
    "product_count": 8965,
    "train_row_count": 555911,
    "train_product_count": 35857,
    "current_candidate_id": "if__contamination_auto__max_features_0p75__max_samples_512__n_estimators_200__threshold_0p42",
    "current_threshold": 0.42000000000000004,
    "current_f1": 0.4161248912998468,
    "current_hyperparameters": {
      "n_estimators": 200,
      "max_samples": 512,
      "max_features": 0.75,
      "contamination": "auto"
    },
    "current_metrics": {
      "threshold": 0.42000000000000004,
      "accuracy": 0.820612969300645,
      "accuracy_std": 0.0,
      "precision": 0.30845969672785317,
      "precision_std": 0.0,
      "recall": 0.6392493638676845,
      "recall_std": 0.0,
      "tnr": 0.8407641961521607,
      "tnr_std": 0.0,
      "fpr": 0.1592358038478393,
      "fpr_std": 0.0,
      "fnr": 0.3607506361323155,
      "fnr_std": 0.0,
      "f1": 0.4161248912998468,
      "f1_std": 0.0,
      "g_mean": 0.7331152552995974,
      "g_mean_std": 0.0,
      "true_positives": 10049.0,
      "true_positives_std": 0.0,
      "false_positives": 22529.0,
      "false_positives_std": 0.0,
      "false_negatives": 5671.0,
      "false_negatives_std": 0.0,
      "true_negatives": 118953.0,
      "true_negatives_std": 0.0,
      "n_rows": 157202.0,
      "n_rows_std": 0.0,
      "n_injected": 15720.0,
      "n_injected_std": 0.0,
      "n_predicted": 32578.0,
      "n_predicted_std": 0.0,
      "n_trials": 1
    },
    "best_candidate_id": "if__contamination_auto__max_features_1__max_samples_256__n_estimators_200__threshold_0p3",
    "best_threshold": 0.3,
    "best_f1": 0.3894560107454667,
    "best_hyperparameters": {
      "n_estimators": 200,
      "max_samples": 256,
      "max_features": 1.0,
      "contamination": "auto"
    },
    "best_metrics": {
      "threshold": 0.3,
      "accuracy": 0.7686797877889594,
      "accuracy_std": 0.0,
      "precision": 0.2645529197080292,
      "precision_std": 0.0,
      "recall": 0.7377862595419847,
      "recall_std": 0.0,
      "tnr": 0.7721123535149348,
      "tnr_std": 0.0,
      "fpr": 0.22788764648506524,
      "fpr_std": 0.0,
      "fnr": 0.26221374045801527,
      "fnr_std": 0.0,
      "f1": 0.3894560107454667,
      "f1_std": 0.0,
      "g_mean": 0.7547541886243112,
      "g_mean_std": 0.0,
      "true_positives": 11598.0,
      "true_positives_std": 0.0,
      "false_positives": 32242.0,
      "false_positives_std": 0.0,
      "false_negatives": 4122.0,
      "false_negatives_std": 0.0,
      "true_negatives": 109240.0,
      "true_negatives_std": 0.0,
      "n_rows": 157202.0,
      "n_rows_std": 0.0,
      "n_injected": 15720.0,
      "n_injected_std": 0.0,
      "n_predicted": 43840.0,
      "n_predicted_std": 0.0,
      "n_trials": 1
    }
  }
}
