{
  "new_prices": {
    "row_count": 1611276,
    "product_count": 805638,
    "train_row_count": 10793443,
    "train_product_count": 805638,
    "current_candidate_id": "if__contamination_auto__max_features_0p75__max_samples_512__n_estimators_200__threshold_0p42",
    "current_threshold": 0.42000000000000004,
    "current_f1": 0.6979160593634814,
    "current_hyperparameters": {
      "n_estimators": 200,
      "max_samples": 512,
      "max_features": 0.75,
      "contamination": "auto"
    },
    "current_metrics": {
      "threshold": 0.42000000000000004,
      "accuracy": 0.942116682678821,
      "accuracy_std": 0.0,
      "precision": 0.7298580767537174,
      "precision_std": 0.0,
      "recall": 0.6686526777014404,
      "recall_std": 0.0,
      "tnr": 0.9725014464030938,
      "tnr_std": 0.0,
      "fpr": 0.02749855359690625,
      "fpr_std": 0.0,
      "fnr": 0.3313473222985595,
      "fnr_std": 0.0,
      "f1": 0.6979160593634814,
      "f1_std": 0.0,
      "g_mean": 0.8063905357864467,
      "g_mean_std": 0.0,
      "true_positives": 107738.0,
      "true_positives_std": 0.0,
      "false_positives": 39877.0,
      "false_positives_std": 0.0,
      "false_negatives": 53389.0,
      "false_negatives_std": 0.0,
      "true_negatives": 1410272.0,
      "true_negatives_std": 0.0,
      "n_rows": 1611276.0,
      "n_rows_std": 0.0,
      "n_injected": 161127.0,
      "n_injected_std": 0.0,
      "n_predicted": 147615.0,
      "n_predicted_std": 0.0,
      "n_trials": 1
    },
    "best_candidate_id": "if__contamination_auto__max_features_0p75__max_samples_256__n_estimators_100__threshold_0p3",
    "best_threshold": 0.3,
    "best_f1": 0.6392124396140584,
    "best_hyperparameters": {
      "n_estimators": 100,
      "max_samples": 256,
      "max_features": 0.75,
      "contamination": "auto"
    },
    "best_metrics": {
      "threshold": 0.3,
      "accuracy": 0.8983066836469977,
      "accuracy_std": 0.0,
      "precision": 0.49534355964304605,
      "precision_std": 0.0,
      "recall": 0.9008608116578848,
      "recall_std": 0.0,
      "tnr": 0.8980228928199792,
      "tnr_std": 0.0,
      "fpr": 0.10197710718002082,
      "fpr_std": 0.0,
      "fnr": 0.09913918834211523,
      "fnr_std": 0.0,
      "f1": 0.6392124396140584,
      "f1_std": 0.0,
      "g_mean": 0.899440732963083,
      "g_mean_std": 0.0,
      "true_positives": 145153.0,
      "true_positives_std": 0.0,
      "false_positives": 147882.0,
      "false_positives_std": 0.0,
      "false_negatives": 15974.0,
      "false_negatives_std": 0.0,
      "true_negatives": 1302267.0,
      "true_negatives_std": 0.0,
      "n_rows": 1611276.0,
      "n_rows_std": 0.0,
      "n_injected": 161127.0,
      "n_injected_std": 0.0,
      "n_predicted": 293035.0,
      "n_predicted_std": 0.0,
      "n_trials": 1
    }
  },
  "new_products": {
    "row_count": 3094909,
    "product_count": 201410,
    "train_row_count": 10793443,
    "train_product_count": 805638,
    "current_candidate_id": "if__contamination_auto__max_features_0p75__max_samples_512__n_estimators_200__threshold_0p42",
    "current_threshold": 0.42000000000000004,
    "current_f1": 0.43597574655327653,
    "current_hyperparameters": {
      "n_estimators": 200,
      "max_samples": 512,
      "max_features": 0.75,
      "contamination": "auto"
    },
    "current_metrics": {
      "threshold": 0.42000000000000004,
      "accuracy": 0.8781515062316857,
      "accuracy_std": 0.0,
      "precision": 0.40585214805243985,
      "precision_std": 0.0,
      "recall": 0.4709295938479434,
      "recall_std": 0.0,
      "tnr": 0.9233982391877129,
      "tnr_std": 0.0,
      "fpr": 0.07660176081228713,
      "fpr_std": 0.0,
      "fnr": 0.5290704061520566,
      "fnr_std": 0.0,
      "f1": 0.43597574655327653,
      "f1_std": 0.0,
      "g_mean": 0.6594357874278403,
      "g_mean_std": 0.0,
      "true_positives": 145748.0,
      "true_positives_std": 0.0,
      "false_positives": 213368.0,
      "false_positives_std": 0.0,
      "false_negatives": 163742.0,
      "false_negatives_std": 0.0,
      "true_negatives": 2572051.0,
      "true_negatives_std": 0.0,
      "n_rows": 3094909.0,
      "n_rows_std": 0.0,
      "n_injected": 309490.0,
      "n_injected_std": 0.0,
      "n_predicted": 359116.0,
      "n_predicted_std": 0.0,
      "n_trials": 1
    },
    "best_candidate_id": "if__contamination_auto__max_features_0p75__max_samples_256__n_estimators_100__threshold_0p3",
    "best_threshold": 0.3,
    "best_f1": 0.4122774525471695,
    "best_hyperparameters": {
      "n_estimators": 100,
      "max_samples": 256,
      "max_features": 0.75,
      "contamination": "auto"
    },
    "best_metrics": {
      "threshold": 0.3,
      "accuracy": 0.8190256967167694,
      "accuracy_std": 0.0,
      "precision": 0.30527933564254733,
      "precision_std": 0.0,
      "recall": 0.6347539500468513,
      "recall_std": 0.0,
      "tnr": 0.8395002690798045,
      "tnr_std": 0.0,
      "fpr": 0.16049973092019548,
      "fpr_std": 0.0,
      "fnr": 0.36524604995314874,
      "fnr_std": 0.0,
      "f1": 0.4122774525471695,
      "f1_std": 0.0,
      "g_mean": 0.7299836380795124,
      "g_mean_std": 0.0,
      "true_positives": 196450.0,
      "true_positives_std": 0.0,
      "false_positives": 447059.0,
      "false_positives_std": 0.0,
      "false_negatives": 113040.0,
      "false_negatives_std": 0.0,
      "true_negatives": 2338360.0,
      "true_negatives_std": 0.0,
      "n_rows": 3094909.0,
      "n_rows_std": 0.0,
      "n_injected": 309490.0,
      "n_injected_std": 0.0,
      "n_predicted": 643509.0,
      "n_predicted_std": 0.0,
      "n_trials": 1
    }
  }
}
