{
  "new_prices": {
    "row_count": 294832,
    "product_count": 147416,
    "train_row_count": 2241617,
    "train_product_count": 147416,
    "current_candidate_id": "if__contamination_auto__max_features_0p75__max_samples_512__n_estimators_200__threshold_0p42",
    "current_threshold": 0.42000000000000004,
    "current_f1": 0.7059902200488998,
    "current_hyperparameters": {
      "n_estimators": 200,
      "max_samples": 512,
      "max_features": 0.75,
      "contamination": "auto"
    },
    "current_metrics": {
      "threshold": 0.42000000000000004,
      "accuracy": 0.9445311228089217,
      "accuracy_std": 0.0,
      "precision": 0.7511189319459852,
      "precision_std": 0.0,
      "recall": 0.6659770036970457,
      "recall_std": 0.0,
      "tnr": 0.9754813472068861,
      "tnr_std": 0.0,
      "fpr": 0.024518652793113976,
      "fpr_std": 0.0,
      "fnr": 0.33402299630295423,
      "fnr_std": 0.0,
      "f1": 0.7059902200488998,
      "f1_std": 0.0,
      "g_mean": 0.8060075339444411,
      "g_mean_std": 0.0,
      "true_positives": 19635.0,
      "true_positives_std": 0.0,
      "false_positives": 6506.0,
      "false_positives_std": 0.0,
      "false_negatives": 9848.0,
      "false_negatives_std": 0.0,
      "true_negatives": 258843.0,
      "true_negatives_std": 0.0,
      "n_rows": 294832.0,
      "n_rows_std": 0.0,
      "n_injected": 29483.0,
      "n_injected_std": 0.0,
      "n_predicted": 26141.0,
      "n_predicted_std": 0.0,
      "n_trials": 1
    },
    "best_candidate_id": "if__contamination_auto__max_features_0p5__max_samples_256__n_estimators_100__threshold_0p3",
    "best_threshold": 0.3,
    "best_f1": 0.6859843495777485,
    "best_hyperparameters": {
      "n_estimators": 100,
      "max_samples": 256,
      "max_features": 0.5,
      "contamination": "auto"
    },
    "best_metrics": {
      "threshold": 0.3,
      "accuracy": 0.9175191295381777,
      "accuracy_std": 0.0,
      "precision": 0.5538480785671094,
      "precision_std": 0.0,
      "recall": 0.9009259573313435,
      "recall_std": 0.0,
      "tnr": 0.9193628014426284,
      "tnr_std": 0.0,
      "fpr": 0.08063719855737161,
      "fpr_std": 0.0,
      "fnr": 0.09907404266865652,
      "fnr_std": 0.0,
      "f1": 0.6859843495777485,
      "f1_std": 0.0,
      "g_mean": 0.9100976936705893,
      "g_mean_std": 0.0,
      "true_positives": 26562.0,
      "true_positives_std": 0.0,
      "false_positives": 21397.0,
      "false_positives_std": 0.0,
      "false_negatives": 2921.0,
      "false_negatives_std": 0.0,
      "true_negatives": 243952.0,
      "true_negatives_std": 0.0,
      "n_rows": 294832.0,
      "n_rows_std": 0.0,
      "n_injected": 29483.0,
      "n_injected_std": 0.0,
      "n_predicted": 47959.0,
      "n_predicted_std": 0.0,
      "n_trials": 1
    }
  },
  "new_products": {
    "row_count": 631896,
    "product_count": 36855,
    "train_row_count": 2241617,
    "train_product_count": 147416,
    "current_candidate_id": "if__contamination_auto__max_features_0p75__max_samples_512__n_estimators_200__threshold_0p42",
    "current_threshold": 0.42000000000000004,
    "current_f1": 0.4756436941985559,
    "current_hyperparameters": {
      "n_estimators": 200,
      "max_samples": 512,
      "max_features": 0.75,
      "contamination": "auto"
    },
    "current_metrics": {
      "threshold": 0.42000000000000004,
      "accuracy": 0.8911640523124058,
      "accuracy_std": 0.0,
      "precision": 0.4589218455743879,
      "precision_std": 0.0,
      "recall": 0.49363022044976185,
      "recall_std": 0.0,
      "tnr": 0.9353340120659672,
      "tnr_std": 0.0,
      "fpr": 0.06466598793403282,
      "fpr_std": 0.0,
      "fnr": 0.5063697795502382,
      "fnr_std": 0.0,
      "f1": 0.4756436941985559,
      "f1_std": 0.0,
      "g_mean": 0.679491820826626,
      "g_mean_std": 0.0,
      "true_positives": 31192.0,
      "true_positives_std": 0.0,
      "false_positives": 36776.0,
      "false_positives_std": 0.0,
      "false_negatives": 31997.0,
      "false_negatives_std": 0.0,
      "true_negatives": 531931.0,
      "true_negatives_std": 0.0,
      "n_rows": 631896.0,
      "n_rows_std": 0.0,
      "n_injected": 63189.0,
      "n_injected_std": 0.0,
      "n_predicted": 67968.0,
      "n_predicted_std": 0.0,
      "n_trials": 1
    },
    "best_candidate_id": "if__contamination_auto__max_features_0p5__max_samples_256__n_estimators_100__threshold_0p3",
    "best_threshold": 0.3,
    "best_f1": 0.4710322802016522,
    "best_hyperparameters": {
      "n_estimators": 100,
      "max_samples": 256,
      "max_features": 0.5,
      "contamination": "auto"
    },
    "best_metrics": {
      "threshold": 0.3,
      "accuracy": 0.8414216896451315,
      "accuracy_std": 0.0,
      "precision": 0.35339733536112033,
      "precision_std": 0.0,
      "recall": 0.7060564338729842,
      "recall_std": 0.0,
      "tnr": 0.8564621149379206,
      "tnr_std": 0.0,
      "fpr": 0.14353788506207943,
      "fpr_std": 0.0,
      "fnr": 0.2939435661270158,
      "fnr_std": 0.0,
      "f1": 0.4710322802016522,
      "f1_std": 0.0,
      "g_mean": 0.7776313950840604,
      "g_mean_std": 0.0,
      "true_positives": 44615.0,
      "true_positives_std": 0.0,
      "false_positives": 81631.0,
      "false_positives_std": 0.0,
      "false_negatives": 18574.0,
      "false_negatives_std": 0.0,
      "true_negatives": 487076.0,
      "true_negatives_std": 0.0,
      "n_rows": 631896.0,
      "n_rows_std": 0.0,
      "n_injected": 63189.0,
      "n_injected_std": 0.0,
      "n_predicted": 126246.0,
      "n_predicted_std": 0.0,
      "n_trials": 1
    }
  }
}
