{
  "new_prices": {
    "row_count": 102106,
    "product_count": 51053,
    "train_row_count": 988440,
    "train_product_count": 51053,
    "current_candidate_id": "if__contamination_auto__max_features_0p75__max_samples_512__n_estimators_200__threshold_0p42",
    "current_threshold": 0.42000000000000004,
    "current_f1": 0.7717743777118065,
    "current_hyperparameters": {
      "n_estimators": 200,
      "max_samples": 512,
      "max_features": 0.75,
      "contamination": "auto"
    },
    "current_metrics": {
      "threshold": 0.42000000000000004,
      "accuracy": 0.9510606624488277,
      "accuracy_std": 0.0,
      "precision": 0.723063756953359,
      "precision_std": 0.0,
      "recall": 0.8275220372184133,
      "recall_std": 0.0,
      "tnr": 0.9647862801427701,
      "tnr_std": 0.0,
      "fpr": 0.03521371985722991,
      "fpr_std": 0.0,
      "fnr": 0.17247796278158667,
      "fnr_std": 0.0,
      "f1": 0.7717743777118065,
      "f1_std": 0.0,
      "g_mean": 0.8935221922392974,
      "g_mean_std": 0.0,
      "true_positives": 8449.0,
      "true_positives_std": 0.0,
      "false_positives": 3236.0,
      "false_positives_std": 0.0,
      "false_negatives": 1761.0,
      "false_negatives_std": 0.0,
      "true_negatives": 88660.0,
      "true_negatives_std": 0.0,
      "n_rows": 102106.0,
      "n_rows_std": 0.0,
      "n_injected": 10210.0,
      "n_injected_std": 0.0,
      "n_predicted": 11685.0,
      "n_predicted_std": 0.0,
      "n_trials": 1
    },
    "best_candidate_id": "if__contamination_auto__max_features_0p75__max_samples_512__n_estimators_100__threshold_0p3",
    "best_threshold": 0.3,
    "best_f1": 0.683845596605609,
    "best_hyperparameters": {
      "n_estimators": 100,
      "max_samples": 512,
      "max_features": 0.75,
      "contamination": "auto"
    },
    "best_metrics": {
      "threshold": 0.3,
      "accuracy": 0.9102403384717842,
      "accuracy_std": 0.0,
      "precision": 0.5278236327812983,
      "precision_std": 0.0,
      "recall": 0.9708129285014692,
      "recall_std": 0.0,
      "tnr": 0.9035104901192652,
      "tnr_std": 0.0,
      "fpr": 0.09648950988073475,
      "fpr_std": 0.0,
      "fnr": 0.02918707149853085,
      "fnr_std": 0.0,
      "f1": 0.683845596605609,
      "f1_std": 0.0,
      "g_mean": 0.9365573473335638,
      "g_mean_std": 0.0,
      "true_positives": 9912.0,
      "true_positives_std": 0.0,
      "false_positives": 8867.0,
      "false_positives_std": 0.0,
      "false_negatives": 298.0,
      "false_negatives_std": 0.0,
      "true_negatives": 83029.0,
      "true_negatives_std": 0.0,
      "n_rows": 102106.0,
      "n_rows_std": 0.0,
      "n_injected": 10210.0,
      "n_injected_std": 0.0,
      "n_predicted": 18779.0,
      "n_predicted_std": 0.0,
      "n_trials": 1
    }
  },
  "new_products": {
    "row_count": 271847,
    "product_count": 12764,
    "train_row_count": 988440,
    "train_product_count": 51053,
    "current_candidate_id": "if__contamination_auto__max_features_0p75__max_samples_512__n_estimators_200__threshold_0p42",
    "current_threshold": 0.42000000000000004,
    "current_f1": 0.5964199529584263,
    "current_hyperparameters": {
      "n_estimators": 200,
      "max_samples": 512,
      "max_features": 0.75,
      "contamination": "auto"
    },
    "current_metrics": {
      "threshold": 0.42000000000000004,
      "accuracy": 0.902798265200646,
      "accuracy_std": 0.0,
      "precision": 0.5099242622094542,
      "precision_std": 0.0,
      "recall": 0.7182533843437316,
      "recall_std": 0.0,
      "tnr": 0.9233026652987988,
      "tnr_std": 0.0,
      "fpr": 0.07669733470120124,
      "fpr_std": 0.0,
      "fnr": 0.2817466156562684,
      "fnr_std": 0.0,
      "f1": 0.5964199529584263,
      "f1_std": 0.0,
      "g_mean": 0.8143495957661243,
      "g_mean_std": 0.0,
      "true_positives": 19525.0,
      "true_positives_std": 0.0,
      "false_positives": 18765.0,
      "false_positives_std": 0.0,
      "false_negatives": 7659.0,
      "false_negatives_std": 0.0,
      "true_negatives": 225898.0,
      "true_negatives_std": 0.0,
      "n_rows": 271847.0,
      "n_rows_std": 0.0,
      "n_injected": 27184.0,
      "n_injected_std": 0.0,
      "n_predicted": 38290.0,
      "n_predicted_std": 0.0,
      "n_trials": 1
    },
    "best_candidate_id": "if__contamination_auto__max_features_0p75__max_samples_512__n_estimators_100__threshold_0p3",
    "best_threshold": 0.3,
    "best_f1": 0.5452547384639786,
    "best_hyperparameters": {
      "n_estimators": 100,
      "max_samples": 512,
      "max_features": 0.75,
      "contamination": "auto"
    },
    "best_metrics": {
      "threshold": 0.3,
      "accuracy": 0.8523470922982412,
      "accuracy_std": 0.0,
      "precision": 0.39395576510649444,
      "precision_std": 0.0,
      "recall": 0.885226603884638,
      "recall_std": 0.0,
      "tnr": 0.8486939177562607,
      "tnr_std": 0.0,
      "fpr": 0.15130608224373934,
      "fpr_std": 0.0,
      "fnr": 0.11477339611536198,
      "fnr_std": 0.0,
      "f1": 0.5452547384639786,
      "f1_std": 0.0,
      "g_mean": 0.8667678089043934,
      "g_mean_std": 0.0,
      "true_positives": 24064.0,
      "true_positives_std": 0.0,
      "false_positives": 37019.0,
      "false_positives_std": 0.0,
      "false_negatives": 3120.0,
      "false_negatives_std": 0.0,
      "true_negatives": 207644.0,
      "true_negatives_std": 0.0,
      "n_rows": 271847.0,
      "n_rows_std": 0.0,
      "n_injected": 27184.0,
      "n_injected_std": 0.0,
      "n_predicted": 61083.0,
      "n_predicted_std": 0.0,
      "n_trials": 1
    }
  }
}
