{
  "new_prices": {
    "row_count": 12296,
    "product_count": 6148,
    "train_row_count": 172386,
    "train_product_count": 6148,
    "current_candidate_id": "if__contamination_auto__max_features_0p75__max_samples_512__n_estimators_200__threshold_0p42",
    "current_threshold": 0.42000000000000004,
    "current_f1": 0.8338715464657339,
    "current_hyperparameters": {
      "n_estimators": 200,
      "max_samples": 512,
      "max_features": 0.75,
      "contamination": "auto"
    },
    "current_metrics": {
      "threshold": 0.42000000000000004,
      "accuracy": 0.9623454782042941,
      "accuracy_std": 0.0,
      "precision": 0.7458279845956355,
      "precision_std": 0.0,
      "recall": 0.9454841334418226,
      "recall_std": 0.0,
      "tnr": 0.9642179452426132,
      "tnr_std": 0.0,
      "fpr": 0.03578205475738683,
      "fpr_std": 0.0,
      "fnr": 0.05451586655817738,
      "fnr_std": 0.0,
      "f1": 0.8338715464657339,
      "f1_std": 0.0,
      "g_mean": 0.9548050944599986,
      "g_mean_std": 0.0,
      "true_positives": 1162.0,
      "true_positives_std": 0.0,
      "false_positives": 396.0,
      "false_positives_std": 0.0,
      "false_negatives": 67.0,
      "false_negatives_std": 0.0,
      "true_negatives": 10671.0,
      "true_negatives_std": 0.0,
      "n_rows": 12296.0,
      "n_rows_std": 0.0,
      "n_injected": 1229.0,
      "n_injected_std": 0.0,
      "n_predicted": 1558.0,
      "n_predicted_std": 0.0,
      "n_trials": 1
    },
    "best_candidate_id": "if__contamination_auto__max_features_0p75__max_samples_512__n_estimators_100__threshold_0p36",
    "best_threshold": 0.36,
    "best_f1": 0.7755627009646302,
    "best_hyperparameters": {
      "n_estimators": 100,
      "max_samples": 512,
      "max_features": 0.75,
      "contamination": "auto"
    },
    "best_metrics": {
      "threshold": 0.36,
      "accuracy": 0.9432335718932986,
      "accuracy_std": 0.0,
      "precision": 0.6411483253588517,
      "precision_std": 0.0,
      "recall": 0.9812855980471928,
      "recall_std": 0.0,
      "tnr": 0.9390078612089997,
      "tnr_std": 0.0,
      "fpr": 0.060992138791000274,
      "fpr_std": 0.0,
      "fnr": 0.01871440195280716,
      "fnr_std": 0.0,
      "f1": 0.7755627009646302,
      "f1_std": 0.0,
      "g_mean": 0.9599140016988442,
      "g_mean_std": 0.0,
      "true_positives": 1206.0,
      "true_positives_std": 0.0,
      "false_positives": 675.0,
      "false_positives_std": 0.0,
      "false_negatives": 23.0,
      "false_negatives_std": 0.0,
      "true_negatives": 10392.0,
      "true_negatives_std": 0.0,
      "n_rows": 12296.0,
      "n_rows_std": 0.0,
      "n_injected": 1229.0,
      "n_injected_std": 0.0,
      "n_predicted": 1881.0,
      "n_predicted_std": 0.0,
      "n_trials": 1
    }
  },
  "new_products": {
    "row_count": 46200,
    "product_count": 1538,
    "train_row_count": 172386,
    "train_product_count": 6148,
    "current_candidate_id": "if__contamination_auto__max_features_0p75__max_samples_512__n_estimators_200__threshold_0p42",
    "current_threshold": 0.42000000000000004,
    "current_f1": 0.5924058369623347,
    "current_hyperparameters": {
      "n_estimators": 200,
      "max_samples": 512,
      "max_features": 0.75,
      "contamination": "auto"
    },
    "current_metrics": {
      "threshold": 0.42000000000000004,
      "accuracy": 0.8845238095238095,
      "accuracy_std": 0.0,
      "precision": 0.45778722399338767,
      "precision_std": 0.0,
      "recall": 0.8391774891774891,
      "recall_std": 0.0,
      "tnr": 0.8895622895622896,
      "tnr_std": 0.0,
      "fpr": 0.11043771043771043,
      "fpr_std": 0.0,
      "fnr": 0.1608225108225108,
      "fnr_std": 0.0,
      "f1": 0.5924058369623347,
      "f1_std": 0.0,
      "g_mean": 0.8640026901704998,
      "g_mean_std": 0.0,
      "true_positives": 3877.0,
      "true_positives_std": 0.0,
      "false_positives": 4592.0,
      "false_positives_std": 0.0,
      "false_negatives": 743.0,
      "false_negatives_std": 0.0,
      "true_negatives": 36988.0,
      "true_negatives_std": 0.0,
      "n_rows": 46200.0,
      "n_rows_std": 0.0,
      "n_injected": 4620.0,
      "n_injected_std": 0.0,
      "n_predicted": 8469.0,
      "n_predicted_std": 0.0,
      "n_trials": 1
    },
    "best_candidate_id": "if__contamination_auto__max_features_0p75__max_samples_512__n_estimators_100__threshold_0p36",
    "best_threshold": 0.36,
    "best_f1": 0.5618898067863727,
    "best_hyperparameters": {
      "n_estimators": 100,
      "max_samples": 512,
      "max_features": 0.75,
      "contamination": "auto"
    },
    "best_metrics": {
      "threshold": 0.36,
      "accuracy": 0.8611038961038961,
      "accuracy_std": 0.0,
      "precision": 0.4103919417572554,
      "precision_std": 0.0,
      "recall": 0.8906926406926406,
      "recall_std": 0.0,
      "tnr": 0.8578162578162578,
      "tnr_std": 0.0,
      "fpr": 0.1421837421837422,
      "fpr_std": 0.0,
      "fnr": 0.10930735930735931,
      "fnr_std": 0.0,
      "f1": 0.5618898067863727,
      "f1_std": 0.0,
      "g_mean": 0.8740998958376792,
      "g_mean_std": 0.0,
      "true_positives": 4115.0,
      "true_positives_std": 0.0,
      "false_positives": 5912.0,
      "false_positives_std": 0.0,
      "false_negatives": 505.0,
      "false_negatives_std": 0.0,
      "true_negatives": 35668.0,
      "true_negatives_std": 0.0,
      "n_rows": 46200.0,
      "n_rows_std": 0.0,
      "n_injected": 4620.0,
      "n_injected_std": 0.0,
      "n_predicted": 10027.0,
      "n_predicted_std": 0.0,
      "n_trials": 1
    }
  }
}
