{
  "new_prices": {
    "row_count": 114000,
    "product_count": 57000,
    "train_row_count": 1575974,
    "train_product_count": 57000,
    "current_candidate_id": "if__contamination_auto__max_features_0p75__max_samples_512__n_estimators_200__threshold_0p42",
    "current_threshold": 0.42000000000000004,
    "current_f1": 0.7388429752066116,
    "current_hyperparameters": {
      "n_estimators": 200,
      "max_samples": 512,
      "max_features": 0.75,
      "contamination": "auto"
    },
    "current_metrics": {
      "threshold": 0.42000000000000004,
      "accuracy": 0.9473333333333334,
      "accuracy_std": 0.0,
      "precision": 0.7327868852459016,
      "precision_std": 0.0,
      "recall": 0.745,
      "recall_std": 0.0,
      "tnr": 0.9698148148148148,
      "tnr_std": 0.0,
      "fpr": 0.030185185185185186,
      "fpr_std": 0.0,
      "fnr": 0.255,
      "fnr_std": 0.0,
      "f1": 0.7388429752066116,
      "f1_std": 0.0,
      "g_mean": 0.8500070805805309,
      "g_mean_std": 0.0,
      "true_positives": 8493.0,
      "true_positives_std": 0.0,
      "false_positives": 3097.0,
      "false_positives_std": 0.0,
      "false_negatives": 2907.0,
      "false_negatives_std": 0.0,
      "true_negatives": 99503.0,
      "true_negatives_std": 0.0,
      "n_rows": 114000.0,
      "n_rows_std": 0.0,
      "n_injected": 11400.0,
      "n_injected_std": 0.0,
      "n_predicted": 11590.0,
      "n_predicted_std": 0.0,
      "n_trials": 1
    },
    "best_candidate_id": "if__contamination_auto__max_features_0p75__max_samples_512__n_estimators_100__threshold_0p3",
    "best_threshold": 0.3,
    "best_f1": 0.6889723901323312,
    "best_hyperparameters": {
      "n_estimators": 100,
      "max_samples": 512,
      "max_features": 0.75,
      "contamination": "auto"
    },
    "best_metrics": {
      "threshold": 0.3,
      "accuracy": 0.9165,
      "accuracy_std": 0.0,
      "precision": 0.5489716219734444,
      "precision_std": 0.0,
      "recall": 0.9248245614035088,
      "recall_std": 0.0,
      "tnr": 0.9155750487329435,
      "tnr_std": 0.0,
      "fpr": 0.08442495126705653,
      "fpr_std": 0.0,
      "fnr": 0.07517543859649123,
      "fnr_std": 0.0,
      "f1": 0.6889723901323312,
      "f1_std": 0.0,
      "g_mean": 0.9201881834040473,
      "g_mean_std": 0.0,
      "true_positives": 10543.0,
      "true_positives_std": 0.0,
      "false_positives": 8662.0,
      "false_positives_std": 0.0,
      "false_negatives": 857.0,
      "false_negatives_std": 0.0,
      "true_negatives": 93938.0,
      "true_negatives_std": 0.0,
      "n_rows": 114000.0,
      "n_rows_std": 0.0,
      "n_injected": 11400.0,
      "n_injected_std": 0.0,
      "n_predicted": 19205.0,
      "n_predicted_std": 0.0,
      "n_trials": 1
    }
  },
  "new_products": {
    "row_count": 423166,
    "product_count": 14250,
    "train_row_count": 1575974,
    "train_product_count": 57000,
    "current_candidate_id": "if__contamination_auto__max_features_0p75__max_samples_512__n_estimators_200__threshold_0p42",
    "current_threshold": 0.42000000000000004,
    "current_f1": 0.511464178383036,
    "current_hyperparameters": {
      "n_estimators": 200,
      "max_samples": 512,
      "max_features": 0.75,
      "contamination": "auto"
    },
    "current_metrics": {
      "threshold": 0.42000000000000004,
      "accuracy": 0.89013295018976,
      "accuracy_std": 0.0,
      "precision": 0.4604919583727531,
      "precision_std": 0.0,
      "recall": 0.5751252481330938,
      "recall_std": 0.0,
      "tnr": 0.9251332545621636,
      "tnr_std": 0.0,
      "fpr": 0.07486674543783642,
      "fpr_std": 0.0,
      "fnr": 0.42487475186690615,
      "fnr_std": 0.0,
      "f1": 0.511464178383036,
      "f1_std": 0.0,
      "g_mean": 0.7294295665698238,
      "g_mean_std": 0.0,
      "true_positives": 24337.0,
      "true_positives_std": 0.0,
      "false_positives": 28513.0,
      "false_positives_std": 0.0,
      "false_negatives": 17979.0,
      "false_negatives_std": 0.0,
      "true_negatives": 352337.0,
      "true_negatives_std": 0.0,
      "n_rows": 423166.0,
      "n_rows_std": 0.0,
      "n_injected": 42316.0,
      "n_injected_std": 0.0,
      "n_predicted": 52850.0,
      "n_predicted_std": 0.0,
      "n_trials": 1
    },
    "best_candidate_id": "if__contamination_auto__max_features_0p75__max_samples_512__n_estimators_100__threshold_0p3",
    "best_threshold": 0.3,
    "best_f1": 0.5266079848092303,
    "best_hyperparameters": {
      "n_estimators": 100,
      "max_samples": 512,
      "max_features": 0.75,
      "contamination": "auto"
    },
    "best_metrics": {
      "threshold": 0.3,
      "accuracy": 0.8609623646512243,
      "accuracy_std": 0.0,
      "precision": 0.3992314261315115,
      "precision_std": 0.0,
      "recall": 0.7733481425465545,
      "recall_std": 0.0,
      "tnr": 0.8706971248523041,
      "tnr_std": 0.0,
      "fpr": 0.12930287514769595,
      "fpr_std": 0.0,
      "fnr": 0.22665185745344552,
      "fnr_std": 0.0,
      "f1": 0.5266079848092303,
      "f1_std": 0.0,
      "g_mean": 0.8205802850575651,
      "g_mean_std": 0.0,
      "true_positives": 32725.0,
      "true_positives_std": 0.0,
      "false_positives": 49245.0,
      "false_positives_std": 0.0,
      "false_negatives": 9591.0,
      "false_negatives_std": 0.0,
      "true_negatives": 331605.0,
      "true_negatives_std": 0.0,
      "n_rows": 423166.0,
      "n_rows_std": 0.0,
      "n_injected": 42316.0,
      "n_injected_std": 0.0,
      "n_predicted": 81970.0,
      "n_predicted_std": 0.0,
      "n_trials": 1
    }
  }
}
