{
  "new_prices": {
    "row_count": 391486,
    "product_count": 195743,
    "train_row_count": 3194608,
    "train_product_count": 195743,
    "current_candidate_id": "if__contamination_auto__max_features_0p75__max_samples_512__n_estimators_200__threshold_0p42",
    "current_threshold": 0.42000000000000004,
    "current_f1": 0.6501479197613311,
    "current_hyperparameters": {
      "n_estimators": 200,
      "max_samples": 512,
      "max_features": 0.75,
      "contamination": "auto"
    },
    "current_metrics": {
      "threshold": 0.42000000000000004,
      "accuracy": 0.9284086787266977,
      "accuracy_std": 0.0,
      "precision": 0.6357444523106218,
      "precision_std": 0.0,
      "recall": 0.6652191682844589,
      "recall_std": 0.0,
      "tnr": 0.9576514596779229,
      "tnr_std": 0.0,
      "fpr": 0.0423485403220771,
      "fpr_std": 0.0,
      "fnr": 0.334780831715541,
      "fnr_std": 0.0,
      "f1": 0.6501479197613311,
      "f1_std": 0.0,
      "g_mean": 0.7981529349149484,
      "g_mean_std": 0.0,
      "true_positives": 26042.0,
      "true_positives_std": 0.0,
      "false_positives": 14921.0,
      "false_positives_std": 0.0,
      "false_negatives": 13106.0,
      "false_negatives_std": 0.0,
      "true_negatives": 337417.0,
      "true_negatives_std": 0.0,
      "n_rows": 391486.0,
      "n_rows_std": 0.0,
      "n_injected": 39148.0,
      "n_injected_std": 0.0,
      "n_predicted": 40963.0,
      "n_predicted_std": 0.0,
      "n_trials": 1
    },
    "best_candidate_id": "if__contamination_auto__max_features_0p5__max_samples_256__n_estimators_100__threshold_0p3",
    "best_threshold": 0.3,
    "best_f1": 0.5836786791764745,
    "best_hyperparameters": {
      "n_estimators": 100,
      "max_samples": 256,
      "max_features": 0.5,
      "contamination": "auto"
    },
    "best_metrics": {
      "threshold": 0.3,
      "accuracy": 0.8716940069376683,
      "accuracy_std": 0.0,
      "precision": 0.4320156065959953,
      "precision_std": 0.0,
      "recall": 0.8994329212220292,
      "recall_std": 0.0,
      "tnr": 0.8686119578359416,
      "tnr_std": 0.0,
      "fpr": 0.1313880421640584,
      "fpr_std": 0.0,
      "fnr": 0.10056707877797078,
      "fnr_std": 0.0,
      "f1": 0.5836786791764745,
      "f1_std": 0.0,
      "g_mean": 0.8838881097994061,
      "g_mean_std": 0.0,
      "true_positives": 35211.0,
      "true_positives_std": 0.0,
      "false_positives": 46293.0,
      "false_positives_std": 0.0,
      "false_negatives": 3937.0,
      "false_negatives_std": 0.0,
      "true_negatives": 306045.0,
      "true_negatives_std": 0.0,
      "n_rows": 391486.0,
      "n_rows_std": 0.0,
      "n_injected": 39148.0,
      "n_injected_std": 0.0,
      "n_predicted": 81504.0,
      "n_predicted_std": 0.0,
      "n_trials": 1
    }
  },
  "new_products": {
    "row_count": 897195,
    "product_count": 48936,
    "train_row_count": 3194608,
    "train_product_count": 195743,
    "current_candidate_id": "if__contamination_auto__max_features_0p75__max_samples_512__n_estimators_200__threshold_0p42",
    "current_threshold": 0.42000000000000004,
    "current_f1": 0.4025876904502329,
    "current_hyperparameters": {
      "n_estimators": 200,
      "max_samples": 512,
      "max_features": 0.75,
      "contamination": "auto"
    },
    "current_metrics": {
      "threshold": 0.42000000000000004,
      "accuracy": 0.8521948963157396,
      "accuracy_std": 0.0,
      "precision": 0.3378473403652036,
      "precision_std": 0.0,
      "recall": 0.4980216007757554,
      "recall_std": 0.0,
      "tnr": 0.8915472410325508,
      "tnr_std": 0.0,
      "fpr": 0.10845275896744919,
      "fpr_std": 0.0,
      "fnr": 0.5019783992242446,
      "fnr_std": 0.0,
      "f1": 0.4025876904502329,
      "f1_std": 0.0,
      "g_mean": 0.6663405916993494,
      "g_mean_std": 0.0,
      "true_positives": 44682.0,
      "true_positives_std": 0.0,
      "false_positives": 87573.0,
      "false_positives_std": 0.0,
      "false_negatives": 45037.0,
      "false_negatives_std": 0.0,
      "true_negatives": 719903.0,
      "true_negatives_std": 0.0,
      "n_rows": 897195.0,
      "n_rows_std": 0.0,
      "n_injected": 89719.0,
      "n_injected_std": 0.0,
      "n_predicted": 132255.0,
      "n_predicted_std": 0.0,
      "n_trials": 1
    },
    "best_candidate_id": "if__contamination_auto__max_features_0p5__max_samples_256__n_estimators_100__threshold_0p3",
    "best_threshold": 0.3,
    "best_f1": 0.35663046785405017,
    "best_hyperparameters": {
      "n_estimators": 100,
      "max_samples": 256,
      "max_features": 0.5,
      "contamination": "auto"
    },
    "best_metrics": {
      "threshold": 0.3,
      "accuracy": 0.7548871761434248,
      "accuracy_std": 0.0,
      "precision": 0.24177598305414186,
      "precision_std": 0.0,
      "recall": 0.6793544288277845,
      "recall_std": 0.0,
      "tnr": 0.7632796516552814,
      "tnr_std": 0.0,
      "fpr": 0.2367203483447186,
      "fpr_std": 0.0,
      "fnr": 0.3206455711722155,
      "fnr_std": 0.0,
      "f1": 0.35663046785405017,
      "f1_std": 0.0,
      "g_mean": 0.7200954185287837,
      "g_mean_std": 0.0,
      "true_positives": 60951.0,
      "true_positives_std": 0.0,
      "false_positives": 191146.0,
      "false_positives_std": 0.0,
      "false_negatives": 28768.0,
      "false_negatives_std": 0.0,
      "true_negatives": 616330.0,
      "true_negatives_std": 0.0,
      "n_rows": 897195.0,
      "n_rows_std": 0.0,
      "n_injected": 89719.0,
      "n_injected_std": 0.0,
      "n_predicted": 252097.0,
      "n_predicted_std": 0.0,
      "n_trials": 1
    }
  }
}
