{
  "new_prices": {
    "row_count": 16240,
    "product_count": 8120,
    "train_row_count": 201414,
    "train_product_count": 8120,
    "current_candidate_id": "if__contamination_auto__max_features_0p75__max_samples_512__n_estimators_200__threshold_0p42",
    "current_threshold": 0.42000000000000004,
    "current_f1": 0.8335176991150441,
    "current_hyperparameters": {
      "n_estimators": 200,
      "max_samples": 512,
      "max_features": 0.75,
      "contamination": "auto"
    },
    "current_metrics": {
      "threshold": 0.42000000000000004,
      "accuracy": 0.9629310344827586,
      "accuracy_std": 0.0,
      "precision": 0.7565261044176707,
      "precision_std": 0.0,
      "recall": 0.9279556650246306,
      "recall_std": 0.0,
      "tnr": 0.9668171866447729,
      "tnr_std": 0.0,
      "fpr": 0.03318281335522715,
      "fpr_std": 0.0,
      "fnr": 0.07204433497536945,
      "fnr_std": 0.0,
      "f1": 0.8335176991150441,
      "f1_std": 0.0,
      "g_mean": 0.9471871438053795,
      "g_mean_std": 0.0,
      "true_positives": 1507.0,
      "true_positives_std": 0.0,
      "false_positives": 485.0,
      "false_positives_std": 0.0,
      "false_negatives": 117.0,
      "false_negatives_std": 0.0,
      "true_negatives": 14131.0,
      "true_negatives_std": 0.0,
      "n_rows": 16240.0,
      "n_rows_std": 0.0,
      "n_injected": 1624.0,
      "n_injected_std": 0.0,
      "n_predicted": 1992.0,
      "n_predicted_std": 0.0,
      "n_trials": 1
    },
    "best_candidate_id": "if__contamination_auto__max_features_0p75__max_samples_512__n_estimators_200__threshold_0p36",
    "best_threshold": 0.36,
    "best_f1": 0.7923387096774193,
    "best_hyperparameters": {
      "n_estimators": 200,
      "max_samples": 512,
      "max_features": 0.75,
      "contamination": "auto"
    },
    "best_metrics": {
      "threshold": 0.36,
      "accuracy": 0.9492610837438423,
      "accuracy_std": 0.0,
      "precision": 0.6706484641638225,
      "precision_std": 0.0,
      "recall": 0.9679802955665024,
      "recall_std": 0.0,
      "tnr": 0.9471811713191024,
      "tnr_std": 0.0,
      "fpr": 0.05281882868089765,
      "fpr_std": 0.0,
      "fnr": 0.03201970443349754,
      "fnr_std": 0.0,
      "f1": 0.7923387096774193,
      "f1_std": 0.0,
      "g_mean": 0.9575242608772326,
      "g_mean_std": 0.0,
      "true_positives": 1572.0,
      "true_positives_std": 0.0,
      "false_positives": 772.0,
      "false_positives_std": 0.0,
      "false_negatives": 52.0,
      "false_negatives_std": 0.0,
      "true_negatives": 13844.0,
      "true_negatives_std": 0.0,
      "n_rows": 16240.0,
      "n_rows_std": 0.0,
      "n_injected": 1624.0,
      "n_injected_std": 0.0,
      "n_predicted": 2344.0,
      "n_predicted_std": 0.0,
      "n_trials": 1
    }
  },
  "new_products": {
    "row_count": 54722,
    "product_count": 2031,
    "train_row_count": 201414,
    "train_product_count": 8120,
    "current_candidate_id": "if__contamination_auto__max_features_0p75__max_samples_512__n_estimators_200__threshold_0p42",
    "current_threshold": 0.42000000000000004,
    "current_f1": 0.5901383745858508,
    "current_hyperparameters": {
      "n_estimators": 200,
      "max_samples": 512,
      "max_features": 0.75,
      "contamination": "auto"
    },
    "current_metrics": {
      "threshold": 0.42000000000000004,
      "accuracy": 0.8847081612514163,
      "accuracy_std": 0.0,
      "precision": 0.45781675234351377,
      "precision_std": 0.0,
      "recall": 0.8300438596491229,
      "recall_std": 0.0,
      "tnr": 0.8907817258883248,
      "tnr_std": 0.0,
      "fpr": 0.10921827411167513,
      "fpr_std": 0.0,
      "fnr": 0.1699561403508772,
      "fnr_std": 0.0,
      "f1": 0.5901383745858508,
      "f1_std": 0.0,
      "g_mean": 0.8598766782866321,
      "g_mean_std": 0.0,
      "true_positives": 4542.0,
      "true_positives_std": 0.0,
      "false_positives": 5379.0,
      "false_positives_std": 0.0,
      "false_negatives": 930.0,
      "false_negatives_std": 0.0,
      "true_negatives": 43871.0,
      "true_negatives_std": 0.0,
      "n_rows": 54722.0,
      "n_rows_std": 0.0,
      "n_injected": 5472.0,
      "n_injected_std": 0.0,
      "n_predicted": 9921.0,
      "n_predicted_std": 0.0,
      "n_trials": 1
    },
    "best_candidate_id": "if__contamination_auto__max_features_0p75__max_samples_512__n_estimators_200__threshold_0p36",
    "best_threshold": 0.36,
    "best_f1": 0.5891415994130594,
    "best_hyperparameters": {
      "n_estimators": 200,
      "max_samples": 512,
      "max_features": 0.75,
      "contamination": "auto"
    },
    "best_metrics": {
      "threshold": 0.36,
      "accuracy": 0.8771974708526735,
      "accuracy_std": 0.0,
      "precision": 0.4426681367144432,
      "precision_std": 0.0,
      "recall": 0.8804824561403509,
      "recall_std": 0.0,
      "tnr": 0.8768324873096447,
      "tnr_std": 0.0,
      "fpr": 0.12316751269035534,
      "fpr_std": 0.0,
      "fnr": 0.11951754385964912,
      "fnr_std": 0.0,
      "f1": 0.5891415994130594,
      "f1_std": 0.0,
      "g_mean": 0.8786555764632972,
      "g_mean_std": 0.0,
      "true_positives": 4818.0,
      "true_positives_std": 0.0,
      "false_positives": 6066.0,
      "false_positives_std": 0.0,
      "false_negatives": 654.0,
      "false_negatives_std": 0.0,
      "true_negatives": 43184.0,
      "true_negatives_std": 0.0,
      "n_rows": 54722.0,
      "n_rows_std": 0.0,
      "n_injected": 5472.0,
      "n_injected_std": 0.0,
      "n_predicted": 10884.0,
      "n_predicted_std": 0.0,
      "n_trials": 1
    }
  }
}
