{
  "new_prices": {
    "row_count": 37938,
    "product_count": 18969,
    "train_row_count": 607076,
    "train_product_count": 18969,
    "current_candidate_id": "if__contamination_auto__max_features_0p75__max_samples_512__n_estimators_200__threshold_0p42",
    "current_threshold": 0.42000000000000004,
    "current_f1": 0.7768305500408735,
    "current_hyperparameters": {
      "n_estimators": 200,
      "max_samples": 512,
      "max_features": 0.75,
      "contamination": "auto"
    },
    "current_metrics": {
      "threshold": 0.42000000000000004,
      "accuracy": 0.9496283409773841,
      "accuracy_std": 0.0,
      "precision": 0.6972746331236898,
      "precision_std": 0.0,
      "recall": 0.8768784603216452,
      "recall_std": 0.0,
      "tnr": 0.9577097671694245,
      "tnr_std": 0.0,
      "fpr": 0.04229023283057549,
      "fpr_std": 0.0,
      "fnr": 0.12312153967835486,
      "fnr_std": 0.0,
      "f1": 0.7768305500408735,
      "f1_std": 0.0,
      "g_mean": 0.9164033315470466,
      "g_mean_std": 0.0,
      "true_positives": 3326.0,
      "true_positives_std": 0.0,
      "false_positives": 1444.0,
      "false_positives_std": 0.0,
      "false_negatives": 467.0,
      "false_negatives_std": 0.0,
      "true_negatives": 32701.0,
      "true_negatives_std": 0.0,
      "n_rows": 37938.0,
      "n_rows_std": 0.0,
      "n_injected": 3793.0,
      "n_injected_std": 0.0,
      "n_predicted": 4770.0,
      "n_predicted_std": 0.0,
      "n_trials": 1
    },
    "best_candidate_id": "if__contamination_auto__max_features_0p75__max_samples_256__n_estimators_200__threshold_0p36",
    "best_threshold": 0.36,
    "best_f1": 0.6989257533986121,
    "best_hyperparameters": {
      "n_estimators": 200,
      "max_samples": 256,
      "max_features": 0.75,
      "contamination": "auto"
    },
    "best_metrics": {
      "threshold": 0.36,
      "accuracy": 0.9165216932890505,
      "accuracy_std": 0.0,
      "precision": 0.5465358311031817,
      "precision_std": 0.0,
      "recall": 0.9691537041919325,
      "recall_std": 0.0,
      "tnr": 0.9106750622345878,
      "tnr_std": 0.0,
      "fpr": 0.08932493776541221,
      "fpr_std": 0.0,
      "fnr": 0.030846295808067494,
      "fnr_std": 0.0,
      "f1": 0.6989257533986121,
      "f1_std": 0.0,
      "g_mean": 0.9394594775081411,
      "g_mean_std": 0.0,
      "true_positives": 3676.0,
      "true_positives_std": 0.0,
      "false_positives": 3050.0,
      "false_positives_std": 0.0,
      "false_negatives": 117.0,
      "false_negatives_std": 0.0,
      "true_negatives": 31095.0,
      "true_negatives_std": 0.0,
      "n_rows": 37938.0,
      "n_rows_std": 0.0,
      "n_injected": 3793.0,
      "n_injected_std": 0.0,
      "n_predicted": 6726.0,
      "n_predicted_std": 0.0,
      "n_trials": 1
    }
  },
  "new_products": {
    "row_count": 161074,
    "product_count": 4743,
    "train_row_count": 607076,
    "train_product_count": 18969,
    "current_candidate_id": "if__contamination_auto__max_features_0p75__max_samples_512__n_estimators_200__threshold_0p42",
    "current_threshold": 0.42000000000000004,
    "current_f1": 0.5730244929624293,
    "current_hyperparameters": {
      "n_estimators": 200,
      "max_samples": 512,
      "max_features": 0.75,
      "contamination": "auto"
    },
    "current_metrics": {
      "threshold": 0.42000000000000004,
      "accuracy": 0.8804090045569117,
      "accuracy_std": 0.0,
      "precision": 0.4456012134583563,
      "precision_std": 0.0,
      "recall": 0.8025082262370398,
      "recall_std": 0.0,
      "tnr": 0.8890644077617664,
      "tnr_std": 0.0,
      "fpr": 0.11093559223823353,
      "fpr_std": 0.0,
      "fnr": 0.1974917737629602,
      "fnr_std": 0.0,
      "f1": 0.5730244929624293,
      "f1_std": 0.0,
      "g_mean": 0.8446783416682231,
      "g_mean_std": 0.0,
      "true_positives": 12926.0,
      "true_positives_std": 0.0,
      "false_positives": 16082.0,
      "false_positives_std": 0.0,
      "false_negatives": 3181.0,
      "false_negatives_std": 0.0,
      "true_negatives": 128885.0,
      "true_negatives_std": 0.0,
      "n_rows": 161074.0,
      "n_rows_std": 0.0,
      "n_injected": 16107.0,
      "n_injected_std": 0.0,
      "n_predicted": 29008.0,
      "n_predicted_std": 0.0,
      "n_trials": 1
    },
    "best_candidate_id": "if__contamination_auto__max_features_0p75__max_samples_256__n_estimators_200__threshold_0p36",
    "best_threshold": 0.36,
    "best_f1": 0.5435145174740353,
    "best_hyperparameters": {
      "n_estimators": 200,
      "max_samples": 256,
      "max_features": 0.75,
      "contamination": "auto"
    },
    "best_metrics": {
      "threshold": 0.36,
      "accuracy": 0.8504662453282342,
      "accuracy_std": 0.0,
      "precision": 0.3911667621463841,
      "precision_std": 0.0,
      "recall": 0.8902340597255851,
      "recall_std": 0.0,
      "tnr": 0.8460477212055157,
      "tnr_std": 0.0,
      "fpr": 0.15395227879448425,
      "fpr_std": 0.0,
      "fnr": 0.10976594027441484,
      "fnr_std": 0.0,
      "f1": 0.5435145174740353,
      "f1_std": 0.0,
      "g_mean": 0.8678597222883236,
      "g_mean_std": 0.0,
      "true_positives": 14339.0,
      "true_positives_std": 0.0,
      "false_positives": 22318.0,
      "false_positives_std": 0.0,
      "false_negatives": 1768.0,
      "false_negatives_std": 0.0,
      "true_negatives": 122649.0,
      "true_negatives_std": 0.0,
      "n_rows": 161074.0,
      "n_rows_std": 0.0,
      "n_injected": 16107.0,
      "n_injected_std": 0.0,
      "n_predicted": 36657.0,
      "n_predicted_std": 0.0,
      "n_trials": 1
    }
  }
}
