{
  "new_prices": {
    "row_count": 60688,
    "product_count": 30344,
    "train_row_count": 835686,
    "train_product_count": 30344,
    "current_candidate_id": "if__contamination_auto__max_features_0p75__max_samples_512__n_estimators_200__threshold_0p42",
    "current_threshold": 0.42000000000000004,
    "current_f1": 0.7204171074505062,
    "current_hyperparameters": {
      "n_estimators": 200,
      "max_samples": 512,
      "max_features": 0.75,
      "contamination": "auto"
    },
    "current_metrics": {
      "threshold": 0.42000000000000004,
      "accuracy": 0.9390324281571315,
      "accuracy_std": 0.0,
      "precision": 0.6652246720625175,
      "precision_std": 0.0,
      "recall": 0.785596572181938,
      "recall_std": 0.0,
      "tnr": 0.9560783595752471,
      "tnr_std": 0.0,
      "fpr": 0.043921640424752835,
      "fpr_std": 0.0,
      "fnr": 0.21440342781806196,
      "fnr_std": 0.0,
      "f1": 0.7204171074505062,
      "f1_std": 0.0,
      "g_mean": 0.8666555728890483,
      "g_mean_std": 0.0,
      "true_positives": 4767.0,
      "true_positives_std": 0.0,
      "false_positives": 2399.0,
      "false_positives_std": 0.0,
      "false_negatives": 1301.0,
      "false_negatives_std": 0.0,
      "true_negatives": 52221.0,
      "true_negatives_std": 0.0,
      "n_rows": 60688.0,
      "n_rows_std": 0.0,
      "n_injected": 6068.0,
      "n_injected_std": 0.0,
      "n_predicted": 7166.0,
      "n_predicted_std": 0.0,
      "n_trials": 1
    },
    "best_candidate_id": "if__contamination_auto__max_features_1__max_samples_256__n_estimators_200__threshold_0p36",
    "best_threshold": 0.36,
    "best_f1": 0.6253664036076664,
    "best_hyperparameters": {
      "n_estimators": 200,
      "max_samples": 256,
      "max_features": 1.0,
      "contamination": "auto"
    },
    "best_metrics": {
      "threshold": 0.36,
      "accuracy": 0.8904890587925125,
      "accuracy_std": 0.0,
      "precision": 0.47523989033584646,
      "precision_std": 0.0,
      "recall": 0.9141397495056032,
      "recall_std": 0.0,
      "tnr": 0.8878615891614793,
      "tnr_std": 0.0,
      "fpr": 0.11213841083852069,
      "fpr_std": 0.0,
      "fnr": 0.08586025049439684,
      "fnr_std": 0.0,
      "f1": 0.6253664036076664,
      "f1_std": 0.0,
      "g_mean": 0.9009048621867469,
      "g_mean_std": 0.0,
      "true_positives": 5547.0,
      "true_positives_std": 0.0,
      "false_positives": 6125.0,
      "false_positives_std": 0.0,
      "false_negatives": 521.0,
      "false_negatives_std": 0.0,
      "true_negatives": 48495.0,
      "true_negatives_std": 0.0,
      "n_rows": 60688.0,
      "n_rows_std": 0.0,
      "n_injected": 6068.0,
      "n_injected_std": 0.0,
      "n_predicted": 11672.0,
      "n_predicted_std": 0.0,
      "n_trials": 1
    }
  },
  "new_products": {
    "row_count": 225001,
    "product_count": 7586,
    "train_row_count": 835686,
    "train_product_count": 30344,
    "current_candidate_id": "if__contamination_auto__max_features_0p75__max_samples_512__n_estimators_200__threshold_0p42",
    "current_threshold": 0.42000000000000004,
    "current_f1": 0.586808625823333,
    "current_hyperparameters": {
      "n_estimators": 200,
      "max_samples": 512,
      "max_features": 0.75,
      "contamination": "auto"
    },
    "current_metrics": {
      "threshold": 0.42000000000000004,
      "accuracy": 0.8982360078399652,
      "accuracy_std": 0.0,
      "precision": 0.49396931490202034,
      "precision_std": 0.0,
      "recall": 0.7226222222222223,
      "recall_std": 0.0,
      "tnr": 0.9177485543281267,
      "tnr_std": 0.0,
      "fpr": 0.08225144567187323,
      "fpr_std": 0.0,
      "fnr": 0.2773777777777778,
      "fnr_std": 0.0,
      "f1": 0.586808625823333,
      "f1_std": 0.0,
      "g_mean": 0.8143620200929209,
      "g_mean_std": 0.0,
      "true_positives": 16259.0,
      "true_positives_std": 0.0,
      "false_positives": 16656.0,
      "false_positives_std": 0.0,
      "false_negatives": 6241.0,
      "false_negatives_std": 0.0,
      "true_negatives": 185845.0,
      "true_negatives_std": 0.0,
      "n_rows": 225001.0,
      "n_rows_std": 0.0,
      "n_injected": 22500.0,
      "n_injected_std": 0.0,
      "n_predicted": 32915.0,
      "n_predicted_std": 0.0,
      "n_trials": 1
    },
    "best_candidate_id": "if__contamination_auto__max_features_1__max_samples_256__n_estimators_200__threshold_0p36",
    "best_threshold": 0.36,
    "best_f1": 0.5408440293946243,
    "best_hyperparameters": {
      "n_estimators": 200,
      "max_samples": 256,
      "max_features": 1.0,
      "contamination": "auto"
    },
    "best_metrics": {
      "threshold": 0.36,
      "accuracy": 0.8564317491922259,
      "accuracy_std": 0.0,
      "precision": 0.3975717300900675,
      "precision_std": 0.0,
      "recall": 0.8455555555555555,
      "recall_std": 0.0,
      "tnr": 0.8576402091841522,
      "tnr_std": 0.0,
      "fpr": 0.14235979081584782,
      "fpr_std": 0.0,
      "fnr": 0.15444444444444444,
      "fnr_std": 0.0,
      "f1": 0.5408440293946243,
      "f1_std": 0.0,
      "g_mean": 0.8515764460948227,
      "g_mean_std": 0.0,
      "true_positives": 19025.0,
      "true_positives_std": 0.0,
      "false_positives": 28828.0,
      "false_positives_std": 0.0,
      "false_negatives": 3475.0,
      "false_negatives_std": 0.0,
      "true_negatives": 173673.0,
      "true_negatives_std": 0.0,
      "n_rows": 225001.0,
      "n_rows_std": 0.0,
      "n_injected": 22500.0,
      "n_injected_std": 0.0,
      "n_predicted": 47853.0,
      "n_predicted_std": 0.0,
      "n_trials": 1
    }
  }
}
