{
  "new_prices": {
    "row_count": 51434,
    "product_count": 25717,
    "train_row_count": 683782,
    "train_product_count": 25717,
    "current_candidate_id": "if__contamination_auto__max_features_0p75__max_samples_512__n_estimators_200__threshold_0p42",
    "current_threshold": 0.42000000000000004,
    "current_f1": 0.801426660722247,
    "current_hyperparameters": {
      "n_estimators": 200,
      "max_samples": 512,
      "max_features": 0.75,
      "contamination": "auto"
    },
    "current_metrics": {
      "threshold": 0.42000000000000004,
      "accuracy": 0.9567017925885601,
      "accuracy_std": 0.0,
      "precision": 0.7401185770750988,
      "precision_std": 0.0,
      "recall": 0.8738090608594206,
      "recall_std": 0.0,
      "tnr": 0.965911300252749,
      "tnr_std": 0.0,
      "fpr": 0.03408869974725109,
      "fpr_std": 0.0,
      "fnr": 0.12619093914057944,
      "fnr_std": 0.0,
      "f1": 0.801426660722247,
      "f1_std": 0.0,
      "g_mean": 0.9187067247752987,
      "g_mean_std": 0.0,
      "true_positives": 4494.0,
      "true_positives_std": 0.0,
      "false_positives": 1578.0,
      "false_positives_std": 0.0,
      "false_negatives": 649.0,
      "false_negatives_std": 0.0,
      "true_negatives": 44713.0,
      "true_negatives_std": 0.0,
      "n_rows": 51434.0,
      "n_rows_std": 0.0,
      "n_injected": 5143.0,
      "n_injected_std": 0.0,
      "n_predicted": 6072.0,
      "n_predicted_std": 0.0,
      "n_trials": 1
    },
    "best_candidate_id": "if__contamination_auto__max_features_0p5__max_samples_256__n_estimators_100__threshold_0p36",
    "best_threshold": 0.36,
    "best_f1": 0.7181957521348807,
    "best_hyperparameters": {
      "n_estimators": 100,
      "max_samples": 256,
      "max_features": 0.5,
      "contamination": "auto"
    },
    "best_metrics": {
      "threshold": 0.36,
      "accuracy": 0.9249329237469378,
      "accuracy_std": 0.0,
      "precision": 0.5749006777284412,
      "precision_std": 0.0,
      "recall": 0.9566400933307408,
      "recall_std": 0.0,
      "tnr": 0.9214102093279471,
      "tnr_std": 0.0,
      "fpr": 0.07858979067205288,
      "fpr_std": 0.0,
      "fnr": 0.043359906669259186,
      "fnr_std": 0.0,
      "f1": 0.7181957521348807,
      "f1_std": 0.0,
      "g_mean": 0.9388599196085563,
      "g_mean_std": 0.0,
      "true_positives": 4920.0,
      "true_positives_std": 0.0,
      "false_positives": 3638.0,
      "false_positives_std": 0.0,
      "false_negatives": 223.0,
      "false_negatives_std": 0.0,
      "true_negatives": 42653.0,
      "true_negatives_std": 0.0,
      "n_rows": 51434.0,
      "n_rows_std": 0.0,
      "n_injected": 5143.0,
      "n_injected_std": 0.0,
      "n_predicted": 8558.0,
      "n_predicted_std": 0.0,
      "n_trials": 1
    }
  },
  "new_products": {
    "row_count": 183655,
    "product_count": 6430,
    "train_row_count": 683782,
    "train_product_count": 25717,
    "current_candidate_id": "if__contamination_auto__max_features_0p75__max_samples_512__n_estimators_200__threshold_0p42",
    "current_threshold": 0.42000000000000004,
    "current_f1": 0.5986306245943174,
    "current_hyperparameters": {
      "n_estimators": 200,
      "max_samples": 512,
      "max_features": 0.75,
      "contamination": "auto"
    },
    "current_metrics": {
      "threshold": 0.42000000000000004,
      "accuracy": 0.8956249489532003,
      "accuracy_std": 0.0,
      "precision": 0.48632373953868135,
      "precision_std": 0.0,
      "recall": 0.778382793356929,
      "recall_std": 0.0,
      "tnr": 0.9086514610684252,
      "tnr_std": 0.0,
      "fpr": 0.09134853893157481,
      "fpr_std": 0.0,
      "fnr": 0.22161720664307105,
      "fnr_std": 0.0,
      "f1": 0.5986306245943174,
      "f1_std": 0.0,
      "g_mean": 0.8409986102570537,
      "g_mean_std": 0.0,
      "true_positives": 14295.0,
      "true_positives_std": 0.0,
      "false_positives": 15099.0,
      "false_positives_std": 0.0,
      "false_negatives": 4070.0,
      "false_negatives_std": 0.0,
      "true_negatives": 150191.0,
      "true_negatives_std": 0.0,
      "n_rows": 183655.0,
      "n_rows_std": 0.0,
      "n_injected": 18365.0,
      "n_injected_std": 0.0,
      "n_predicted": 29394.0,
      "n_predicted_std": 0.0,
      "n_trials": 1
    },
    "best_candidate_id": "if__contamination_auto__max_features_0p5__max_samples_256__n_estimators_100__threshold_0p36",
    "best_threshold": 0.36,
    "best_f1": 0.5607449958968138,
    "best_hyperparameters": {
      "n_estimators": 100,
      "max_samples": 256,
      "max_features": 0.5,
      "contamination": "auto"
    },
    "best_metrics": {
      "threshold": 0.36,
      "accuracy": 0.8659334077482236,
      "accuracy_std": 0.0,
      "precision": 0.41699169518957785,
      "precision_std": 0.0,
      "recall": 0.8557582357745712,
      "recall_std": 0.0,
      "tnr": 0.8670639482122331,
      "tnr_std": 0.0,
      "fpr": 0.13293605178776696,
      "fpr_std": 0.0,
      "fnr": 0.1442417642254288,
      "fnr_std": 0.0,
      "f1": 0.5607449958968138,
      "f1_std": 0.0,
      "g_mean": 0.8613925438647787,
      "g_mean_std": 0.0,
      "true_positives": 15716.0,
      "true_positives_std": 0.0,
      "false_positives": 21973.0,
      "false_positives_std": 0.0,
      "false_negatives": 2649.0,
      "false_negatives_std": 0.0,
      "true_negatives": 143317.0,
      "true_negatives_std": 0.0,
      "n_rows": 183655.0,
      "n_rows_std": 0.0,
      "n_injected": 18365.0,
      "n_injected_std": 0.0,
      "n_predicted": 37689.0,
      "n_predicted_std": 0.0,
      "n_trials": 1
    }
  }
}
