{
  "new_prices": {
    "row_count": 41032,
    "product_count": 20516,
    "train_row_count": 591294,
    "train_product_count": 20516,
    "current_candidate_id": "if__contamination_auto__max_features_0p75__max_samples_512__n_estimators_200__threshold_0p42",
    "current_threshold": 0.42000000000000004,
    "current_f1": 0.7549792531120333,
    "current_hyperparameters": {
      "n_estimators": 200,
      "max_samples": 512,
      "max_features": 0.75,
      "contamination": "auto"
    },
    "current_metrics": {
      "threshold": 0.42000000000000004,
      "accuracy": 0.942435172548255,
      "accuracy_std": 0.0,
      "precision": 0.657215098428752,
      "precision_std": 0.0,
      "recall": 0.8869120155983427,
      "recall_std": 0.0,
      "tnr": 0.9486040780958055,
      "tnr_std": 0.0,
      "fpr": 0.051395921904194536,
      "fpr_std": 0.0,
      "fnr": 0.11308798440165732,
      "fnr_std": 0.0,
      "f1": 0.7549792531120333,
      "f1_std": 0.0,
      "g_mean": 0.9172395297351497,
      "g_mean_std": 0.0,
      "true_positives": 3639.0,
      "true_positives_std": 0.0,
      "false_positives": 1898.0,
      "false_positives_std": 0.0,
      "false_negatives": 464.0,
      "false_negatives_std": 0.0,
      "true_negatives": 35031.0,
      "true_negatives_std": 0.0,
      "n_rows": 41032.0,
      "n_rows_std": 0.0,
      "n_injected": 4103.0,
      "n_injected_std": 0.0,
      "n_predicted": 5537.0,
      "n_predicted_std": 0.0,
      "n_trials": 1
    },
    "best_candidate_id": "if__contamination_auto__max_features_0p75__max_samples_512__n_estimators_100__threshold_0p36",
    "best_threshold": 0.36,
    "best_f1": 0.7205268527965866,
    "best_hyperparameters": {
      "n_estimators": 100,
      "max_samples": 512,
      "max_features": 0.75,
      "contamination": "auto"
    },
    "best_metrics": {
      "threshold": 0.36,
      "accuracy": 0.9265695067264574,
      "accuracy_std": 0.0,
      "precision": 0.5816112608565439,
      "precision_std": 0.0,
      "recall": 0.9466244211552522,
      "recall_std": 0.0,
      "tnr": 0.9243413035825503,
      "tnr_std": 0.0,
      "fpr": 0.0756586964174497,
      "fpr_std": 0.0,
      "fnr": 0.053375578844747744,
      "fnr_std": 0.0,
      "f1": 0.7205268527965866,
      "f1_std": 0.0,
      "g_mean": 0.9354165122840856,
      "g_mean_std": 0.0,
      "true_positives": 3884.0,
      "true_positives_std": 0.0,
      "false_positives": 2794.0,
      "false_positives_std": 0.0,
      "false_negatives": 219.0,
      "false_negatives_std": 0.0,
      "true_negatives": 34135.0,
      "true_negatives_std": 0.0,
      "n_rows": 41032.0,
      "n_rows_std": 0.0,
      "n_injected": 4103.0,
      "n_injected_std": 0.0,
      "n_predicted": 6678.0,
      "n_predicted_std": 0.0,
      "n_trials": 1
    }
  },
  "new_products": {
    "row_count": 157768,
    "product_count": 5130,
    "train_row_count": 591294,
    "train_product_count": 20516,
    "current_candidate_id": "if__contamination_auto__max_features_0p75__max_samples_512__n_estimators_200__threshold_0p42",
    "current_threshold": 0.42000000000000004,
    "current_f1": 0.616978837265872,
    "current_hyperparameters": {
      "n_estimators": 200,
      "max_samples": 512,
      "max_features": 0.75,
      "contamination": "auto"
    },
    "current_metrics": {
      "threshold": 0.42000000000000004,
      "accuracy": 0.900195223365955,
      "accuracy_std": 0.0,
      "precision": 0.5005920896818504,
      "precision_std": 0.0,
      "recall": 0.8038793103448276,
      "recall_std": 0.0,
      "tnr": 0.9108963885289312,
      "tnr_std": 0.0,
      "fpr": 0.0891036114710688,
      "fpr_std": 0.0,
      "fnr": 0.1961206896551724,
      "fnr_std": 0.0,
      "f1": 0.616978837265872,
      "f1_std": 0.0,
      "g_mean": 0.8557165188344977,
      "g_mean_std": 0.0,
      "true_positives": 12682.0,
      "true_positives_std": 0.0,
      "false_positives": 12652.0,
      "false_positives_std": 0.0,
      "false_negatives": 3094.0,
      "false_negatives_std": 0.0,
      "true_negatives": 129340.0,
      "true_negatives_std": 0.0,
      "n_rows": 157768.0,
      "n_rows_std": 0.0,
      "n_injected": 15776.0,
      "n_injected_std": 0.0,
      "n_predicted": 25334.0,
      "n_predicted_std": 0.0,
      "n_trials": 1
    },
    "best_candidate_id": "if__contamination_auto__max_features_0p75__max_samples_512__n_estimators_100__threshold_0p36",
    "best_threshold": 0.36,
    "best_f1": 0.5756387107486044,
    "best_hyperparameters": {
      "n_estimators": 100,
      "max_samples": 512,
      "max_features": 0.75,
      "contamination": "auto"
    },
    "best_metrics": {
      "threshold": 0.36,
      "accuracy": 0.8703983063739161,
      "accuracy_std": 0.0,
      "precision": 0.4279322368624063,
      "precision_std": 0.0,
      "recall": 0.8790567951318459,
      "recall_std": 0.0,
      "tnr": 0.8694363062707758,
      "tnr_std": 0.0,
      "fpr": 0.1305636937292242,
      "fpr_std": 0.0,
      "fnr": 0.12094320486815416,
      "fnr_std": 0.0,
      "f1": 0.5756387107486044,
      "f1_std": 0.0,
      "g_mean": 0.8742333172338252,
      "g_mean_std": 0.0,
      "true_positives": 13868.0,
      "true_positives_std": 0.0,
      "false_positives": 18539.0,
      "false_positives_std": 0.0,
      "false_negatives": 1908.0,
      "false_negatives_std": 0.0,
      "true_negatives": 123453.0,
      "true_negatives_std": 0.0,
      "n_rows": 157768.0,
      "n_rows_std": 0.0,
      "n_injected": 15776.0,
      "n_injected_std": 0.0,
      "n_predicted": 32407.0,
      "n_predicted_std": 0.0,
      "n_trials": 1
    }
  }
}
