{
  "new_prices": {
    "row_count": 497970,
    "product_count": 248985,
    "train_row_count": 2757482,
    "train_product_count": 248985,
    "current_candidate_id": "if__contamination_auto__max_features_0p75__max_samples_512__n_estimators_200__threshold_0p42",
    "current_threshold": 0.42000000000000004,
    "current_f1": 0.7033023682609727,
    "current_hyperparameters": {
      "n_estimators": 200,
      "max_samples": 512,
      "max_features": 0.75,
      "contamination": "auto"
    },
    "current_metrics": {
      "threshold": 0.42000000000000004,
      "accuracy": 0.9422113781954736,
      "accuracy_std": 0.0,
      "precision": 0.7226978005678688,
      "precision_std": 0.0,
      "recall": 0.6849207783601422,
      "recall_std": 0.0,
      "tnr": 0.9707992226216215,
      "tnr_std": 0.0,
      "fpr": 0.02920077737837844,
      "fpr_std": 0.0,
      "fnr": 0.3150792216398578,
      "fnr_std": 0.0,
      "f1": 0.7033023682609727,
      "f1_std": 0.0,
      "g_mean": 0.8154266117741203,
      "g_mean_std": 0.0,
      "true_positives": 34107.0,
      "true_positives_std": 0.0,
      "false_positives": 13087.0,
      "false_positives_std": 0.0,
      "false_negatives": 15690.0,
      "false_negatives_std": 0.0,
      "true_negatives": 435086.0,
      "true_negatives_std": 0.0,
      "n_rows": 497970.0,
      "n_rows_std": 0.0,
      "n_injected": 49797.0,
      "n_injected_std": 0.0,
      "n_predicted": 47194.0,
      "n_predicted_std": 0.0,
      "n_trials": 1
    },
    "best_candidate_id": "if__contamination_auto__max_features_1__max_samples_256__n_estimators_200__threshold_0p3",
    "best_threshold": 0.3,
    "best_f1": 0.6669141601636488,
    "best_hyperparameters": {
      "n_estimators": 200,
      "max_samples": 256,
      "max_features": 1.0,
      "contamination": "auto"
    },
    "best_metrics": {
      "threshold": 0.3,
      "accuracy": 0.9117135570415889,
      "accuracy_std": 0.0,
      "precision": 0.5354835569939046,
      "precision_std": 0.0,
      "recall": 0.8838484246038918,
      "recall_std": 0.0,
      "tnr": 0.9148096828679997,
      "tnr_std": 0.0,
      "fpr": 0.08519031713200037,
      "fpr_std": 0.0,
      "fnr": 0.1161515753961082,
      "fnr_std": 0.0,
      "f1": 0.6669141601636488,
      "f1_std": 0.0,
      "g_mean": 0.8991958057148995,
      "g_mean_std": 0.0,
      "true_positives": 44013.0,
      "true_positives_std": 0.0,
      "false_positives": 38180.0,
      "false_positives_std": 0.0,
      "false_negatives": 5784.0,
      "false_negatives_std": 0.0,
      "true_negatives": 409993.0,
      "true_negatives_std": 0.0,
      "n_rows": 497970.0,
      "n_rows_std": 0.0,
      "n_injected": 49797.0,
      "n_injected_std": 0.0,
      "n_predicted": 82193.0,
      "n_predicted_std": 0.0,
      "n_trials": 1
    }
  },
  "new_products": {
    "row_count": 815693,
    "product_count": 62247,
    "train_row_count": 2757482,
    "train_product_count": 248985,
    "current_candidate_id": "if__contamination_auto__max_features_0p75__max_samples_512__n_estimators_200__threshold_0p42",
    "current_threshold": 0.42000000000000004,
    "current_f1": 0.4599042838800047,
    "current_hyperparameters": {
      "n_estimators": 200,
      "max_samples": 512,
      "max_features": 0.75,
      "contamination": "auto"
    },
    "current_metrics": {
      "threshold": 0.42000000000000004,
      "accuracy": 0.8922229319118835,
      "accuracy_std": 0.0,
      "precision": 0.4609378848332594,
      "precision_std": 0.0,
      "recall": 0.45887530802142973,
      "recall_std": 0.0,
      "tnr": 0.9403724711356665,
      "tnr_std": 0.0,
      "fpr": 0.05962752886433355,
      "fpr_std": 0.0,
      "fnr": 0.5411246919785703,
      "fnr_std": 0.0,
      "f1": 0.4599042838800047,
      "f1_std": 0.0,
      "g_mean": 0.6568970294857878,
      "g_mean_std": 0.0,
      "true_positives": 37430.0,
      "true_positives_std": 0.0,
      "false_positives": 43774.0,
      "false_positives_std": 0.0,
      "false_negatives": 44139.0,
      "false_negatives_std": 0.0,
      "true_negatives": 690350.0,
      "true_negatives_std": 0.0,
      "n_rows": 815693.0,
      "n_rows_std": 0.0,
      "n_injected": 81569.0,
      "n_injected_std": 0.0,
      "n_predicted": 81204.0,
      "n_predicted_std": 0.0,
      "n_trials": 1
    },
    "best_candidate_id": "if__contamination_auto__max_features_1__max_samples_256__n_estimators_200__threshold_0p3",
    "best_threshold": 0.3,
    "best_f1": 0.45541098466440444,
    "best_hyperparameters": {
      "n_estimators": 200,
      "max_samples": 256,
      "max_features": 1.0,
      "contamination": "auto"
    },
    "best_metrics": {
      "threshold": 0.3,
      "accuracy": 0.8420104132314487,
      "accuracy_std": 0.0,
      "precision": 0.3474817824208422,
      "precision_std": 0.0,
      "recall": 0.660594098248109,
      "recall_std": 0.0,
      "tnr": 0.8621676991897826,
      "tnr_std": 0.0,
      "fpr": 0.13783230081021736,
      "fpr_std": 0.0,
      "fnr": 0.33940590175189106,
      "fnr_std": 0.0,
      "f1": 0.45541098466440444,
      "f1_std": 0.0,
      "g_mean": 0.754680656824409,
      "g_mean_std": 0.0,
      "true_positives": 53884.0,
      "true_positives_std": 0.0,
      "false_positives": 101186.0,
      "false_positives_std": 0.0,
      "false_negatives": 27685.0,
      "false_negatives_std": 0.0,
      "true_negatives": 632938.0,
      "true_negatives_std": 0.0,
      "n_rows": 815693.0,
      "n_rows_std": 0.0,
      "n_injected": 81569.0,
      "n_injected_std": 0.0,
      "n_predicted": 155070.0,
      "n_predicted_std": 0.0,
      "n_trials": 1
    }
  }
}
