{
  "new_prices": {
    "row_count": 60194,
    "product_count": 30097,
    "train_row_count": 452091,
    "train_product_count": 30097,
    "current_candidate_id": "if__contamination_auto__max_features_0p75__max_samples_512__n_estimators_200__threshold_0p42",
    "current_threshold": 0.42000000000000004,
    "current_f1": 0.7776568126622561,
    "current_hyperparameters": {
      "n_estimators": 200,
      "max_samples": 512,
      "max_features": 0.75,
      "contamination": "auto"
    },
    "current_metrics": {
      "threshold": 0.42000000000000004,
      "accuracy": 0.9558926138817823,
      "accuracy_std": 0.0,
      "precision": 0.7840256670043904,
      "precision_std": 0.0,
      "recall": 0.7713905964445922,
      "recall_std": 0.0,
      "tnr": 0.976391324411629,
      "tnr_std": 0.0,
      "fpr": 0.02360867558837102,
      "fpr_std": 0.0,
      "fnr": 0.22860940355540788,
      "fnr_std": 0.0,
      "f1": 0.7776568126622561,
      "f1_std": 0.0,
      "g_mean": 0.8678589090982541,
      "g_mean_std": 0.0,
      "true_positives": 4643.0,
      "true_positives_std": 0.0,
      "false_positives": 1279.0,
      "false_positives_std": 0.0,
      "false_negatives": 1376.0,
      "false_negatives_std": 0.0,
      "true_negatives": 52896.0,
      "true_negatives_std": 0.0,
      "n_rows": 60194.0,
      "n_rows_std": 0.0,
      "n_injected": 6019.0,
      "n_injected_std": 0.0,
      "n_predicted": 5922.0,
      "n_predicted_std": 0.0,
      "n_trials": 1
    },
    "best_candidate_id": "if__contamination_auto__max_features_0p75__max_samples_256__n_estimators_100__threshold_0p3",
    "best_threshold": 0.3,
    "best_f1": 0.7560774618871035,
    "best_hyperparameters": {
      "n_estimators": 100,
      "max_samples": 256,
      "max_features": 0.75,
      "contamination": "auto"
    },
    "best_metrics": {
      "threshold": 0.3,
      "accuracy": 0.9409907964248928,
      "accuracy_std": 0.0,
      "precision": 0.6443872176050568,
      "precision_std": 0.0,
      "recall": 0.914603754776541,
      "recall_std": 0.0,
      "tnr": 0.9439224734656206,
      "tnr_std": 0.0,
      "fpr": 0.05607752653437933,
      "fpr_std": 0.0,
      "fnr": 0.08539624522345905,
      "fnr_std": 0.0,
      "f1": 0.7560774618871035,
      "f1_std": 0.0,
      "g_mean": 0.9291474793861395,
      "g_mean_std": 0.0,
      "true_positives": 5505.0,
      "true_positives_std": 0.0,
      "false_positives": 3038.0,
      "false_positives_std": 0.0,
      "false_negatives": 514.0,
      "false_negatives_std": 0.0,
      "true_negatives": 51137.0,
      "true_negatives_std": 0.0,
      "n_rows": 60194.0,
      "n_rows_std": 0.0,
      "n_injected": 6019.0,
      "n_injected_std": 0.0,
      "n_predicted": 8543.0,
      "n_predicted_std": 0.0,
      "n_trials": 1
    }
  },
  "new_products": {
    "row_count": 128173,
    "product_count": 7525,
    "train_row_count": 452091,
    "train_product_count": 30097,
    "current_candidate_id": "if__contamination_auto__max_features_0p75__max_samples_512__n_estimators_200__threshold_0p42",
    "current_threshold": 0.42000000000000004,
    "current_f1": 0.44112369466097956,
    "current_hyperparameters": {
      "n_estimators": 200,
      "max_samples": 512,
      "max_features": 0.75,
      "contamination": "auto"
    },
    "current_metrics": {
      "threshold": 0.42000000000000004,
      "accuracy": 0.8517706537258237,
      "accuracy_std": 0.0,
      "precision": 0.354046652186231,
      "precision_std": 0.0,
      "recall": 0.5850042911757821,
      "recall_std": 0.0,
      "tnr": 0.881410589826277,
      "tnr_std": 0.0,
      "fpr": 0.11858941017372308,
      "fpr_std": 0.0,
      "fnr": 0.4149957088242178,
      "fnr_std": 0.0,
      "f1": 0.44112369466097956,
      "f1_std": 0.0,
      "g_mean": 0.7180731002733282,
      "g_mean_std": 0.0,
      "true_positives": 7498.0,
      "true_positives_std": 0.0,
      "false_positives": 13680.0,
      "false_positives_std": 0.0,
      "false_negatives": 5319.0,
      "false_negatives_std": 0.0,
      "true_negatives": 101676.0,
      "true_negatives_std": 0.0,
      "n_rows": 128173.0,
      "n_rows_std": 0.0,
      "n_injected": 12817.0,
      "n_injected_std": 0.0,
      "n_predicted": 21178.0,
      "n_predicted_std": 0.0,
      "n_trials": 1
    },
    "best_candidate_id": "if__contamination_auto__max_features_0p75__max_samples_256__n_estimators_100__threshold_0p3",
    "best_threshold": 0.3,
    "best_f1": 0.4099649347970573,
    "best_hyperparameters": {
      "n_estimators": 100,
      "max_samples": 256,
      "max_features": 0.75,
      "contamination": "auto"
    },
    "best_metrics": {
      "threshold": 0.3,
      "accuracy": 0.7991386641492358,
      "accuracy_std": 0.0,
      "precision": 0.29023883696780894,
      "precision_std": 0.0,
      "recall": 0.6978232035577748,
      "recall_std": 0.0,
      "tnr": 0.8103956447865738,
      "tnr_std": 0.0,
      "fpr": 0.18960435521342625,
      "fpr_std": 0.0,
      "fnr": 0.30217679644222517,
      "fnr_std": 0.0,
      "f1": 0.4099649347970573,
      "f1_std": 0.0,
      "g_mean": 0.7520059075527502,
      "g_mean_std": 0.0,
      "true_positives": 8944.0,
      "true_positives_std": 0.0,
      "false_positives": 21872.0,
      "false_positives_std": 0.0,
      "false_negatives": 3873.0,
      "false_negatives_std": 0.0,
      "true_negatives": 93484.0,
      "true_negatives_std": 0.0,
      "n_rows": 128173.0,
      "n_rows_std": 0.0,
      "n_injected": 12817.0,
      "n_injected_std": 0.0,
      "n_predicted": 30816.0,
      "n_predicted_std": 0.0,
      "n_trials": 1
    }
  }
}
