{
  "new_prices": {
    "row_count": 443352,
    "product_count": 221676,
    "train_row_count": 3318176,
    "train_product_count": 221676,
    "current_candidate_id": "rrcf__num_trees_40__tree_size_256__warmup_samples_32__threshold_0p8",
    "current_threshold": 0.8,
    "current_f1": 0.1904964690017389,
    "current_hyperparameters": {
      "num_trees": 40,
      "tree_size": 256,
      "warmup_samples": 32
    },
    "current_metrics": {
      "threshold": 0.8,
      "accuracy": 0.8970975658167777,
      "accuracy_std": 0.0,
      "precision": 0.4464775846294602,
      "precision_std": 0.0,
      "recall": 0.12107815495658059,
      "recall_std": 0.0,
      "tnr": 0.9833215126172569,
      "tnr_std": 0.0,
      "fpr": 0.01667848738274309,
      "fpr_std": 0.0,
      "fnr": 0.8789218450434194,
      "fnr_std": 0.0,
      "f1": 0.1904964690017389,
      "f1_std": 0.0,
      "g_mean": 0.3450489160638118,
      "g_mean_std": 0.0,
      "true_positives": 5368.0,
      "true_positives_std": 0.0,
      "false_positives": 6655.0,
      "false_positives_std": 0.0,
      "false_negatives": 38967.0,
      "false_negatives_std": 0.0,
      "true_negatives": 392362.0,
      "true_negatives_std": 0.0,
      "n_rows": 443352.0,
      "n_rows_std": 0.0,
      "n_injected": 44335.0,
      "n_injected_std": 0.0,
      "n_predicted": 12023.0,
      "n_predicted_std": 0.0,
      "n_trials": 1
    },
    "best_candidate_id": "rrcf__num_trees_80__tree_size_128__warmup_samples_32__threshold_0p65",
    "best_threshold": 0.6499999999999999,
    "best_f1": 0.20547381578604723,
    "best_hyperparameters": {
      "num_trees": 80,
      "tree_size": 128,
      "warmup_samples": 32
    },
    "best_metrics": {
      "threshold": 0.6499999999999999,
      "accuracy": 0.6559099767227846,
      "accuracy_std": 0.0,
      "precision": 0.13358163472607842,
      "precision_std": 0.0,
      "recall": 0.444930641705199,
      "recall_std": 0.0,
      "tnr": 0.6793520075585752,
      "tnr_std": 0.0,
      "fpr": 0.3206479924414248,
      "fpr_std": 0.0,
      "fnr": 0.555069358294801,
      "fnr_std": 0.0,
      "f1": 0.20547381578604723,
      "f1_std": 0.0,
      "g_mean": 0.5497858898396285,
      "g_mean_std": 0.0,
      "true_positives": 19726.0,
      "true_positives_std": 0.0,
      "false_positives": 127944.0,
      "false_positives_std": 0.0,
      "false_negatives": 24609.0,
      "false_negatives_std": 0.0,
      "true_negatives": 271073.0,
      "true_negatives_std": 0.0,
      "n_rows": 443352.0,
      "n_rows_std": 0.0,
      "n_injected": 44335.0,
      "n_injected_std": 0.0,
      "n_predicted": 147670.0,
      "n_predicted_std": 0.0,
      "n_trials": 1
    }
  },
  "new_products": {
    "row_count": 941418,
    "product_count": 55419,
    "train_row_count": 3318176,
    "train_product_count": 221676,
    "current_candidate_id": "rrcf__num_trees_40__tree_size_256__warmup_samples_32__threshold_0p8",
    "current_threshold": 0.8,
    "current_f1": 0.12297252692422836,
    "current_hyperparameters": {
      "num_trees": 40,
      "tree_size": 256,
      "warmup_samples": 32
    },
    "current_metrics": {
      "threshold": 0.8,
      "accuracy": 0.8786373321946256,
      "accuracy_std": 0.0,
      "precision": 0.22168714712720028,
      "precision_std": 0.0,
      "recall": 0.0850851382500717,
      "recall_std": 0.0,
      "tnr": 0.9668089656629414,
      "tnr_std": 0.0,
      "fpr": 0.0331910343370586,
      "fpr_std": 0.0,
      "fnr": 0.9149148617499283,
      "fnr_std": 0.0,
      "f1": 0.12297252692422836,
      "f1_std": 0.0,
      "g_mean": 0.28681191485857105,
      "g_mean_std": 0.0,
      "true_positives": 8010.0,
      "true_positives_std": 0.0,
      "false_positives": 28122.0,
      "false_positives_std": 0.0,
      "false_negatives": 86131.0,
      "false_negatives_std": 0.0,
      "true_negatives": 819155.0,
      "true_negatives_std": 0.0,
      "n_rows": 941418.0,
      "n_rows_std": 0.0,
      "n_injected": 94141.0,
      "n_injected_std": 0.0,
      "n_predicted": 36132.0,
      "n_predicted_std": 0.0,
      "n_trials": 1
    },
    "best_candidate_id": "rrcf__num_trees_80__tree_size_128__warmup_samples_32__threshold_0p65",
    "best_threshold": 0.6499999999999999,
    "best_f1": 0.18887310980289174,
    "best_hyperparameters": {
      "num_trees": 80,
      "tree_size": 128,
      "warmup_samples": 32
    },
    "best_metrics": {
      "threshold": 0.6499999999999999,
      "accuracy": 0.662061910862125,
      "accuracy_std": 0.0,
      "precision": 0.12426194310252281,
      "precision_std": 0.0,
      "recall": 0.393452374629545,
      "recall_std": 0.0,
      "tnr": 0.691907133086346,
      "tnr_std": 0.0,
      "fpr": 0.30809286691365395,
      "fpr_std": 0.0,
      "fnr": 0.6065476253704549,
      "fnr_std": 0.0,
      "f1": 0.18887310980289174,
      "f1_std": 0.0,
      "g_mean": 0.5217590483508106,
      "g_mean_std": 0.0,
      "true_positives": 37040.0,
      "true_positives_std": 0.0,
      "false_positives": 261040.0,
      "false_positives_std": 0.0,
      "false_negatives": 57101.0,
      "false_negatives_std": 0.0,
      "true_negatives": 586237.0,
      "true_negatives_std": 0.0,
      "n_rows": 941418.0,
      "n_rows_std": 0.0,
      "n_injected": 94141.0,
      "n_injected_std": 0.0,
      "n_predicted": 298080.0,
      "n_predicted_std": 0.0,
      "n_trials": 1
    }
  }
}
