{
  "new_prices": {
    "row_count": 1850,
    "product_count": 925,
    "train_row_count": 29349,
    "train_product_count": 925,
    "current_candidate_id": "if__contamination_auto__max_features_0p75__max_samples_512__n_estimators_200__threshold_0p42",
    "current_threshold": 0.42000000000000004,
    "current_f1": 0.68389662027833,
    "current_hyperparameters": {
      "n_estimators": 200,
      "max_samples": 512,
      "max_features": 0.75,
      "contamination": "auto"
    },
    "current_metrics": {
      "threshold": 0.42000000000000004,
      "accuracy": 0.914054054054054,
      "accuracy_std": 0.0,
      "precision": 0.5408805031446541,
      "precision_std": 0.0,
      "recall": 0.9297297297297298,
      "recall_std": 0.0,
      "tnr": 0.9123123123123124,
      "tnr_std": 0.0,
      "fpr": 0.08768768768768768,
      "fpr_std": 0.0,
      "fnr": 0.07027027027027027,
      "fnr_std": 0.0,
      "f1": 0.68389662027833,
      "f1_std": 0.0,
      "g_mean": 0.9209798475293751,
      "g_mean_std": 0.0,
      "true_positives": 172.0,
      "true_positives_std": 0.0,
      "false_positives": 146.0,
      "false_positives_std": 0.0,
      "false_negatives": 13.0,
      "false_negatives_std": 0.0,
      "true_negatives": 1519.0,
      "true_negatives_std": 0.0,
      "n_rows": 1850.0,
      "n_rows_std": 0.0,
      "n_injected": 185.0,
      "n_injected_std": 0.0,
      "n_predicted": 318.0,
      "n_predicted_std": 0.0,
      "n_trials": 1
    },
    "best_candidate_id": "if__contamination_auto__max_features_0p5__max_samples_512__n_estimators_200__threshold_0p42",
    "best_threshold": 0.42000000000000004,
    "best_f1": 0.7077534791252486,
    "best_hyperparameters": {
      "n_estimators": 200,
      "max_samples": 512,
      "max_features": 0.5,
      "contamination": "auto"
    },
    "best_metrics": {
      "threshold": 0.42000000000000004,
      "accuracy": 0.9205405405405406,
      "accuracy_std": 0.0,
      "precision": 0.559748427672956,
      "precision_std": 0.0,
      "recall": 0.9621621621621622,
      "recall_std": 0.0,
      "tnr": 0.9159159159159159,
      "tnr_std": 0.0,
      "fpr": 0.08408408408408409,
      "fpr_std": 0.0,
      "fnr": 0.03783783783783784,
      "fnr_std": 0.0,
      "f1": 0.7077534791252486,
      "f1_std": 0.0,
      "g_mean": 0.9387543011972808,
      "g_mean_std": 0.0,
      "true_positives": 178.0,
      "true_positives_std": 0.0,
      "false_positives": 140.0,
      "false_positives_std": 0.0,
      "false_negatives": 7.0,
      "false_negatives_std": 0.0,
      "true_negatives": 1525.0,
      "true_negatives_std": 0.0,
      "n_rows": 1850.0,
      "n_rows_std": 0.0,
      "n_injected": 185.0,
      "n_injected_std": 0.0,
      "n_predicted": 318.0,
      "n_predicted_std": 0.0,
      "n_trials": 1
    }
  },
  "new_products": {
    "row_count": 7885,
    "product_count": 232,
    "train_row_count": 29349,
    "train_product_count": 925,
    "current_candidate_id": "if__contamination_auto__max_features_0p75__max_samples_512__n_estimators_200__threshold_0p42",
    "current_threshold": 0.42000000000000004,
    "current_f1": 0.6019499788045782,
    "current_hyperparameters": {
      "n_estimators": 200,
      "max_samples": 512,
      "max_features": 0.75,
      "contamination": "auto"
    },
    "current_metrics": {
      "threshold": 0.42000000000000004,
      "accuracy": 0.8809131261889664,
      "accuracy_std": 0.0,
      "precision": 0.4519414385741566,
      "precision_std": 0.0,
      "recall": 0.9010152284263959,
      "recall_std": 0.0,
      "tnr": 0.878681132873045,
      "tnr_std": 0.0,
      "fpr": 0.12131886712695505,
      "fpr_std": 0.0,
      "fnr": 0.09898477157360407,
      "fnr_std": 0.0,
      "f1": 0.6019499788045782,
      "f1_std": 0.0,
      "g_mean": 0.8897781080975026,
      "g_mean_std": 0.0,
      "true_positives": 710.0,
      "true_positives_std": 0.0,
      "false_positives": 861.0,
      "false_positives_std": 0.0,
      "false_negatives": 78.0,
      "false_negatives_std": 0.0,
      "true_negatives": 6236.0,
      "true_negatives_std": 0.0,
      "n_rows": 7885.0,
      "n_rows_std": 0.0,
      "n_injected": 788.0,
      "n_injected_std": 0.0,
      "n_predicted": 1571.0,
      "n_predicted_std": 0.0,
      "n_trials": 1
    },
    "best_candidate_id": "if__contamination_auto__max_features_0p5__max_samples_512__n_estimators_200__threshold_0p42",
    "best_threshold": 0.42000000000000004,
    "best_f1": 0.6,
    "best_hyperparameters": {
      "n_estimators": 200,
      "max_samples": 512,
      "max_features": 0.5,
      "contamination": "auto"
    },
    "best_metrics": {
      "threshold": 0.42000000000000004,
      "accuracy": 0.8782498414711477,
      "accuracy_std": 0.0,
      "precision": 0.4466501240694789,
      "precision_std": 0.0,
      "recall": 0.9137055837563451,
      "recall_std": 0.0,
      "tnr": 0.8743130900380442,
      "tnr_std": 0.0,
      "fpr": 0.12568690996195575,
      "fpr_std": 0.0,
      "fnr": 0.08629441624365482,
      "fnr_std": 0.0,
      "f1": 0.6,
      "f1_std": 0.0,
      "g_mean": 0.8937923429516641,
      "g_mean_std": 0.0,
      "true_positives": 720.0,
      "true_positives_std": 0.0,
      "false_positives": 892.0,
      "false_positives_std": 0.0,
      "false_negatives": 68.0,
      "false_negatives_std": 0.0,
      "true_negatives": 6205.0,
      "true_negatives_std": 0.0,
      "n_rows": 7885.0,
      "n_rows_std": 0.0,
      "n_injected": 788.0,
      "n_injected_std": 0.0,
      "n_predicted": 1612.0,
      "n_predicted_std": 0.0,
      "n_trials": 1
    }
  }
}
