{
  "new_prices": {
    "row_count": 137576,
    "product_count": 68788,
    "train_row_count": 1251116,
    "train_product_count": 68788,
    "current_candidate_id": "if__contamination_auto__max_features_0p75__max_samples_512__n_estimators_200__threshold_0p42",
    "current_threshold": 0.42000000000000004,
    "current_f1": 0.7542796384901649,
    "current_hyperparameters": {
      "n_estimators": 200,
      "max_samples": 512,
      "max_features": 0.75,
      "contamination": "auto"
    },
    "current_metrics": {
      "threshold": 0.42000000000000004,
      "accuracy": 0.9496060359365005,
      "accuracy_std": 0.0,
      "precision": 0.7359939134043436,
      "precision_std": 0.0,
      "recall": 0.7734971287344624,
      "recall_std": 0.0,
      "tnr": 0.9691727440861257,
      "tnr_std": 0.0,
      "fpr": 0.030827255913874283,
      "fpr_std": 0.0,
      "fnr": 0.22650287126553753,
      "fnr_std": 0.0,
      "f1": 0.7542796384901649,
      "f1_std": 0.0,
      "g_mean": 0.8658246559196141,
      "g_mean_std": 0.0,
      "true_positives": 10641.0,
      "true_positives_std": 0.0,
      "false_positives": 3817.0,
      "false_positives_std": 0.0,
      "false_negatives": 3116.0,
      "false_negatives_std": 0.0,
      "true_negatives": 120002.0,
      "true_negatives_std": 0.0,
      "n_rows": 137576.0,
      "n_rows_std": 0.0,
      "n_injected": 13757.0,
      "n_injected_std": 0.0,
      "n_predicted": 14458.0,
      "n_predicted_std": 0.0,
      "n_trials": 1
    },
    "best_candidate_id": "if__contamination_auto__max_features_0p75__max_samples_256__n_estimators_200__threshold_0p3",
    "best_threshold": 0.3,
    "best_f1": 0.6158460036267261,
    "best_hyperparameters": {
      "n_estimators": 200,
      "max_samples": 256,
      "max_features": 0.75,
      "contamination": "auto"
    },
    "best_metrics": {
      "threshold": 0.3,
      "accuracy": 0.8798918416002791,
      "accuracy_std": 0.0,
      "precision": 0.4527121714461496,
      "precision_std": 0.0,
      "recall": 0.9627825834120811,
      "recall_std": 0.0,
      "tnr": 0.87068220547735,
      "tnr_std": 0.0,
      "fpr": 0.12931779452265,
      "fpr_std": 0.0,
      "fnr": 0.037217416587918876,
      "fnr_std": 0.0,
      "f1": 0.6158460036267261,
      "f1_std": 0.0,
      "g_mean": 0.9155750450511478,
      "g_mean_std": 0.0,
      "true_positives": 13245.0,
      "true_positives_std": 0.0,
      "false_positives": 16012.0,
      "false_positives_std": 0.0,
      "false_negatives": 512.0,
      "false_negatives_std": 0.0,
      "true_negatives": 107807.0,
      "true_negatives_std": 0.0,
      "n_rows": 137576.0,
      "n_rows_std": 0.0,
      "n_injected": 13757.0,
      "n_injected_std": 0.0,
      "n_predicted": 29257.0,
      "n_predicted_std": 0.0,
      "n_trials": 1
    }
  },
  "new_products": {
    "row_count": 345819,
    "product_count": 17198,
    "train_row_count": 1251116,
    "train_product_count": 68788,
    "current_candidate_id": "if__contamination_auto__max_features_0p75__max_samples_512__n_estimators_200__threshold_0p42",
    "current_threshold": 0.42000000000000004,
    "current_f1": 0.5667615029922496,
    "current_hyperparameters": {
      "n_estimators": 200,
      "max_samples": 512,
      "max_features": 0.75,
      "contamination": "auto"
    },
    "current_metrics": {
      "threshold": 0.42000000000000004,
      "accuracy": 0.8978425129908999,
      "accuracy_std": 0.0,
      "precision": 0.4920469305623576,
      "precision_std": 0.0,
      "recall": 0.6682282178074666,
      "recall_std": 0.0,
      "tnr": 0.9233544747106716,
      "tnr_std": 0.0,
      "fpr": 0.07664552528932843,
      "fpr_std": 0.0,
      "fnr": 0.33177178219253345,
      "fnr_std": 0.0,
      "f1": 0.5667615029922496,
      "f1_std": 0.0,
      "g_mean": 0.7855008052449478,
      "g_mean_std": 0.0,
      "true_positives": 23108.0,
      "true_positives_std": 0.0,
      "false_positives": 23855.0,
      "false_positives_std": 0.0,
      "false_negatives": 11473.0,
      "false_negatives_std": 0.0,
      "true_negatives": 287383.0,
      "true_negatives_std": 0.0,
      "n_rows": 345819.0,
      "n_rows_std": 0.0,
      "n_injected": 34581.0,
      "n_injected_std": 0.0,
      "n_predicted": 46963.0,
      "n_predicted_std": 0.0,
      "n_trials": 1
    },
    "best_candidate_id": "if__contamination_auto__max_features_0p75__max_samples_256__n_estimators_200__threshold_0p3",
    "best_threshold": 0.3,
    "best_f1": 0.5167010959000035,
    "best_hyperparameters": {
      "n_estimators": 200,
      "max_samples": 256,
      "max_features": 0.75,
      "contamination": "auto"
    },
    "best_metrics": {
      "threshold": 0.3,
      "accuracy": 0.8403384429426954,
      "accuracy_std": 0.0,
      "precision": 0.3704982237676211,
      "precision_std": 0.0,
      "recall": 0.8535033689019982,
      "recall_std": 0.0,
      "tnr": 0.8388757156902434,
      "tnr_std": 0.0,
      "fpr": 0.16112428430975653,
      "fpr_std": 0.0,
      "fnr": 0.1464966310980018,
      "fnr_std": 0.0,
      "f1": 0.5167010959000035,
      "f1_std": 0.0,
      "g_mean": 0.8461579340948695,
      "g_mean_std": 0.0,
      "true_positives": 29515.0,
      "true_positives_std": 0.0,
      "false_positives": 50148.0,
      "false_positives_std": 0.0,
      "false_negatives": 5066.0,
      "false_negatives_std": 0.0,
      "true_negatives": 261090.0,
      "true_negatives_std": 0.0,
      "n_rows": 345819.0,
      "n_rows_std": 0.0,
      "n_injected": 34581.0,
      "n_injected_std": 0.0,
      "n_predicted": 79663.0,
      "n_predicted_std": 0.0,
      "n_trials": 1
    }
  }
}
