{
  "new_prices": {
    "row_count": 54910,
    "product_count": 27455,
    "train_row_count": 803851,
    "train_product_count": 27455,
    "current_candidate_id": "if__contamination_auto__max_features_0p75__max_samples_512__n_estimators_200__threshold_0p42",
    "current_threshold": 0.42000000000000004,
    "current_f1": 0.7827935884854433,
    "current_hyperparameters": {
      "n_estimators": 200,
      "max_samples": 512,
      "max_features": 0.75,
      "contamination": "auto"
    },
    "current_metrics": {
      "threshold": 0.42000000000000004,
      "accuracy": 0.9516299399016572,
      "accuracy_std": 0.0,
      "precision": 0.710405224877542,
      "precision_std": 0.0,
      "recall": 0.8716080859588418,
      "recall_std": 0.0,
      "tnr": 0.9605212570064146,
      "tnr_std": 0.0,
      "fpr": 0.03947874299358546,
      "fpr_std": 0.0,
      "fnr": 0.12839191404115827,
      "fnr_std": 0.0,
      "f1": 0.7827935884854433,
      "f1_std": 0.0,
      "g_mean": 0.9149852973365975,
      "g_mean_std": 0.0,
      "true_positives": 4786.0,
      "true_positives_std": 0.0,
      "false_positives": 1951.0,
      "false_positives_std": 0.0,
      "false_negatives": 705.0,
      "false_negatives_std": 0.0,
      "true_negatives": 47468.0,
      "true_negatives_std": 0.0,
      "n_rows": 54910.0,
      "n_rows_std": 0.0,
      "n_injected": 5491.0,
      "n_injected_std": 0.0,
      "n_predicted": 6737.0,
      "n_predicted_std": 0.0,
      "n_trials": 1
    },
    "best_candidate_id": "if__contamination_auto__max_features_0p75__max_samples_512__n_estimators_100__threshold_0p36",
    "best_threshold": 0.36,
    "best_f1": 0.739722143464701,
    "best_hyperparameters": {
      "n_estimators": 100,
      "max_samples": 512,
      "max_features": 0.75,
      "contamination": "auto"
    },
    "best_metrics": {
      "threshold": 0.36,
      "accuracy": 0.9331269349845202,
      "accuracy_std": 0.0,
      "precision": 0.6055471741905536,
      "precision_std": 0.0,
      "recall": 0.9502822800947004,
      "recall_std": 0.0,
      "tnr": 0.9312207855278334,
      "tnr_std": 0.0,
      "fpr": 0.06877921447216657,
      "fpr_std": 0.0,
      "fnr": 0.04971771990529958,
      "fnr_std": 0.0,
      "f1": 0.739722143464701,
      "f1_std": 0.0,
      "g_mean": 0.9407032536049652,
      "g_mean_std": 0.0,
      "true_positives": 5218.0,
      "true_positives_std": 0.0,
      "false_positives": 3399.0,
      "false_positives_std": 0.0,
      "false_negatives": 273.0,
      "false_negatives_std": 0.0,
      "true_negatives": 46020.0,
      "true_negatives_std": 0.0,
      "n_rows": 54910.0,
      "n_rows_std": 0.0,
      "n_injected": 5491.0,
      "n_injected_std": 0.0,
      "n_predicted": 8617.0,
      "n_predicted_std": 0.0,
      "n_trials": 1
    }
  },
  "new_products": {
    "row_count": 214314,
    "product_count": 6864,
    "train_row_count": 803851,
    "train_product_count": 27455,
    "current_candidate_id": "if__contamination_auto__max_features_0p75__max_samples_512__n_estimators_200__threshold_0p42",
    "current_threshold": 0.42000000000000004,
    "current_f1": 0.6138688760806916,
    "current_hyperparameters": {
      "n_estimators": 200,
      "max_samples": 512,
      "max_features": 0.75,
      "contamination": "auto"
    },
    "current_metrics": {
      "threshold": 0.42000000000000004,
      "accuracy": 0.8999692040650634,
      "accuracy_std": 0.0,
      "precision": 0.499897327583678,
      "precision_std": 0.0,
      "recall": 0.7951565489244552,
      "recall_std": 0.0,
      "tnr": 0.9116148131250551,
      "tnr_std": 0.0,
      "fpr": 0.08838518687494491,
      "fpr_std": 0.0,
      "fnr": 0.20484345107554477,
      "fnr_std": 0.0,
      "f1": 0.6138688760806916,
      "f1_std": 0.0,
      "g_mean": 0.851396786905454,
      "g_mean_std": 0.0,
      "true_positives": 17041.0,
      "true_positives_std": 0.0,
      "false_positives": 17048.0,
      "false_positives_std": 0.0,
      "false_negatives": 4390.0,
      "false_negatives_std": 0.0,
      "true_negatives": 175835.0,
      "true_negatives_std": 0.0,
      "n_rows": 214314.0,
      "n_rows_std": 0.0,
      "n_injected": 21431.0,
      "n_injected_std": 0.0,
      "n_predicted": 34089.0,
      "n_predicted_std": 0.0,
      "n_trials": 1
    },
    "best_candidate_id": "if__contamination_auto__max_features_0p75__max_samples_512__n_estimators_100__threshold_0p36",
    "best_threshold": 0.36,
    "best_f1": 0.5896862399193548,
    "best_hyperparameters": {
      "n_estimators": 100,
      "max_samples": 512,
      "max_features": 0.75,
      "contamination": "auto"
    },
    "best_metrics": {
      "threshold": 0.36,
      "accuracy": 0.8784493780154353,
      "accuracy_std": 0.0,
      "precision": 0.4450864303207552,
      "precision_std": 0.0,
      "recall": 0.873454341841258,
      "recall_std": 0.0,
      "tnr": 0.879004370525137,
      "tnr_std": 0.0,
      "fpr": 0.120995629474863,
      "fpr_std": 0.0,
      "fnr": 0.126545658158742,
      "fnr_std": 0.0,
      "f1": 0.5896862399193548,
      "f1_std": 0.0,
      "g_mean": 0.8762249619433486,
      "g_mean_std": 0.0,
      "true_positives": 18719.0,
      "true_positives_std": 0.0,
      "false_positives": 23338.0,
      "false_positives_std": 0.0,
      "false_negatives": 2712.0,
      "false_negatives_std": 0.0,
      "true_negatives": 169545.0,
      "true_negatives_std": 0.0,
      "n_rows": 214314.0,
      "n_rows_std": 0.0,
      "n_injected": 21431.0,
      "n_injected_std": 0.0,
      "n_predicted": 42057.0,
      "n_predicted_std": 0.0,
      "n_trials": 1
    }
  }
}
