{
  "new_prices": {
    "row_count": 104688,
    "product_count": 52344,
    "train_row_count": 974118,
    "train_product_count": 52344,
    "current_candidate_id": "eif__max_features_0p5__max_samples_256__n_estimators_100__threshold_0p2",
    "current_threshold": 0.2,
    "current_f1": 0.30577240241891146,
    "current_hyperparameters": {
      "n_estimators": 100,
      "max_samples": 256,
      "max_features": 0.5
    },
    "current_metrics": {
      "threshold": 0.2,
      "accuracy": 0.7587498089561363,
      "accuracy_std": 0.0,
      "precision": 0.2146495832046928,
      "precision_std": 0.0,
      "recall": 0.5313335880779518,
      "recall_std": 0.0,
      "tnr": 0.7840161324559541,
      "tnr_std": 0.0,
      "fpr": 0.21598386754404586,
      "fpr_std": 0.0,
      "fnr": 0.46866641192204817,
      "fnr_std": 0.0,
      "f1": 0.30577240241891146,
      "f1_std": 0.0,
      "g_mean": 0.645425522247781,
      "g_mean_std": 0.0,
      "true_positives": 5562.0,
      "true_positives_std": 0.0,
      "false_positives": 20350.0,
      "false_positives_std": 0.0,
      "false_negatives": 4906.0,
      "false_negatives_std": 0.0,
      "true_negatives": 73870.0,
      "true_negatives_std": 0.0,
      "n_rows": 104688.0,
      "n_rows_std": 0.0,
      "n_injected": 10468.0,
      "n_injected_std": 0.0,
      "n_predicted": 25912.0,
      "n_predicted_std": 0.0,
      "n_trials": 1
    },
    "best_candidate_id": "eif__max_features_0p5__max_samples_256__n_estimators_100__threshold_0p2",
    "best_threshold": 0.2,
    "best_f1": 0.30577240241891146,
    "best_hyperparameters": {
      "n_estimators": 100,
      "max_samples": 256,
      "max_features": 0.5
    },
    "best_metrics": {
      "threshold": 0.2,
      "accuracy": 0.7587498089561363,
      "accuracy_std": 0.0,
      "precision": 0.2146495832046928,
      "precision_std": 0.0,
      "recall": 0.5313335880779518,
      "recall_std": 0.0,
      "tnr": 0.7840161324559541,
      "tnr_std": 0.0,
      "fpr": 0.21598386754404586,
      "fpr_std": 0.0,
      "fnr": 0.46866641192204817,
      "fnr_std": 0.0,
      "f1": 0.30577240241891146,
      "f1_std": 0.0,
      "g_mean": 0.645425522247781,
      "g_mean_std": 0.0,
      "true_positives": 5562.0,
      "true_positives_std": 0.0,
      "false_positives": 20350.0,
      "false_positives_std": 0.0,
      "false_negatives": 4906.0,
      "false_negatives_std": 0.0,
      "true_negatives": 73870.0,
      "true_negatives_std": 0.0,
      "n_rows": 104688.0,
      "n_rows_std": 0.0,
      "n_injected": 10468.0,
      "n_injected_std": 0.0,
      "n_predicted": 25912.0,
      "n_predicted_std": 0.0,
      "n_trials": 1
    }
  },
  "new_products": {
    "row_count": 268950,
    "product_count": 13087,
    "train_row_count": 974118,
    "train_product_count": 52344,
    "current_candidate_id": "eif__max_features_0p5__max_samples_256__n_estimators_100__threshold_0p2",
    "current_threshold": 0.2,
    "current_f1": 0.17634810626785824,
    "current_hyperparameters": {
      "n_estimators": 100,
      "max_samples": 256,
      "max_features": 0.5
    },
    "current_metrics": {
      "threshold": 0.2,
      "accuracy": 0.5970031604387432,
      "accuracy_std": 0.0,
      "precision": 0.11082456994947325,
      "precision_std": 0.0,
      "recall": 0.43141847927124,
      "recall_std": 0.0,
      "tnr": 0.6154014583462436,
      "tnr_std": 0.0,
      "fpr": 0.3845985416537564,
      "fpr_std": 0.0,
      "fnr": 0.56858152072876,
      "fnr_std": 0.0,
      "f1": 0.17634810626785824,
      "f1_std": 0.0,
      "g_mean": 0.5152626139174467,
      "g_mean_std": 0.0,
      "true_positives": 11603.0,
      "true_positives_std": 0.0,
      "false_positives": 93094.0,
      "false_positives_std": 0.0,
      "false_negatives": 15292.0,
      "false_negatives_std": 0.0,
      "true_negatives": 148961.0,
      "true_negatives_std": 0.0,
      "n_rows": 268950.0,
      "n_rows_std": 0.0,
      "n_injected": 26895.0,
      "n_injected_std": 0.0,
      "n_predicted": 104697.0,
      "n_predicted_std": 0.0,
      "n_trials": 1
    },
    "best_candidate_id": "eif__max_features_0p5__max_samples_256__n_estimators_100__threshold_0p2",
    "best_threshold": 0.2,
    "best_f1": 0.17634810626785824,
    "best_hyperparameters": {
      "n_estimators": 100,
      "max_samples": 256,
      "max_features": 0.5
    },
    "best_metrics": {
      "threshold": 0.2,
      "accuracy": 0.5970031604387432,
      "accuracy_std": 0.0,
      "precision": 0.11082456994947325,
      "precision_std": 0.0,
      "recall": 0.43141847927124,
      "recall_std": 0.0,
      "tnr": 0.6154014583462436,
      "tnr_std": 0.0,
      "fpr": 0.3845985416537564,
      "fpr_std": 0.0,
      "fnr": 0.56858152072876,
      "fnr_std": 0.0,
      "f1": 0.17634810626785824,
      "f1_std": 0.0,
      "g_mean": 0.5152626139174467,
      "g_mean_std": 0.0,
      "true_positives": 11603.0,
      "true_positives_std": 0.0,
      "false_positives": 93094.0,
      "false_positives_std": 0.0,
      "false_negatives": 15292.0,
      "false_negatives_std": 0.0,
      "true_negatives": 148961.0,
      "true_negatives_std": 0.0,
      "n_rows": 268950.0,
      "n_rows_std": 0.0,
      "n_injected": 26895.0,
      "n_injected_std": 0.0,
      "n_predicted": 104697.0,
      "n_predicted_std": 0.0,
      "n_trials": 1
    }
  }
}
