{
  "new_prices": {
    "row_count": 28266,
    "product_count": 14133,
    "train_row_count": 453425,
    "train_product_count": 14133,
    "current_candidate_id": "if__contamination_auto__max_features_0p75__max_samples_512__n_estimators_200__threshold_0p42",
    "current_threshold": 0.42000000000000004,
    "current_f1": 0.789937106918239,
    "current_hyperparameters": {
      "n_estimators": 200,
      "max_samples": 512,
      "max_features": 0.75,
      "contamination": "auto"
    },
    "current_metrics": {
      "threshold": 0.42000000000000004,
      "accuracy": 0.9527347343097714,
      "accuracy_std": 0.0,
      "precision": 0.7108092812676854,
      "precision_std": 0.0,
      "recall": 0.8888888888888888,
      "recall_std": 0.0,
      "tnr": 0.9598270440251573,
      "tnr_std": 0.0,
      "fpr": 0.040172955974842765,
      "fpr_std": 0.0,
      "fnr": 0.1111111111111111,
      "fnr_std": 0.0,
      "f1": 0.789937106918239,
      "f1_std": 0.0,
      "g_mean": 0.9236772134728823,
      "g_mean_std": 0.0,
      "true_positives": 2512.0,
      "true_positives_std": 0.0,
      "false_positives": 1022.0,
      "false_positives_std": 0.0,
      "false_negatives": 314.0,
      "false_negatives_std": 0.0,
      "true_negatives": 24418.0,
      "true_negatives_std": 0.0,
      "n_rows": 28266.0,
      "n_rows_std": 0.0,
      "n_injected": 2826.0,
      "n_injected_std": 0.0,
      "n_predicted": 3534.0,
      "n_predicted_std": 0.0,
      "n_trials": 1
    },
    "best_candidate_id": "if__contamination_auto__max_features_0p75__max_samples_256__n_estimators_200__threshold_0p36",
    "best_threshold": 0.36,
    "best_f1": 0.7098121085594989,
    "best_hyperparameters": {
      "n_estimators": 200,
      "max_samples": 256,
      "max_features": 0.75,
      "contamination": "auto"
    },
    "best_metrics": {
      "threshold": 0.36,
      "accuracy": 0.9213188990306375,
      "accuracy_std": 0.0,
      "precision": 0.5622157916494419,
      "precision_std": 0.0,
      "recall": 0.9624911535739561,
      "recall_std": 0.0,
      "tnr": 0.9167452830188679,
      "tnr_std": 0.0,
      "fpr": 0.08325471698113207,
      "fpr_std": 0.0,
      "fnr": 0.03750884642604388,
      "fnr_std": 0.0,
      "f1": 0.7098121085594989,
      "f1_std": 0.0,
      "g_mean": 0.9393397814349784,
      "g_mean_std": 0.0,
      "true_positives": 2720.0,
      "true_positives_std": 0.0,
      "false_positives": 2118.0,
      "false_positives_std": 0.0,
      "false_negatives": 106.0,
      "false_negatives_std": 0.0,
      "true_negatives": 23322.0,
      "true_negatives_std": 0.0,
      "n_rows": 28266.0,
      "n_rows_std": 0.0,
      "n_injected": 2826.0,
      "n_injected_std": 0.0,
      "n_predicted": 4838.0,
      "n_predicted_std": 0.0,
      "n_trials": 1
    }
  },
  "new_products": {
    "row_count": 120268,
    "product_count": 3534,
    "train_row_count": 453425,
    "train_product_count": 14133,
    "current_candidate_id": "if__contamination_auto__max_features_0p75__max_samples_512__n_estimators_200__threshold_0p42",
    "current_threshold": 0.42000000000000004,
    "current_f1": 0.5969207707441991,
    "current_hyperparameters": {
      "n_estimators": 200,
      "max_samples": 512,
      "max_features": 0.75,
      "contamination": "auto"
    },
    "current_metrics": {
      "threshold": 0.42000000000000004,
      "accuracy": 0.8926813449961752,
      "accuracy_std": 0.0,
      "precision": 0.4779694923730933,
      "precision_std": 0.0,
      "recall": 0.794694827872942,
      "recall_std": 0.0,
      "tnr": 0.9035679311173113,
      "tnr_std": 0.0,
      "fpr": 0.09643206888268879,
      "fpr_std": 0.0,
      "fnr": 0.20530517212705804,
      "fnr_std": 0.0,
      "f1": 0.5969207707441991,
      "f1_std": 0.0,
      "g_mean": 0.8473846596975791,
      "g_mean_std": 0.0,
      "true_positives": 9557.0,
      "true_positives_std": 0.0,
      "false_positives": 10438.0,
      "false_positives_std": 0.0,
      "false_negatives": 2469.0,
      "false_negatives_std": 0.0,
      "true_negatives": 97804.0,
      "true_negatives_std": 0.0,
      "n_rows": 120268.0,
      "n_rows_std": 0.0,
      "n_injected": 12026.0,
      "n_injected_std": 0.0,
      "n_predicted": 19995.0,
      "n_predicted_std": 0.0,
      "n_trials": 1
    },
    "best_candidate_id": "if__contamination_auto__max_features_0p75__max_samples_256__n_estimators_200__threshold_0p36",
    "best_threshold": 0.36,
    "best_f1": 0.5612029593226676,
    "best_hyperparameters": {
      "n_estimators": 200,
      "max_samples": 256,
      "max_features": 0.75,
      "contamination": "auto"
    },
    "best_metrics": {
      "threshold": 0.36,
      "accuracy": 0.8633967472644427,
      "accuracy_std": 0.0,
      "precision": 0.4133779264214047,
      "precision_std": 0.0,
      "recall": 0.873607184433727,
      "recall_std": 0.0,
      "tnr": 0.8622623380942702,
      "tnr_std": 0.0,
      "fpr": 0.13773766190572975,
      "fpr_std": 0.0,
      "fnr": 0.12639281556627308,
      "fnr_std": 0.0,
      "f1": 0.5612029593226676,
      "f1_std": 0.0,
      "g_mean": 0.8679162248891178,
      "g_mean_std": 0.0,
      "true_positives": 10506.0,
      "true_positives_std": 0.0,
      "false_positives": 14909.0,
      "false_positives_std": 0.0,
      "false_negatives": 1520.0,
      "false_negatives_std": 0.0,
      "true_negatives": 93333.0,
      "true_negatives_std": 0.0,
      "n_rows": 120268.0,
      "n_rows_std": 0.0,
      "n_injected": 12026.0,
      "n_injected_std": 0.0,
      "n_predicted": 25415.0,
      "n_predicted_std": 0.0,
      "n_trials": 1
    }
  }
}
