{
  "new_prices": {
    "row_count": 64470,
    "product_count": 32235,
    "train_row_count": 1029321,
    "train_product_count": 32235,
    "current_candidate_id": "if__contamination_auto__max_features_0p75__max_samples_512__n_estimators_200__threshold_0p42",
    "current_threshold": 0.42000000000000004,
    "current_f1": 0.7637812077672665,
    "current_hyperparameters": {
      "n_estimators": 200,
      "max_samples": 512,
      "max_features": 0.75,
      "contamination": "auto"
    },
    "current_metrics": {
      "threshold": 0.42000000000000004,
      "accuracy": 0.9484876686831084,
      "accuracy_std": 0.0,
      "precision": 0.705333683657383,
      "precision_std": 0.0,
      "recall": 0.8327904451682954,
      "recall_std": 0.0,
      "tnr": 0.9613429157403098,
      "tnr_std": 0.0,
      "fpr": 0.038657084259690125,
      "fpr_std": 0.0,
      "fnr": 0.16720955483170466,
      "fnr_std": 0.0,
      "f1": 0.7637812077672665,
      "f1_std": 0.0,
      "g_mean": 0.8947609707395376,
      "g_mean_std": 0.0,
      "true_positives": 5369.0,
      "true_positives_std": 0.0,
      "false_positives": 2243.0,
      "false_positives_std": 0.0,
      "false_negatives": 1078.0,
      "false_negatives_std": 0.0,
      "true_negatives": 55780.0,
      "true_negatives_std": 0.0,
      "n_rows": 64470.0,
      "n_rows_std": 0.0,
      "n_injected": 6447.0,
      "n_injected_std": 0.0,
      "n_predicted": 7612.0,
      "n_predicted_std": 0.0,
      "n_trials": 1
    },
    "best_candidate_id": "if__contamination_auto__max_features_0p75__max_samples_512__n_estimators_100__threshold_0p3",
    "best_threshold": 0.3,
    "best_f1": 0.6595416600202052,
    "best_hyperparameters": {
      "n_estimators": 100,
      "max_samples": 512,
      "max_features": 0.75,
      "contamination": "auto"
    },
    "best_metrics": {
      "threshold": 0.3,
      "accuracy": 0.9006824879789049,
      "accuracy_std": 0.0,
      "precision": 0.5017799352750809,
      "precision_std": 0.0,
      "recall": 0.9619978284473398,
      "recall_std": 0.0,
      "tnr": 0.893869672371301,
      "tnr_std": 0.0,
      "fpr": 0.10613032762869896,
      "fpr_std": 0.0,
      "fnr": 0.038002171552660155,
      "fnr_std": 0.0,
      "f1": 0.6595416600202052,
      "f1_std": 0.0,
      "g_mean": 0.9273083002627156,
      "g_mean_std": 0.0,
      "true_positives": 6202.0,
      "true_positives_std": 0.0,
      "false_positives": 6158.0,
      "false_positives_std": 0.0,
      "false_negatives": 245.0,
      "false_negatives_std": 0.0,
      "true_negatives": 51865.0,
      "true_negatives_std": 0.0,
      "n_rows": 64470.0,
      "n_rows_std": 0.0,
      "n_injected": 6447.0,
      "n_injected_std": 0.0,
      "n_predicted": 12360.0,
      "n_predicted_std": 0.0,
      "n_trials": 1
    }
  },
  "new_products": {
    "row_count": 273928,
    "product_count": 8059,
    "train_row_count": 1029321,
    "train_product_count": 32235,
    "current_candidate_id": "if__contamination_auto__max_features_0p75__max_samples_512__n_estimators_200__threshold_0p42",
    "current_threshold": 0.42000000000000004,
    "current_f1": 0.5902675014228799,
    "current_hyperparameters": {
      "n_estimators": 200,
      "max_samples": 512,
      "max_features": 0.75,
      "contamination": "auto"
    },
    "current_metrics": {
      "threshold": 0.42000000000000004,
      "accuracy": 0.8948774860547297,
      "accuracy_std": 0.0,
      "precision": 0.4836317851147174,
      "precision_std": 0.0,
      "recall": 0.7572283878504673,
      "recall_std": 0.0,
      "tnr": 0.9101713340039589,
      "tnr_std": 0.0,
      "fpr": 0.08982866599604114,
      "fpr_std": 0.0,
      "fnr": 0.24277161214953272,
      "fnr_std": 0.0,
      "f1": 0.5902675014228799,
      "f1_std": 0.0,
      "g_mean": 0.8301852636101937,
      "g_mean_std": 0.0,
      "true_positives": 20742.0,
      "true_positives_std": 0.0,
      "false_positives": 22146.0,
      "false_positives_std": 0.0,
      "false_negatives": 6650.0,
      "false_negatives_std": 0.0,
      "true_negatives": 224390.0,
      "true_negatives_std": 0.0,
      "n_rows": 273928.0,
      "n_rows_std": 0.0,
      "n_injected": 27392.0,
      "n_injected_std": 0.0,
      "n_predicted": 42888.0,
      "n_predicted_std": 0.0,
      "n_trials": 1
    },
    "best_candidate_id": "if__contamination_auto__max_features_0p75__max_samples_512__n_estimators_100__threshold_0p3",
    "best_threshold": 0.3,
    "best_f1": 0.5573380867498514,
    "best_hyperparameters": {
      "n_estimators": 100,
      "max_samples": 512,
      "max_features": 0.75,
      "contamination": "auto"
    },
    "best_metrics": {
      "threshold": 0.3,
      "accuracy": 0.855856283402938,
      "accuracy_std": 0.0,
      "precision": 0.4021712750982898,
      "precision_std": 0.0,
      "recall": 0.9074547313084113,
      "recall_std": 0.0,
      "tnr": 0.8501233085634552,
      "tnr_std": 0.0,
      "fpr": 0.14987669143654475,
      "fpr_std": 0.0,
      "fnr": 0.09254526869158879,
      "fnr_std": 0.0,
      "f1": 0.5573380867498514,
      "f1_std": 0.0,
      "g_mean": 0.8783213640527412,
      "g_mean_std": 0.0,
      "true_positives": 24857.0,
      "true_positives_std": 0.0,
      "false_positives": 36950.0,
      "false_positives_std": 0.0,
      "false_negatives": 2535.0,
      "false_negatives_std": 0.0,
      "true_negatives": 209586.0,
      "true_negatives_std": 0.0,
      "n_rows": 273928.0,
      "n_rows_std": 0.0,
      "n_injected": 27392.0,
      "n_injected_std": 0.0,
      "n_predicted": 61807.0,
      "n_predicted_std": 0.0,
      "n_trials": 1
    }
  }
}
