{
  "new_prices": {
    "row_count": 443352,
    "product_count": 221676,
    "train_row_count": 3318176,
    "train_product_count": 221676,
    "current_candidate_id": "if__contamination_auto__max_features_0p75__max_samples_512__n_estimators_200__threshold_0p42",
    "current_threshold": 0.42000000000000004,
    "current_f1": 0.6589543519986648,
    "current_hyperparameters": {
      "n_estimators": 200,
      "max_samples": 512,
      "max_features": 0.75,
      "contamination": "auto"
    },
    "current_metrics": {
      "threshold": 0.42000000000000004,
      "accuracy": 0.9262572402966491,
      "accuracy_std": 0.0,
      "precision": 0.6129558112907295,
      "precision_std": 0.0,
      "recall": 0.7124168264350964,
      "recall_std": 0.0,
      "tnr": 0.9500171671883654,
      "tnr_std": 0.0,
      "fpr": 0.04998283281163459,
      "fpr_std": 0.0,
      "fnr": 0.2875831735649036,
      "fnr_std": 0.0,
      "f1": 0.6589543519986648,
      "f1_std": 0.0,
      "g_mean": 0.8226835450567829,
      "g_mean_std": 0.0,
      "true_positives": 31585.0,
      "true_positives_std": 0.0,
      "false_positives": 19944.0,
      "false_positives_std": 0.0,
      "false_negatives": 12750.0,
      "false_negatives_std": 0.0,
      "true_negatives": 379073.0,
      "true_negatives_std": 0.0,
      "n_rows": 443352.0,
      "n_rows_std": 0.0,
      "n_injected": 44335.0,
      "n_injected_std": 0.0,
      "n_predicted": 51529.0,
      "n_predicted_std": 0.0,
      "n_trials": 1
    },
    "best_candidate_id": "if__contamination_auto__max_features_0p5__max_samples_512__n_estimators_100__threshold_0p3",
    "best_threshold": 0.3,
    "best_f1": 0.5915818508217057,
    "best_hyperparameters": {
      "n_estimators": 100,
      "max_samples": 512,
      "max_features": 0.5,
      "contamination": "auto"
    },
    "best_metrics": {
      "threshold": 0.3,
      "accuracy": 0.8804358613471914,
      "accuracy_std": 0.0,
      "precision": 0.4492487361917244,
      "precision_std": 0.0,
      "recall": 0.8659298522611932,
      "recall_std": 0.0,
      "tnr": 0.8820476320557771,
      "tnr_std": 0.0,
      "fpr": 0.11795236794422292,
      "fpr_std": 0.0,
      "fnr": 0.13407014773880682,
      "fnr_std": 0.0,
      "f1": 0.5915818508217057,
      "f1_std": 0.0,
      "g_mean": 0.8739515865958448,
      "g_mean_std": 0.0,
      "true_positives": 38391.0,
      "true_positives_std": 0.0,
      "false_positives": 47065.0,
      "false_positives_std": 0.0,
      "false_negatives": 5944.0,
      "false_negatives_std": 0.0,
      "true_negatives": 351952.0,
      "true_negatives_std": 0.0,
      "n_rows": 443352.0,
      "n_rows_std": 0.0,
      "n_injected": 44335.0,
      "n_injected_std": 0.0,
      "n_predicted": 85456.0,
      "n_predicted_std": 0.0,
      "n_trials": 1
    }
  },
  "new_products": {
    "row_count": 941418,
    "product_count": 55419,
    "train_row_count": 3318176,
    "train_product_count": 221676,
    "current_candidate_id": "if__contamination_auto__max_features_0p75__max_samples_512__n_estimators_200__threshold_0p42",
    "current_threshold": 0.42000000000000004,
    "current_f1": 0.39569672395481725,
    "current_hyperparameters": {
      "n_estimators": 200,
      "max_samples": 512,
      "max_features": 0.75,
      "contamination": "auto"
    },
    "current_metrics": {
      "threshold": 0.42000000000000004,
      "accuracy": 0.8507134981485376,
      "accuracy_std": 0.0,
      "precision": 0.332401427477497,
      "precision_std": 0.0,
      "recall": 0.4887668497254119,
      "recall_std": 0.0,
      "tnr": 0.8909294126950218,
      "tnr_std": 0.0,
      "fpr": 0.10907058730497818,
      "fpr_std": 0.0,
      "fnr": 0.5112331502745882,
      "fnr_std": 0.0,
      "f1": 0.39569672395481725,
      "f1_std": 0.0,
      "g_mean": 0.6598914777224034,
      "g_mean_std": 0.0,
      "true_positives": 46013.0,
      "true_positives_std": 0.0,
      "false_positives": 92413.0,
      "false_positives_std": 0.0,
      "false_negatives": 48128.0,
      "false_negatives_std": 0.0,
      "true_negatives": 754864.0,
      "true_negatives_std": 0.0,
      "n_rows": 941418.0,
      "n_rows_std": 0.0,
      "n_injected": 94141.0,
      "n_injected_std": 0.0,
      "n_predicted": 138426.0,
      "n_predicted_std": 0.0,
      "n_trials": 1
    },
    "best_candidate_id": "if__contamination_auto__max_features_0p5__max_samples_512__n_estimators_100__threshold_0p3",
    "best_threshold": 0.3,
    "best_f1": 0.36363003185131415,
    "best_hyperparameters": {
      "n_estimators": 100,
      "max_samples": 512,
      "max_features": 0.5,
      "contamination": "auto"
    },
    "best_metrics": {
      "threshold": 0.3,
      "accuracy": 0.7476625685933347,
      "accuracy_std": 0.0,
      "precision": 0.24312928971614436,
      "precision_std": 0.0,
      "recall": 0.7209504891598773,
      "recall_std": 0.0,
      "tnr": 0.7506305493952982,
      "tnr_std": 0.0,
      "fpr": 0.2493694506047019,
      "fpr_std": 0.0,
      "fnr": 0.2790495108401228,
      "fnr_std": 0.0,
      "f1": 0.36363003185131415,
      "f1_std": 0.0,
      "g_mean": 0.7356408510712871,
      "g_mean_std": 0.0,
      "true_positives": 67871.0,
      "true_positives_std": 0.0,
      "false_positives": 211285.0,
      "false_positives_std": 0.0,
      "false_negatives": 26270.0,
      "false_negatives_std": 0.0,
      "true_negatives": 635992.0,
      "true_negatives_std": 0.0,
      "n_rows": 941418.0,
      "n_rows_std": 0.0,
      "n_injected": 94141.0,
      "n_injected_std": 0.0,
      "n_predicted": 279156.0,
      "n_predicted_std": 0.0,
      "n_trials": 1
    }
  }
}
