{
  "new_prices": {
    "row_count": 122136,
    "product_count": 61068,
    "train_row_count": 1083500,
    "train_product_count": 61068,
    "current_candidate_id": "eif__max_features_0p5__max_samples_256__n_estimators_100__threshold_0p2",
    "current_threshold": 0.2,
    "current_f1": 0.3096857790735342,
    "current_hyperparameters": {
      "n_estimators": 100,
      "max_samples": 256,
      "max_features": 0.5
    },
    "current_metrics": {
      "threshold": 0.2,
      "accuracy": 0.7906268422086854,
      "accuracy_std": 0.0,
      "precision": 0.23100157061737345,
      "precision_std": 0.0,
      "recall": 0.46966347334807174,
      "recall_std": 0.0,
      "tnr": 0.8262874921535984,
      "tnr_std": 0.0,
      "fpr": 0.17371250784640158,
      "fpr_std": 0.0,
      "fnr": 0.5303365266519283,
      "fnr_std": 0.0,
      "f1": 0.3096857790735342,
      "f1_std": 0.0,
      "g_mean": 0.622958308034275,
      "g_mean_std": 0.0,
      "true_positives": 5736.0,
      "true_positives_std": 0.0,
      "false_positives": 19095.0,
      "false_positives_std": 0.0,
      "false_negatives": 6477.0,
      "false_negatives_std": 0.0,
      "true_negatives": 90828.0,
      "true_negatives_std": 0.0,
      "n_rows": 122136.0,
      "n_rows_std": 0.0,
      "n_injected": 12213.0,
      "n_injected_std": 0.0,
      "n_predicted": 24831.0,
      "n_predicted_std": 0.0,
      "n_trials": 1
    },
    "best_candidate_id": "eif__max_features_0p5__max_samples_256__n_estimators_100__threshold_0p2",
    "best_threshold": 0.2,
    "best_f1": 0.3096857790735342,
    "best_hyperparameters": {
      "n_estimators": 100,
      "max_samples": 256,
      "max_features": 0.5
    },
    "best_metrics": {
      "threshold": 0.2,
      "accuracy": 0.7906268422086854,
      "accuracy_std": 0.0,
      "precision": 0.23100157061737345,
      "precision_std": 0.0,
      "recall": 0.46966347334807174,
      "recall_std": 0.0,
      "tnr": 0.8262874921535984,
      "tnr_std": 0.0,
      "fpr": 0.17371250784640158,
      "fpr_std": 0.0,
      "fnr": 0.5303365266519283,
      "fnr_std": 0.0,
      "f1": 0.3096857790735342,
      "f1_std": 0.0,
      "g_mean": 0.622958308034275,
      "g_mean_std": 0.0,
      "true_positives": 5736.0,
      "true_positives_std": 0.0,
      "false_positives": 19095.0,
      "false_positives_std": 0.0,
      "false_negatives": 6477.0,
      "false_negatives_std": 0.0,
      "true_negatives": 90828.0,
      "true_negatives_std": 0.0,
      "n_rows": 122136.0,
      "n_rows_std": 0.0,
      "n_injected": 12213.0,
      "n_injected_std": 0.0,
      "n_predicted": 24831.0,
      "n_predicted_std": 0.0,
      "n_trials": 1
    }
  },
  "new_products": {
    "row_count": 303503,
    "product_count": 15268,
    "train_row_count": 1083500,
    "train_product_count": 61068,
    "current_candidate_id": "eif__max_features_0p5__max_samples_256__n_estimators_100__threshold_0p2",
    "current_threshold": 0.2,
    "current_f1": 0.19068451644818202,
    "current_hyperparameters": {
      "n_estimators": 100,
      "max_samples": 256,
      "max_features": 0.5
    },
    "current_metrics": {
      "threshold": 0.2,
      "accuracy": 0.6550083524709805,
      "accuracy_std": 0.0,
      "precision": 0.12456324601619777,
      "precision_std": 0.0,
      "recall": 0.40642504118616146,
      "recall_std": 0.0,
      "tnr": 0.682628417040999,
      "tnr_std": 0.0,
      "fpr": 0.317371582959001,
      "fpr_std": 0.0,
      "fnr": 0.5935749588138386,
      "fnr_std": 0.0,
      "f1": 0.19068451644818202,
      "f1_std": 0.0,
      "g_mean": 0.5267231554723336,
      "g_mean_std": 0.0,
      "true_positives": 12335.0,
      "true_positives_std": 0.0,
      "false_positives": 86691.0,
      "false_positives_std": 0.0,
      "false_negatives": 18015.0,
      "false_negatives_std": 0.0,
      "true_negatives": 186462.0,
      "true_negatives_std": 0.0,
      "n_rows": 303503.0,
      "n_rows_std": 0.0,
      "n_injected": 30350.0,
      "n_injected_std": 0.0,
      "n_predicted": 99026.0,
      "n_predicted_std": 0.0,
      "n_trials": 1
    },
    "best_candidate_id": "eif__max_features_0p5__max_samples_256__n_estimators_100__threshold_0p2",
    "best_threshold": 0.2,
    "best_f1": 0.19068451644818202,
    "best_hyperparameters": {
      "n_estimators": 100,
      "max_samples": 256,
      "max_features": 0.5
    },
    "best_metrics": {
      "threshold": 0.2,
      "accuracy": 0.6550083524709805,
      "accuracy_std": 0.0,
      "precision": 0.12456324601619777,
      "precision_std": 0.0,
      "recall": 0.40642504118616146,
      "recall_std": 0.0,
      "tnr": 0.682628417040999,
      "tnr_std": 0.0,
      "fpr": 0.317371582959001,
      "fpr_std": 0.0,
      "fnr": 0.5935749588138386,
      "fnr_std": 0.0,
      "f1": 0.19068451644818202,
      "f1_std": 0.0,
      "g_mean": 0.5267231554723336,
      "g_mean_std": 0.0,
      "true_positives": 12335.0,
      "true_positives_std": 0.0,
      "false_positives": 86691.0,
      "false_positives_std": 0.0,
      "false_negatives": 18015.0,
      "false_negatives_std": 0.0,
      "true_negatives": 186462.0,
      "true_negatives_std": 0.0,
      "n_rows": 303503.0,
      "n_rows_std": 0.0,
      "n_injected": 30350.0,
      "n_injected_std": 0.0,
      "n_predicted": 99026.0,
      "n_predicted_std": 0.0,
      "n_trials": 1
    }
  }
}
