{
  "new_prices": {
    "row_count": 18456,
    "product_count": 9228,
    "train_row_count": 282269,
    "train_product_count": 9228,
    "current_candidate_id": "if__contamination_auto__max_features_0p75__max_samples_512__n_estimators_200__threshold_0p42",
    "current_threshold": 0.42000000000000004,
    "current_f1": 0.7828571428571429,
    "current_hyperparameters": {
      "n_estimators": 200,
      "max_samples": 512,
      "max_features": 0.75,
      "contamination": "auto"
    },
    "current_metrics": {
      "threshold": 0.42000000000000004,
      "accuracy": 0.946467273515388,
      "accuracy_std": 0.0,
      "precision": 0.6584103512014787,
      "precision_std": 0.0,
      "recall": 0.9653116531165311,
      "recall_std": 0.0,
      "tnr": 0.9443742098609356,
      "tnr_std": 0.0,
      "fpr": 0.05562579013906448,
      "fpr_std": 0.0,
      "fnr": 0.034688346883468835,
      "fnr_std": 0.0,
      "f1": 0.7828571428571429,
      "f1_std": 0.0,
      "g_mean": 0.954785541198377,
      "g_mean_std": 0.0,
      "true_positives": 1781.0,
      "true_positives_std": 0.0,
      "false_positives": 924.0,
      "false_positives_std": 0.0,
      "false_negatives": 64.0,
      "false_negatives_std": 0.0,
      "true_negatives": 15687.0,
      "true_negatives_std": 0.0,
      "n_rows": 18456.0,
      "n_rows_std": 0.0,
      "n_injected": 1845.0,
      "n_injected_std": 0.0,
      "n_predicted": 2705.0,
      "n_predicted_std": 0.0,
      "n_trials": 1
    },
    "best_candidate_id": "if__contamination_auto__max_features_0p75__max_samples_512__n_estimators_200__threshold_0p42",
    "best_threshold": 0.42000000000000004,
    "best_f1": 0.7828571428571429,
    "best_hyperparameters": {
      "n_estimators": 200,
      "max_samples": 512,
      "max_features": 0.75,
      "contamination": "auto"
    },
    "best_metrics": {
      "threshold": 0.42000000000000004,
      "accuracy": 0.946467273515388,
      "accuracy_std": 0.0,
      "precision": 0.6584103512014787,
      "precision_std": 0.0,
      "recall": 0.9653116531165311,
      "recall_std": 0.0,
      "tnr": 0.9443742098609356,
      "tnr_std": 0.0,
      "fpr": 0.05562579013906448,
      "fpr_std": 0.0,
      "fnr": 0.034688346883468835,
      "fnr_std": 0.0,
      "f1": 0.7828571428571429,
      "f1_std": 0.0,
      "g_mean": 0.954785541198377,
      "g_mean_std": 0.0,
      "true_positives": 1781.0,
      "true_positives_std": 0.0,
      "false_positives": 924.0,
      "false_positives_std": 0.0,
      "false_negatives": 64.0,
      "false_negatives_std": 0.0,
      "true_negatives": 15687.0,
      "true_negatives_std": 0.0,
      "n_rows": 18456.0,
      "n_rows_std": 0.0,
      "n_injected": 1845.0,
      "n_injected_std": 0.0,
      "n_predicted": 2705.0,
      "n_predicted_std": 0.0,
      "n_trials": 1
    }
  },
  "new_products": {
    "row_count": 75178,
    "product_count": 2308,
    "train_row_count": 282269,
    "train_product_count": 9228,
    "current_candidate_id": "if__contamination_auto__max_features_0p75__max_samples_512__n_estimators_200__threshold_0p42",
    "current_threshold": 0.42000000000000004,
    "current_f1": 0.636700158646219,
    "current_hyperparameters": {
      "n_estimators": 200,
      "max_samples": 512,
      "max_features": 0.75,
      "contamination": "auto"
    },
    "current_metrics": {
      "threshold": 0.42000000000000004,
      "accuracy": 0.8994785708584958,
      "accuracy_std": 0.0,
      "precision": 0.49849442938873834,
      "precision_std": 0.0,
      "recall": 0.8809365438339763,
      "recall_std": 0.0,
      "tnr": 0.9015385524896173,
      "tnr_std": 0.0,
      "fpr": 0.09846144751038265,
      "fpr_std": 0.0,
      "fnr": 0.11906345616602368,
      "fnr_std": 0.0,
      "f1": 0.636700158646219,
      "f1_std": 0.0,
      "g_mean": 0.8911780162028736,
      "g_mean_std": 0.0,
      "true_positives": 6622.0,
      "true_positives_std": 0.0,
      "false_positives": 6662.0,
      "false_positives_std": 0.0,
      "false_negatives": 895.0,
      "false_negatives_std": 0.0,
      "true_negatives": 60999.0,
      "true_negatives_std": 0.0,
      "n_rows": 75178.0,
      "n_rows_std": 0.0,
      "n_injected": 7517.0,
      "n_injected_std": 0.0,
      "n_predicted": 13284.0,
      "n_predicted_std": 0.0,
      "n_trials": 1
    },
    "best_candidate_id": "if__contamination_auto__max_features_0p75__max_samples_512__n_estimators_200__threshold_0p42",
    "best_threshold": 0.42000000000000004,
    "best_f1": 0.636700158646219,
    "best_hyperparameters": {
      "n_estimators": 200,
      "max_samples": 512,
      "max_features": 0.75,
      "contamination": "auto"
    },
    "best_metrics": {
      "threshold": 0.42000000000000004,
      "accuracy": 0.8994785708584958,
      "accuracy_std": 0.0,
      "precision": 0.49849442938873834,
      "precision_std": 0.0,
      "recall": 0.8809365438339763,
      "recall_std": 0.0,
      "tnr": 0.9015385524896173,
      "tnr_std": 0.0,
      "fpr": 0.09846144751038265,
      "fpr_std": 0.0,
      "fnr": 0.11906345616602368,
      "fnr_std": 0.0,
      "f1": 0.636700158646219,
      "f1_std": 0.0,
      "g_mean": 0.8911780162028736,
      "g_mean_std": 0.0,
      "true_positives": 6622.0,
      "true_positives_std": 0.0,
      "false_positives": 6662.0,
      "false_positives_std": 0.0,
      "false_negatives": 895.0,
      "false_negatives_std": 0.0,
      "true_negatives": 60999.0,
      "true_negatives_std": 0.0,
      "n_rows": 75178.0,
      "n_rows_std": 0.0,
      "n_injected": 7517.0,
      "n_injected_std": 0.0,
      "n_predicted": 13284.0,
      "n_predicted_std": 0.0,
      "n_trials": 1
    }
  }
}
