{
  "new_prices": {
    "row_count": 36244,
    "product_count": 18122,
    "train_row_count": 554248,
    "train_product_count": 18122,
    "current_candidate_id": "if__contamination_auto__max_features_0p75__max_samples_512__n_estimators_200__threshold_0p42",
    "current_threshold": 0.42000000000000004,
    "current_f1": 0.7838403744303486,
    "current_hyperparameters": {
      "n_estimators": 200,
      "max_samples": 512,
      "max_features": 0.75,
      "contamination": "auto"
    },
    "current_metrics": {
      "threshold": 0.42000000000000004,
      "accuracy": 0.9515781922525107,
      "accuracy_std": 0.0,
      "precision": 0.7078976640711903,
      "precision_std": 0.0,
      "recall": 0.8780353200883002,
      "recall_std": 0.0,
      "tnr": 0.9597486204782342,
      "tnr_std": 0.0,
      "fpr": 0.04025137952176579,
      "fpr_std": 0.0,
      "fnr": 0.12196467991169978,
      "fnr_std": 0.0,
      "f1": 0.7838403744303486,
      "f1_std": 0.0,
      "g_mean": 0.9179832172681105,
      "g_mean_std": 0.0,
      "true_positives": 3182.0,
      "true_positives_std": 0.0,
      "false_positives": 1313.0,
      "false_positives_std": 0.0,
      "false_negatives": 442.0,
      "false_negatives_std": 0.0,
      "true_negatives": 31307.0,
      "true_negatives_std": 0.0,
      "n_rows": 36244.0,
      "n_rows_std": 0.0,
      "n_injected": 3624.0,
      "n_injected_std": 0.0,
      "n_predicted": 4495.0,
      "n_predicted_std": 0.0,
      "n_trials": 1
    },
    "best_candidate_id": "if__contamination_auto__max_features_0p5__max_samples_256__n_estimators_100__threshold_0p36",
    "best_threshold": 0.36,
    "best_f1": 0.7004801920768308,
    "best_hyperparameters": {
      "n_estimators": 100,
      "max_samples": 256,
      "max_features": 0.5,
      "contamination": "auto"
    },
    "best_metrics": {
      "threshold": 0.36,
      "accuracy": 0.9173932237059927,
      "accuracy_std": 0.0,
      "precision": 0.5494350282485876,
      "precision_std": 0.0,
      "recall": 0.9660596026490066,
      "recall_std": 0.0,
      "tnr": 0.9119865113427346,
      "tnr_std": 0.0,
      "fpr": 0.08801348865726548,
      "fpr_std": 0.0,
      "fnr": 0.03394039735099338,
      "fnr_std": 0.0,
      "f1": 0.7004801920768308,
      "f1_std": 0.0,
      "g_mean": 0.9386337553961162,
      "g_mean_std": 0.0,
      "true_positives": 3501.0,
      "true_positives_std": 0.0,
      "false_positives": 2871.0,
      "false_positives_std": 0.0,
      "false_negatives": 123.0,
      "false_negatives_std": 0.0,
      "true_negatives": 29749.0,
      "true_negatives_std": 0.0,
      "n_rows": 36244.0,
      "n_rows_std": 0.0,
      "n_injected": 3624.0,
      "n_injected_std": 0.0,
      "n_predicted": 6372.0,
      "n_predicted_std": 0.0,
      "n_trials": 1
    }
  },
  "new_products": {
    "row_count": 147591,
    "product_count": 4531,
    "train_row_count": 554248,
    "train_product_count": 18122,
    "current_candidate_id": "if__contamination_auto__max_features_0p75__max_samples_512__n_estimators_200__threshold_0p42",
    "current_threshold": 0.42000000000000004,
    "current_f1": 0.5797137338418108,
    "current_hyperparameters": {
      "n_estimators": 200,
      "max_samples": 512,
      "max_features": 0.75,
      "contamination": "auto"
    },
    "current_metrics": {
      "threshold": 0.42000000000000004,
      "accuracy": 0.8850065383390586,
      "accuracy_std": 0.0,
      "precision": 0.4568161417476486,
      "precision_std": 0.0,
      "recall": 0.7930754116132529,
      "recall_std": 0.0,
      "tnr": 0.8952210310768489,
      "tnr_std": 0.0,
      "fpr": 0.10477896892315104,
      "fpr_std": 0.0,
      "fnr": 0.20692458838674707,
      "fnr_std": 0.0,
      "f1": 0.5797137338418108,
      "f1_std": 0.0,
      "g_mean": 0.84260179664306,
      "g_mean_std": 0.0,
      "true_positives": 11705.0,
      "true_positives_std": 0.0,
      "false_positives": 13918.0,
      "false_positives_std": 0.0,
      "false_negatives": 3054.0,
      "false_negatives_std": 0.0,
      "true_negatives": 118914.0,
      "true_negatives_std": 0.0,
      "n_rows": 147591.0,
      "n_rows_std": 0.0,
      "n_injected": 14759.0,
      "n_injected_std": 0.0,
      "n_predicted": 25623.0,
      "n_predicted_std": 0.0,
      "n_trials": 1
    },
    "best_candidate_id": "if__contamination_auto__max_features_0p5__max_samples_256__n_estimators_100__threshold_0p36",
    "best_threshold": 0.36,
    "best_f1": 0.5580893616103213,
    "best_hyperparameters": {
      "n_estimators": 100,
      "max_samples": 256,
      "max_features": 0.5,
      "contamination": "auto"
    },
    "best_metrics": {
      "threshold": 0.36,
      "accuracy": 0.8612178249351248,
      "accuracy_std": 0.0,
      "precision": 0.40940744492276526,
      "precision_std": 0.0,
      "recall": 0.8763466359509452,
      "recall_std": 0.0,
      "tnr": 0.859536858588292,
      "tnr_std": 0.0,
      "fpr": 0.14046314141170801,
      "fpr_std": 0.0,
      "fnr": 0.12365336404905482,
      "fnr_std": 0.0,
      "f1": 0.5580893616103213,
      "f1_std": 0.0,
      "g_mean": 0.8679010510995439,
      "g_mean_std": 0.0,
      "true_positives": 12934.0,
      "true_positives_std": 0.0,
      "false_positives": 18658.0,
      "false_positives_std": 0.0,
      "false_negatives": 1825.0,
      "false_negatives_std": 0.0,
      "true_negatives": 114174.0,
      "true_negatives_std": 0.0,
      "n_rows": 147591.0,
      "n_rows_std": 0.0,
      "n_injected": 14759.0,
      "n_injected_std": 0.0,
      "n_predicted": 31592.0,
      "n_predicted_std": 0.0,
      "n_trials": 1
    }
  }
}
