{
  "new_prices": {
    "row_count": 1872,
    "product_count": 936,
    "train_row_count": 22732,
    "train_product_count": 936,
    "current_candidate_id": "if__contamination_auto__max_features_0p75__max_samples_512__n_estimators_200__threshold_0p42",
    "current_threshold": 0.42000000000000004,
    "current_f1": 0.8188585607940446,
    "current_hyperparameters": {
      "n_estimators": 200,
      "max_samples": 512,
      "max_features": 0.75,
      "contamination": "auto"
    },
    "current_metrics": {
      "threshold": 0.42000000000000004,
      "accuracy": 0.9610042735042735,
      "accuracy_std": 0.0,
      "precision": 0.7638888888888888,
      "precision_std": 0.0,
      "recall": 0.8823529411764706,
      "recall_std": 0.0,
      "tnr": 0.96973293768546,
      "tnr_std": 0.0,
      "fpr": 0.030267062314540058,
      "fpr_std": 0.0,
      "fnr": 0.11764705882352941,
      "fnr_std": 0.0,
      "f1": 0.8188585607940446,
      "f1_std": 0.0,
      "g_mean": 0.9250117349106792,
      "g_mean_std": 0.0,
      "true_positives": 165.0,
      "true_positives_std": 0.0,
      "false_positives": 51.0,
      "false_positives_std": 0.0,
      "false_negatives": 22.0,
      "false_negatives_std": 0.0,
      "true_negatives": 1634.0,
      "true_negatives_std": 0.0,
      "n_rows": 1872.0,
      "n_rows_std": 0.0,
      "n_injected": 187.0,
      "n_injected_std": 0.0,
      "n_predicted": 216.0,
      "n_predicted_std": 0.0,
      "n_trials": 1
    },
    "best_candidate_id": "if__contamination_auto__max_features_0p75__max_samples_512__n_estimators_100__threshold_0p3",
    "best_threshold": 0.3,
    "best_f1": 0.8053097345132743,
    "best_hyperparameters": {
      "n_estimators": 100,
      "max_samples": 512,
      "max_features": 0.75,
      "contamination": "auto"
    },
    "best_metrics": {
      "threshold": 0.3,
      "accuracy": 0.9529914529914529,
      "accuracy_std": 0.0,
      "precision": 0.6867924528301886,
      "precision_std": 0.0,
      "recall": 0.9732620320855615,
      "recall_std": 0.0,
      "tnr": 0.9507418397626113,
      "tnr_std": 0.0,
      "fpr": 0.04925816023738872,
      "fpr_std": 0.0,
      "fnr": 0.026737967914438502,
      "fnr_std": 0.0,
      "f1": 0.8053097345132743,
      "f1_std": 0.0,
      "g_mean": 0.9619360347528958,
      "g_mean_std": 0.0,
      "true_positives": 182.0,
      "true_positives_std": 0.0,
      "false_positives": 83.0,
      "false_positives_std": 0.0,
      "false_negatives": 5.0,
      "false_negatives_std": 0.0,
      "true_negatives": 1602.0,
      "true_negatives_std": 0.0,
      "n_rows": 1872.0,
      "n_rows_std": 0.0,
      "n_injected": 187.0,
      "n_injected_std": 0.0,
      "n_predicted": 265.0,
      "n_predicted_std": 0.0,
      "n_trials": 1
    }
  },
  "new_products": {
    "row_count": 6214,
    "product_count": 235,
    "train_row_count": 22732,
    "train_product_count": 936,
    "current_candidate_id": "if__contamination_auto__max_features_0p75__max_samples_512__n_estimators_200__threshold_0p42",
    "current_threshold": 0.42000000000000004,
    "current_f1": 0.4744136460554371,
    "current_hyperparameters": {
      "n_estimators": 200,
      "max_samples": 512,
      "max_features": 0.75,
      "contamination": "auto"
    },
    "current_metrics": {
      "threshold": 0.42000000000000004,
      "accuracy": 0.8413260379787576,
      "accuracy_std": 0.0,
      "precision": 0.3545816733067729,
      "precision_std": 0.0,
      "recall": 0.71658615136876,
      "recall_std": 0.0,
      "tnr": 0.8551761129983908,
      "tnr_std": 0.0,
      "fpr": 0.14482388700160914,
      "fpr_std": 0.0,
      "fnr": 0.2834138486312399,
      "fnr_std": 0.0,
      "f1": 0.4744136460554371,
      "f1_std": 0.0,
      "g_mean": 0.7828201323139389,
      "g_mean_std": 0.0,
      "true_positives": 445.0,
      "true_positives_std": 0.0,
      "false_positives": 810.0,
      "false_positives_std": 0.0,
      "false_negatives": 176.0,
      "false_negatives_std": 0.0,
      "true_negatives": 4783.0,
      "true_negatives_std": 0.0,
      "n_rows": 6214.0,
      "n_rows_std": 0.0,
      "n_injected": 621.0,
      "n_injected_std": 0.0,
      "n_predicted": 1255.0,
      "n_predicted_std": 0.0,
      "n_trials": 1
    },
    "best_candidate_id": "if__contamination_auto__max_features_0p75__max_samples_512__n_estimators_100__threshold_0p3",
    "best_threshold": 0.3,
    "best_f1": 0.44535147392290253,
    "best_hyperparameters": {
      "n_estimators": 100,
      "max_samples": 512,
      "max_features": 0.75,
      "contamination": "auto"
    },
    "best_metrics": {
      "threshold": 0.3,
      "accuracy": 0.8031863533955584,
      "accuracy_std": 0.0,
      "precision": 0.30997474747474746,
      "precision_std": 0.0,
      "recall": 0.7906602254428341,
      "recall_std": 0.0,
      "tnr": 0.8045771500089397,
      "tnr_std": 0.0,
      "fpr": 0.19542284999106024,
      "fpr_std": 0.0,
      "fnr": 0.20933977455716588,
      "fnr_std": 0.0,
      "f1": 0.44535147392290253,
      "f1_std": 0.0,
      "g_mean": 0.7975883341751063,
      "g_mean_std": 0.0,
      "true_positives": 491.0,
      "true_positives_std": 0.0,
      "false_positives": 1093.0,
      "false_positives_std": 0.0,
      "false_negatives": 130.0,
      "false_negatives_std": 0.0,
      "true_negatives": 4500.0,
      "true_negatives_std": 0.0,
      "n_rows": 6214.0,
      "n_rows_std": 0.0,
      "n_injected": 621.0,
      "n_injected_std": 0.0,
      "n_predicted": 1584.0,
      "n_predicted_std": 0.0,
      "n_trials": 1
    }
  }
}
