{
  "new_prices": {
    "row_count": 1454,
    "product_count": 727,
    "train_row_count": 3320,
    "train_product_count": 727,
    "current_candidate_id": "rrcf__num_trees_40__tree_size_256__warmup_samples_32__threshold_0p8",
    "current_threshold": 0.8,
    "current_f1": 0.19442351168048227,
    "current_hyperparameters": {
      "num_trees": 40,
      "tree_size": 256,
      "warmup_samples": 32
    },
    "current_metrics": {
      "threshold": 0.8,
      "accuracy": 0.26478679504814306,
      "accuracy_std": 0.0,
      "precision": 0.10913705583756345,
      "precision_std": 0.0,
      "recall": 0.8896551724137931,
      "recall_std": 0.0,
      "tnr": 0.19556913674560733,
      "tnr_std": 0.0,
      "fpr": 0.8044308632543926,
      "fpr_std": 0.0,
      "fnr": 0.1103448275862069,
      "fnr_std": 0.0,
      "f1": 0.19442351168048227,
      "f1_std": 0.0,
      "g_mean": 0.417119999604706,
      "g_mean_std": 0.0,
      "true_positives": 129.0,
      "true_positives_std": 0.0,
      "false_positives": 1053.0,
      "false_positives_std": 0.0,
      "false_negatives": 16.0,
      "false_negatives_std": 0.0,
      "true_negatives": 256.0,
      "true_negatives_std": 0.0,
      "n_rows": 1454.0,
      "n_rows_std": 0.0,
      "n_injected": 145.0,
      "n_injected_std": 0.0,
      "n_predicted": 1182.0,
      "n_predicted_std": 0.0,
      "n_trials": 1
    },
    "best_candidate_id": "rrcf__num_trees_80__tree_size_128__warmup_samples_32__threshold_0p8",
    "best_threshold": 0.8,
    "best_f1": 0.20218579234972678,
    "best_hyperparameters": {
      "num_trees": 80,
      "tree_size": 128,
      "warmup_samples": 32
    },
    "best_metrics": {
      "threshold": 0.8,
      "accuracy": 0.39752407152682256,
      "accuracy_std": 0.0,
      "precision": 0.11647429171038824,
      "precision_std": 0.0,
      "recall": 0.7655172413793103,
      "recall_std": 0.0,
      "tnr": 0.3567608861726509,
      "tnr_std": 0.0,
      "fpr": 0.6432391138273491,
      "fpr_std": 0.0,
      "fnr": 0.23448275862068965,
      "fnr_std": 0.0,
      "f1": 0.20218579234972678,
      "f1_std": 0.0,
      "g_mean": 0.5225960288931842,
      "g_mean_std": 0.0,
      "true_positives": 111.0,
      "true_positives_std": 0.0,
      "false_positives": 842.0,
      "false_positives_std": 0.0,
      "false_negatives": 34.0,
      "false_negatives_std": 0.0,
      "true_negatives": 467.0,
      "true_negatives_std": 0.0,
      "n_rows": 1454.0,
      "n_rows_std": 0.0,
      "n_injected": 145.0,
      "n_injected_std": 0.0,
      "n_predicted": 953.0,
      "n_predicted_std": 0.0,
      "n_trials": 1
    }
  },
  "new_products": {
    "row_count": 1188,
    "product_count": 182,
    "train_row_count": 3320,
    "train_product_count": 727,
    "current_candidate_id": "rrcf__num_trees_40__tree_size_256__warmup_samples_32__threshold_0p8",
    "current_threshold": 0.8,
    "current_f1": 0.1715976331360947,
    "current_hyperparameters": {
      "num_trees": 40,
      "tree_size": 256,
      "warmup_samples": 32
    },
    "current_metrics": {
      "threshold": 0.8,
      "accuracy": 0.5286195286195287,
      "accuracy_std": 0.0,
      "precision": 0.1039426523297491,
      "precision_std": 0.0,
      "recall": 0.4915254237288136,
      "recall_std": 0.0,
      "tnr": 0.5327102803738317,
      "tnr_std": 0.0,
      "fpr": 0.4672897196261682,
      "fpr_std": 0.0,
      "fnr": 0.5084745762711864,
      "fnr_std": 0.0,
      "f1": 0.1715976331360947,
      "f1_std": 0.0,
      "g_mean": 0.5117036703849629,
      "g_mean_std": 0.0,
      "true_positives": 58.0,
      "true_positives_std": 0.0,
      "false_positives": 500.0,
      "false_positives_std": 0.0,
      "false_negatives": 60.0,
      "false_negatives_std": 0.0,
      "true_negatives": 570.0,
      "true_negatives_std": 0.0,
      "n_rows": 1188.0,
      "n_rows_std": 0.0,
      "n_injected": 118.0,
      "n_injected_std": 0.0,
      "n_predicted": 558.0,
      "n_predicted_std": 0.0,
      "n_trials": 1
    },
    "best_candidate_id": "rrcf__num_trees_80__tree_size_128__warmup_samples_32__threshold_0p8",
    "best_threshold": 0.8,
    "best_f1": 0.17313432835820894,
    "best_hyperparameters": {
      "num_trees": 80,
      "tree_size": 128,
      "warmup_samples": 32
    },
    "best_metrics": {
      "threshold": 0.8,
      "accuracy": 0.5336700336700336,
      "accuracy_std": 0.0,
      "precision": 0.10507246376811594,
      "precision_std": 0.0,
      "recall": 0.4915254237288136,
      "recall_std": 0.0,
      "tnr": 0.5383177570093458,
      "tnr_std": 0.0,
      "fpr": 0.4616822429906542,
      "fpr_std": 0.0,
      "fnr": 0.5084745762711864,
      "fnr_std": 0.0,
      "f1": 0.17313432835820894,
      "f1_std": 0.0,
      "g_mean": 0.5143897973470734,
      "g_mean_std": 0.0,
      "true_positives": 58.0,
      "true_positives_std": 0.0,
      "false_positives": 494.0,
      "false_positives_std": 0.0,
      "false_negatives": 60.0,
      "false_negatives_std": 0.0,
      "true_negatives": 576.0,
      "true_negatives_std": 0.0,
      "n_rows": 1188.0,
      "n_rows_std": 0.0,
      "n_injected": 118.0,
      "n_injected_std": 0.0,
      "n_predicted": 552.0,
      "n_predicted_std": 0.0,
      "n_trials": 1
    }
  }
}
