{
  "new_prices": {
    "row_count": 106100,
    "product_count": 53050,
    "train_row_count": 1298103,
    "train_product_count": 53050,
    "current_candidate_id": "if__contamination_auto__max_features_0p75__max_samples_512__n_estimators_200__threshold_0p42",
    "current_threshold": 0.42000000000000004,
    "current_f1": 0.6639159789947486,
    "current_hyperparameters": {
      "n_estimators": 200,
      "max_samples": 512,
      "max_features": 0.75,
      "contamination": "auto"
    },
    "current_metrics": {
      "threshold": 0.42000000000000004,
      "accuracy": 0.9324410933081998,
      "accuracy_std": 0.0,
      "precision": 0.6605710020526218,
      "precision_std": 0.0,
      "recall": 0.6672950047125353,
      "recall_std": 0.0,
      "tnr": 0.9619017698188292,
      "tnr_std": 0.0,
      "fpr": 0.038098230181170804,
      "fpr_std": 0.0,
      "fnr": 0.33270499528746467,
      "fnr_std": 0.0,
      "f1": 0.6639159789947486,
      "f1_std": 0.0,
      "g_mean": 0.8011692992272306,
      "g_mean_std": 0.0,
      "true_positives": 7080.0,
      "true_positives_std": 0.0,
      "false_positives": 3638.0,
      "false_positives_std": 0.0,
      "false_negatives": 3530.0,
      "false_negatives_std": 0.0,
      "true_negatives": 91852.0,
      "true_negatives_std": 0.0,
      "n_rows": 106100.0,
      "n_rows_std": 0.0,
      "n_injected": 10610.0,
      "n_injected_std": 0.0,
      "n_predicted": 10718.0,
      "n_predicted_std": 0.0,
      "n_trials": 1
    },
    "best_candidate_id": "if__contamination_auto__max_features_0p75__max_samples_256__n_estimators_200__threshold_0p3",
    "best_threshold": 0.3,
    "best_f1": 0.5663212117495555,
    "best_hyperparameters": {
      "n_estimators": 200,
      "max_samples": 256,
      "max_features": 0.75,
      "contamination": "auto"
    },
    "best_metrics": {
      "threshold": 0.3,
      "accuracy": 0.8666918001885014,
      "accuracy_std": 0.0,
      "precision": 0.41969641883293946,
      "precision_std": 0.0,
      "recall": 0.8704052780395853,
      "recall_std": 0.0,
      "tnr": 0.866279191538381,
      "tnr_std": 0.0,
      "fpr": 0.13372080846161902,
      "fpr_std": 0.0,
      "fnr": 0.12959472196041472,
      "fnr_std": 0.0,
      "f1": 0.5663212117495555,
      "f1_std": 0.0,
      "g_mean": 0.8683397840539564,
      "g_mean_std": 0.0,
      "true_positives": 9235.0,
      "true_positives_std": 0.0,
      "false_positives": 12769.0,
      "false_positives_std": 0.0,
      "false_negatives": 1375.0,
      "false_negatives_std": 0.0,
      "true_negatives": 82721.0,
      "true_negatives_std": 0.0,
      "n_rows": 106100.0,
      "n_rows_std": 0.0,
      "n_injected": 10610.0,
      "n_injected_std": 0.0,
      "n_predicted": 22004.0,
      "n_predicted_std": 0.0,
      "n_trials": 1
    }
  },
  "new_products": {
    "row_count": 349731,
    "product_count": 13263,
    "train_row_count": 1298103,
    "train_product_count": 53050,
    "current_candidate_id": "if__contamination_auto__max_features_0p75__max_samples_512__n_estimators_200__threshold_0p42",
    "current_threshold": 0.42000000000000004,
    "current_f1": 0.46793902967675416,
    "current_hyperparameters": {
      "n_estimators": 200,
      "max_samples": 512,
      "max_features": 0.75,
      "contamination": "auto"
    },
    "current_metrics": {
      "threshold": 0.42000000000000004,
      "accuracy": 0.8701487714843694,
      "accuracy_std": 0.0,
      "precision": 0.3963874553394204,
      "precision_std": 0.0,
      "recall": 0.5710119234838303,
      "recall_std": 0.0,
      "tnr": 0.9033860934432167,
      "tnr_std": 0.0,
      "fpr": 0.09661390655678331,
      "fpr_std": 0.0,
      "fnr": 0.4289880765161696,
      "fnr_std": 0.0,
      "f1": 0.46793902967675416,
      "f1_std": 0.0,
      "g_mean": 0.7182229673754207,
      "g_mean_std": 0.0,
      "true_positives": 19970.0,
      "true_positives_std": 0.0,
      "false_positives": 30410.0,
      "false_positives_std": 0.0,
      "false_negatives": 15003.0,
      "false_negatives_std": 0.0,
      "true_negatives": 284348.0,
      "true_negatives_std": 0.0,
      "n_rows": 349731.0,
      "n_rows_std": 0.0,
      "n_injected": 34973.0,
      "n_injected_std": 0.0,
      "n_predicted": 50380.0,
      "n_predicted_std": 0.0,
      "n_trials": 1
    },
    "best_candidate_id": "if__contamination_auto__max_features_0p75__max_samples_256__n_estimators_200__threshold_0p3",
    "best_threshold": 0.3,
    "best_f1": 0.4426204461345194,
    "best_hyperparameters": {
      "n_estimators": 200,
      "max_samples": 256,
      "max_features": 0.75,
      "contamination": "auto"
    },
    "best_metrics": {
      "threshold": 0.3,
      "accuracy": 0.8122385490562747,
      "accuracy_std": 0.0,
      "precision": 0.3147430558070474,
      "precision_std": 0.0,
      "recall": 0.7455179710062048,
      "recall_std": 0.0,
      "tnr": 0.8196519230647037,
      "tnr_std": 0.0,
      "fpr": 0.18034807693529634,
      "fpr_std": 0.0,
      "fnr": 0.25448202899379524,
      "fnr_std": 0.0,
      "f1": 0.4426204461345194,
      "f1_std": 0.0,
      "g_mean": 0.7817066192725579,
      "g_mean_std": 0.0,
      "true_positives": 26073.0,
      "true_positives_std": 0.0,
      "false_positives": 56766.0,
      "false_positives_std": 0.0,
      "false_negatives": 8900.0,
      "false_negatives_std": 0.0,
      "true_negatives": 257992.0,
      "true_negatives_std": 0.0,
      "n_rows": 349731.0,
      "n_rows_std": 0.0,
      "n_injected": 34973.0,
      "n_injected_std": 0.0,
      "n_predicted": 82839.0,
      "n_predicted_std": 0.0,
      "n_trials": 1
    }
  }
}
