{
  "new_prices": {
    "row_count": 34016,
    "product_count": 17008,
    "train_row_count": 257617,
    "train_product_count": 17008,
    "current_candidate_id": "eif__max_features_0p5__max_samples_256__n_estimators_100__threshold_0p2",
    "current_threshold": 0.2,
    "current_f1": 0.34903769045709704,
    "current_hyperparameters": {
      "n_estimators": 100,
      "max_samples": 256,
      "max_features": 0.5
    },
    "current_metrics": {
      "threshold": 0.2,
      "accuracy": 0.8090898400752587,
      "accuracy_std": 0.0,
      "precision": 0.26479087452471484,
      "precision_std": 0.0,
      "recall": 0.5119082622758012,
      "recall_std": 0.0,
      "tnr": 0.842103544014372,
      "tnr_std": 0.0,
      "fpr": 0.15789645598562796,
      "fpr_std": 0.0,
      "fnr": 0.4880917377241988,
      "fnr_std": 0.0,
      "f1": 0.34903769045709704,
      "f1_std": 0.0,
      "g_mean": 0.6565666469389767,
      "g_mean_std": 0.0,
      "true_positives": 1741.0,
      "true_positives_std": 0.0,
      "false_positives": 4834.0,
      "false_positives_std": 0.0,
      "false_negatives": 1660.0,
      "false_negatives_std": 0.0,
      "true_negatives": 25781.0,
      "true_negatives_std": 0.0,
      "n_rows": 34016.0,
      "n_rows_std": 0.0,
      "n_injected": 3401.0,
      "n_injected_std": 0.0,
      "n_predicted": 6575.0,
      "n_predicted_std": 0.0,
      "n_trials": 1
    },
    "best_candidate_id": "eif__max_features_0p5__max_samples_256__n_estimators_100__threshold_0p2",
    "best_threshold": 0.2,
    "best_f1": 0.34903769045709704,
    "best_hyperparameters": {
      "n_estimators": 100,
      "max_samples": 256,
      "max_features": 0.5
    },
    "best_metrics": {
      "threshold": 0.2,
      "accuracy": 0.8090898400752587,
      "accuracy_std": 0.0,
      "precision": 0.26479087452471484,
      "precision_std": 0.0,
      "recall": 0.5119082622758012,
      "recall_std": 0.0,
      "tnr": 0.842103544014372,
      "tnr_std": 0.0,
      "fpr": 0.15789645598562796,
      "fpr_std": 0.0,
      "fnr": 0.4880917377241988,
      "fnr_std": 0.0,
      "f1": 0.34903769045709704,
      "f1_std": 0.0,
      "g_mean": 0.6565666469389767,
      "g_mean_std": 0.0,
      "true_positives": 1741.0,
      "true_positives_std": 0.0,
      "false_positives": 4834.0,
      "false_positives_std": 0.0,
      "false_negatives": 1660.0,
      "false_negatives_std": 0.0,
      "true_negatives": 25781.0,
      "true_negatives_std": 0.0,
      "n_rows": 34016.0,
      "n_rows_std": 0.0,
      "n_injected": 3401.0,
      "n_injected_std": 0.0,
      "n_predicted": 6575.0,
      "n_predicted_std": 0.0,
      "n_trials": 1
    }
  },
  "new_products": {
    "row_count": 74523,
    "product_count": 4252,
    "train_row_count": 257617,
    "train_product_count": 17008,
    "current_candidate_id": "eif__max_features_0p5__max_samples_256__n_estimators_100__threshold_0p2",
    "current_threshold": 0.2,
    "current_f1": 0.17147899947602108,
    "current_hyperparameters": {
      "n_estimators": 100,
      "max_samples": 256,
      "max_features": 0.5
    },
    "current_metrics": {
      "threshold": 0.2,
      "accuracy": 0.5968627135246837,
      "accuracy_std": 0.0,
      "precision": 0.10791766461869555,
      "precision_std": 0.0,
      "recall": 0.41720343531937737,
      "recall_std": 0.0,
      "tnr": 0.6168239626664281,
      "tnr_std": 0.0,
      "fpr": 0.38317603733357186,
      "fpr_std": 0.0,
      "fnr": 0.5827965646806227,
      "fnr_std": 0.0,
      "f1": 0.17147899947602108,
      "f1_std": 0.0,
      "g_mean": 0.5072879618241942,
      "g_mean_std": 0.0,
      "true_positives": 3109.0,
      "true_positives_std": 0.0,
      "false_positives": 25700.0,
      "false_positives_std": 0.0,
      "false_negatives": 4343.0,
      "false_negatives_std": 0.0,
      "true_negatives": 41371.0,
      "true_negatives_std": 0.0,
      "n_rows": 74523.0,
      "n_rows_std": 0.0,
      "n_injected": 7452.0,
      "n_injected_std": 0.0,
      "n_predicted": 28809.0,
      "n_predicted_std": 0.0,
      "n_trials": 1
    },
    "best_candidate_id": "eif__max_features_0p5__max_samples_256__n_estimators_100__threshold_0p2",
    "best_threshold": 0.2,
    "best_f1": 0.17147899947602108,
    "best_hyperparameters": {
      "n_estimators": 100,
      "max_samples": 256,
      "max_features": 0.5
    },
    "best_metrics": {
      "threshold": 0.2,
      "accuracy": 0.5968627135246837,
      "accuracy_std": 0.0,
      "precision": 0.10791766461869555,
      "precision_std": 0.0,
      "recall": 0.41720343531937737,
      "recall_std": 0.0,
      "tnr": 0.6168239626664281,
      "tnr_std": 0.0,
      "fpr": 0.38317603733357186,
      "fpr_std": 0.0,
      "fnr": 0.5827965646806227,
      "fnr_std": 0.0,
      "f1": 0.17147899947602108,
      "f1_std": 0.0,
      "g_mean": 0.5072879618241942,
      "g_mean_std": 0.0,
      "true_positives": 3109.0,
      "true_positives_std": 0.0,
      "false_positives": 25700.0,
      "false_positives_std": 0.0,
      "false_negatives": 4343.0,
      "false_negatives_std": 0.0,
      "true_negatives": 41371.0,
      "true_negatives_std": 0.0,
      "n_rows": 74523.0,
      "n_rows_std": 0.0,
      "n_injected": 7452.0,
      "n_injected_std": 0.0,
      "n_predicted": 28809.0,
      "n_predicted_std": 0.0,
      "n_trials": 1
    }
  }
}
