{
  "new_prices": {
    "row_count": 104126,
    "product_count": 52063,
    "train_row_count": 836863,
    "train_product_count": 52063,
    "current_candidate_id": "rrcf__num_trees_40__tree_size_256__warmup_samples_32__threshold_0p8",
    "current_threshold": 0.8,
    "current_f1": 0.14522015997514948,
    "current_hyperparameters": {
      "num_trees": 40,
      "tree_size": 256,
      "warmup_samples": 32
    },
    "current_metrics": {
      "threshold": 0.8,
      "accuracy": 0.894291531413864,
      "accuracy_std": 0.0,
      "precision": 0.3793103448275862,
      "precision_std": 0.0,
      "recall": 0.08980023050326547,
      "recall_std": 0.0,
      "tnr": 0.9836737307125937,
      "tnr_std": 0.0,
      "fpr": 0.016326269287406363,
      "fpr_std": 0.0,
      "fnr": 0.9101997694967345,
      "fnr_std": 0.0,
      "f1": 0.14522015997514948,
      "f1_std": 0.0,
      "g_mean": 0.29721057813947,
      "g_mean_std": 0.0,
      "true_positives": 935.0,
      "true_positives_std": 0.0,
      "false_positives": 1530.0,
      "false_positives_std": 0.0,
      "false_negatives": 9477.0,
      "false_negatives_std": 0.0,
      "true_negatives": 92184.0,
      "true_negatives_std": 0.0,
      "n_rows": 104126.0,
      "n_rows_std": 0.0,
      "n_injected": 10412.0,
      "n_injected_std": 0.0,
      "n_predicted": 2465.0,
      "n_predicted_std": 0.0,
      "n_trials": 1
    },
    "best_candidate_id": "rrcf__num_trees_80__tree_size_128__warmup_samples_32__threshold_0p73",
    "best_threshold": 0.7250000000000001,
    "best_f1": 0.27046044732359753,
    "best_hyperparameters": {
      "num_trees": 80,
      "tree_size": 128,
      "warmup_samples": 32
    },
    "best_metrics": {
      "threshold": 0.7250000000000001,
      "accuracy": 0.749082841941494,
      "accuracy_std": 0.0,
      "precision": 0.1906617849690957,
      "precision_std": 0.0,
      "recall": 0.46513638109873223,
      "recall_std": 0.0,
      "tnr": 0.7806304287513072,
      "tnr_std": 0.0,
      "fpr": 0.21936957124869283,
      "fpr_std": 0.0,
      "fnr": 0.5348636189012678,
      "fnr_std": 0.0,
      "f1": 0.27046044732359753,
      "f1_std": 0.0,
      "g_mean": 0.6025774743590526,
      "g_mean_std": 0.0,
      "true_positives": 4843.0,
      "true_positives_std": 0.0,
      "false_positives": 20558.0,
      "false_positives_std": 0.0,
      "false_negatives": 5569.0,
      "false_negatives_std": 0.0,
      "true_negatives": 73156.0,
      "true_negatives_std": 0.0,
      "n_rows": 104126.0,
      "n_rows_std": 0.0,
      "n_injected": 10412.0,
      "n_injected_std": 0.0,
      "n_predicted": 25401.0,
      "n_predicted_std": 0.0,
      "n_trials": 1
    }
  },
  "new_products": {
    "row_count": 235527,
    "product_count": 13016,
    "train_row_count": 836863,
    "train_product_count": 52063,
    "current_candidate_id": "rrcf__num_trees_40__tree_size_256__warmup_samples_32__threshold_0p8",
    "current_threshold": 0.8,
    "current_f1": 0.275130530365485,
    "current_hyperparameters": {
      "num_trees": 40,
      "tree_size": 256,
      "warmup_samples": 32
    },
    "current_metrics": {
      "threshold": 0.8,
      "accuracy": 0.888004347696867,
      "accuracy_std": 0.0,
      "precision": 0.3899361271226048,
      "precision_std": 0.0,
      "recall": 0.2125509510869565,
      "recall_std": 0.0,
      "tnr": 0.9630522467272083,
      "tnr_std": 0.0,
      "fpr": 0.0369477532727916,
      "fpr_std": 0.0,
      "fnr": 0.7874490489130435,
      "fnr_std": 0.0,
      "f1": 0.275130530365485,
      "f1_std": 0.0,
      "g_mean": 0.4524352671800668,
      "g_mean_std": 0.0,
      "true_positives": 5006.0,
      "true_positives_std": 0.0,
      "false_positives": 7832.0,
      "false_positives_std": 0.0,
      "false_negatives": 18546.0,
      "false_negatives_std": 0.0,
      "true_negatives": 204143.0,
      "true_negatives_std": 0.0,
      "n_rows": 235527.0,
      "n_rows_std": 0.0,
      "n_injected": 23552.0,
      "n_injected_std": 0.0,
      "n_predicted": 12838.0,
      "n_predicted_std": 0.0,
      "n_trials": 1
    },
    "best_candidate_id": "rrcf__num_trees_80__tree_size_128__warmup_samples_32__threshold_0p73",
    "best_threshold": 0.7250000000000001,
    "best_f1": 0.21827676240208876,
    "best_hyperparameters": {
      "num_trees": 80,
      "tree_size": 128,
      "warmup_samples": 32
    },
    "best_metrics": {
      "threshold": 0.7250000000000001,
      "accuracy": 0.7775414283712695,
      "accuracy_std": 0.0,
      "precision": 0.16826536010857313,
      "precision_std": 0.0,
      "recall": 0.31058933423913043,
      "recall_std": 0.0,
      "tnr": 0.8294232810472933,
      "tnr_std": 0.0,
      "fpr": 0.17057671895270668,
      "fpr_std": 0.0,
      "fnr": 0.6894106657608695,
      "fnr_std": 0.0,
      "f1": 0.21827676240208876,
      "f1_std": 0.0,
      "g_mean": 0.5075529771983551,
      "g_mean_std": 0.0,
      "true_positives": 7315.0,
      "true_positives_std": 0.0,
      "false_positives": 36158.0,
      "false_positives_std": 0.0,
      "false_negatives": 16237.0,
      "false_negatives_std": 0.0,
      "true_negatives": 175817.0,
      "true_negatives_std": 0.0,
      "n_rows": 235527.0,
      "n_rows_std": 0.0,
      "n_injected": 23552.0,
      "n_injected_std": 0.0,
      "n_predicted": 43473.0,
      "n_predicted_std": 0.0,
      "n_trials": 1
    }
  }
}
