{
  "new_prices": {
    "row_count": 18662,
    "product_count": 9331,
    "train_row_count": 99162,
    "train_product_count": 9331,
    "current_candidate_id": "eif__max_features_0p75__max_samples_512__n_estimators_200__threshold_0p38",
    "current_threshold": 0.38000000000000006,
    "current_f1": 0.403741701870851,
    "current_hyperparameters": {
      "n_estimators": 200,
      "max_samples": 512,
      "max_features": 0.75
    },
    "current_metrics": {
      "threshold": 0.38000000000000006,
      "accuracy": 0.894116386239417,
      "accuracy_std": 0.0,
      "precision": 0.4620165745856354,
      "precision_std": 0.0,
      "recall": 0.35852090032154343,
      "recall_std": 0.0,
      "tnr": 0.9536199095022625,
      "tnr_std": 0.0,
      "fpr": 0.04638009049773756,
      "fpr_std": 0.0,
      "fnr": 0.6414790996784566,
      "fnr_std": 0.0,
      "f1": 0.403741701870851,
      "f1_std": 0.0,
      "g_mean": 0.5847158870077843,
      "g_mean_std": 0.0,
      "true_positives": 669.0,
      "true_positives_std": 0.0,
      "false_positives": 779.0,
      "false_positives_std": 0.0,
      "false_negatives": 1197.0,
      "false_negatives_std": 0.0,
      "true_negatives": 16017.0,
      "true_negatives_std": 0.0,
      "n_rows": 18662.0,
      "n_rows_std": 0.0,
      "n_injected": 1866.0,
      "n_injected_std": 0.0,
      "n_predicted": 1448.0,
      "n_predicted_std": 0.0,
      "n_trials": 1
    },
    "best_candidate_id": "eif__max_features_0p75__max_samples_512__n_estimators_200__threshold_0p2",
    "best_threshold": 0.2,
    "best_f1": 0.3804618707426483,
    "best_hyperparameters": {
      "n_estimators": 200,
      "max_samples": 512,
      "max_features": 0.75
    },
    "best_metrics": {
      "threshold": 0.2,
      "accuracy": 0.8001821884042439,
      "accuracy_std": 0.0,
      "precision": 0.27570431013725016,
      "precision_std": 0.0,
      "recall": 0.6136120042872455,
      "recall_std": 0.0,
      "tnr": 0.8209097404143844,
      "tnr_std": 0.0,
      "fpr": 0.1790902595856156,
      "fpr_std": 0.0,
      "fnr": 0.38638799571275456,
      "fnr_std": 0.0,
      "f1": 0.3804618707426483,
      "f1_std": 0.0,
      "g_mean": 0.7097323940434118,
      "g_mean_std": 0.0,
      "true_positives": 1145.0,
      "true_positives_std": 0.0,
      "false_positives": 3008.0,
      "false_positives_std": 0.0,
      "false_negatives": 721.0,
      "false_negatives_std": 0.0,
      "true_negatives": 13788.0,
      "true_negatives_std": 0.0,
      "n_rows": 18662.0,
      "n_rows_std": 0.0,
      "n_injected": 1866.0,
      "n_injected_std": 0.0,
      "n_predicted": 4153.0,
      "n_predicted_std": 0.0,
      "n_trials": 1
    }
  },
  "new_products": {
    "row_count": 29065,
    "product_count": 2333,
    "train_row_count": 99162,
    "train_product_count": 9331,
    "current_candidate_id": "eif__max_features_0p75__max_samples_512__n_estimators_200__threshold_0p38",
    "current_threshold": 0.38000000000000006,
    "current_f1": 0.21190595297648826,
    "current_hyperparameters": {
      "n_estimators": 200,
      "max_samples": 512,
      "max_features": 0.75
    },
    "current_metrics": {
      "threshold": 0.38000000000000006,
      "accuracy": 0.7289867538276277,
      "accuracy_std": 0.0,
      "precision": 0.1493863732543377,
      "precision_std": 0.0,
      "recall": 0.3644184445973847,
      "recall_std": 0.0,
      "tnr": 0.7694866011697695,
      "tnr_std": 0.0,
      "fpr": 0.2305133988302305,
      "fpr_std": 0.0,
      "fnr": 0.6355815554026153,
      "fnr_std": 0.0,
      "f1": 0.21190595297648826,
      "f1_std": 0.0,
      "g_mean": 0.5295423593413614,
      "g_mean_std": 0.0,
      "true_positives": 1059.0,
      "true_positives_std": 0.0,
      "false_positives": 6030.0,
      "false_positives_std": 0.0,
      "false_negatives": 1847.0,
      "false_negatives_std": 0.0,
      "true_negatives": 20129.0,
      "true_negatives_std": 0.0,
      "n_rows": 29065.0,
      "n_rows_std": 0.0,
      "n_injected": 2906.0,
      "n_injected_std": 0.0,
      "n_predicted": 7089.0,
      "n_predicted_std": 0.0,
      "n_trials": 1
    },
    "best_candidate_id": "eif__max_features_0p75__max_samples_512__n_estimators_200__threshold_0p2",
    "best_threshold": 0.2,
    "best_f1": 0.22269104547585558,
    "best_hyperparameters": {
      "n_estimators": 200,
      "max_samples": 512,
      "max_features": 0.75
    },
    "best_metrics": {
      "threshold": 0.2,
      "accuracy": 0.5436435575434371,
      "accuracy_std": 0.0,
      "precision": 0.13419974572679758,
      "precision_std": 0.0,
      "recall": 0.653819683413627,
      "recall_std": 0.0,
      "tnr": 0.5314041056615314,
      "tnr_std": 0.0,
      "fpr": 0.4685958943384686,
      "fpr_std": 0.0,
      "fnr": 0.346180316586373,
      "fnr_std": 0.0,
      "f1": 0.22269104547585558,
      "f1_std": 0.0,
      "g_mean": 0.5894425028179797,
      "g_mean_std": 0.0,
      "true_positives": 1900.0,
      "true_positives_std": 0.0,
      "false_positives": 12258.0,
      "false_positives_std": 0.0,
      "false_negatives": 1006.0,
      "false_negatives_std": 0.0,
      "true_negatives": 13901.0,
      "true_negatives_std": 0.0,
      "n_rows": 29065.0,
      "n_rows_std": 0.0,
      "n_injected": 2906.0,
      "n_injected_std": 0.0,
      "n_predicted": 14158.0,
      "n_predicted_std": 0.0,
      "n_trials": 1
    }
  }
}
