{
  "new_prices": {
    "row_count": 53576,
    "product_count": 26788,
    "train_row_count": 816053,
    "train_product_count": 26788,
    "current_candidate_id": "if__contamination_auto__max_features_0p75__max_samples_512__n_estimators_200__threshold_0p42",
    "current_threshold": 0.42000000000000004,
    "current_f1": 0.7784577723378213,
    "current_hyperparameters": {
      "n_estimators": 200,
      "max_samples": 512,
      "max_features": 0.75,
      "contamination": "auto"
    },
    "current_metrics": {
      "threshold": 0.42000000000000004,
      "accuracy": 0.9493243243243243,
      "accuracy_std": 0.0,
      "precision": 0.691504783995361,
      "precision_std": 0.0,
      "recall": 0.8904237446331902,
      "recall_std": 0.0,
      "tnr": 0.9558680188307513,
      "tnr_std": 0.0,
      "fpr": 0.04413198116924864,
      "fpr_std": 0.0,
      "fnr": 0.10957625536680979,
      "fnr_std": 0.0,
      "f1": 0.7784577723378213,
      "f1_std": 0.0,
      "g_mean": 0.922565759554508,
      "g_mean_std": 0.0,
      "true_positives": 4770.0,
      "true_positives_std": 0.0,
      "false_positives": 2128.0,
      "false_positives_std": 0.0,
      "false_negatives": 587.0,
      "false_negatives_std": 0.0,
      "true_negatives": 46091.0,
      "true_negatives_std": 0.0,
      "n_rows": 53576.0,
      "n_rows_std": 0.0,
      "n_injected": 5357.0,
      "n_injected_std": 0.0,
      "n_predicted": 6898.0,
      "n_predicted_std": 0.0,
      "n_trials": 1
    },
    "best_candidate_id": "if__contamination_auto__max_features_1__max_samples_256__n_estimators_100__threshold_0p36",
    "best_threshold": 0.36,
    "best_f1": 0.6863697705802969,
    "best_hyperparameters": {
      "n_estimators": 100,
      "max_samples": 256,
      "max_features": 1.0,
      "contamination": "auto"
    },
    "best_metrics": {
      "threshold": 0.36,
      "accuracy": 0.9132447364491564,
      "accuracy_std": 0.0,
      "precision": 0.5374616929092254,
      "precision_std": 0.0,
      "recall": 0.9494119843195818,
      "recall_std": 0.0,
      "tnr": 0.9092266533938904,
      "tnr_std": 0.0,
      "fpr": 0.09077334660610963,
      "fpr_std": 0.0,
      "fnr": 0.050588015680418146,
      "fnr_std": 0.0,
      "f1": 0.6863697705802969,
      "f1_std": 0.0,
      "g_mean": 0.9291020833013701,
      "g_mean_std": 0.0,
      "true_positives": 5086.0,
      "true_positives_std": 0.0,
      "false_positives": 4377.0,
      "false_positives_std": 0.0,
      "false_negatives": 271.0,
      "false_negatives_std": 0.0,
      "true_negatives": 43842.0,
      "true_negatives_std": 0.0,
      "n_rows": 53576.0,
      "n_rows_std": 0.0,
      "n_injected": 5357.0,
      "n_injected_std": 0.0,
      "n_predicted": 9463.0,
      "n_predicted_std": 0.0,
      "n_trials": 1
    }
  },
  "new_products": {
    "row_count": 217353,
    "product_count": 6697,
    "train_row_count": 816053,
    "train_product_count": 26788,
    "current_candidate_id": "if__contamination_auto__max_features_0p75__max_samples_512__n_estimators_200__threshold_0p42",
    "current_threshold": 0.42000000000000004,
    "current_f1": 0.6596513098795534,
    "current_hyperparameters": {
      "n_estimators": 200,
      "max_samples": 512,
      "max_features": 0.75,
      "contamination": "auto"
    },
    "current_metrics": {
      "threshold": 0.42000000000000004,
      "accuracy": 0.9145859500443978,
      "accuracy_std": 0.0,
      "precision": 0.5483054979885408,
      "precision_std": 0.0,
      "recall": 0.8277432712215321,
      "recall_std": 0.0,
      "tnr": 0.924234988600231,
      "tnr_std": 0.0,
      "fpr": 0.07576501139976893,
      "fpr_std": 0.0,
      "fnr": 0.1722567287784679,
      "fnr_std": 0.0,
      "f1": 0.6596513098795534,
      "f1_std": 0.0,
      "g_mean": 0.8746595296693169,
      "g_mean_std": 0.0,
      "true_positives": 17991.0,
      "true_positives_std": 0.0,
      "false_positives": 14821.0,
      "false_positives_std": 0.0,
      "false_negatives": 3744.0,
      "false_negatives_std": 0.0,
      "true_negatives": 180797.0,
      "true_negatives_std": 0.0,
      "n_rows": 217353.0,
      "n_rows_std": 0.0,
      "n_injected": 21735.0,
      "n_injected_std": 0.0,
      "n_predicted": 32812.0,
      "n_predicted_std": 0.0,
      "n_trials": 1
    },
    "best_candidate_id": "if__contamination_auto__max_features_1__max_samples_256__n_estimators_100__threshold_0p36",
    "best_threshold": 0.36,
    "best_f1": 0.5996035221981467,
    "best_hyperparameters": {
      "n_estimators": 100,
      "max_samples": 256,
      "max_features": 1.0,
      "contamination": "auto"
    },
    "best_metrics": {
      "threshold": 0.36,
      "accuracy": 0.8801258781797353,
      "accuracy_std": 0.0,
      "precision": 0.45015921362314826,
      "precision_std": 0.0,
      "recall": 0.8975845410628019,
      "recall_std": 0.0,
      "tnr": 0.8781860564978683,
      "tnr_std": 0.0,
      "fpr": 0.1218139435021317,
      "fpr_std": 0.0,
      "fnr": 0.10241545893719807,
      "fnr_std": 0.0,
      "f1": 0.5996035221981467,
      "f1_std": 0.0,
      "g_mean": 0.8878323200297402,
      "g_mean_std": 0.0,
      "true_positives": 19509.0,
      "true_positives_std": 0.0,
      "false_positives": 23829.0,
      "false_positives_std": 0.0,
      "false_negatives": 2226.0,
      "false_negatives_std": 0.0,
      "true_negatives": 171789.0,
      "true_negatives_std": 0.0,
      "n_rows": 217353.0,
      "n_rows_std": 0.0,
      "n_injected": 21735.0,
      "n_injected_std": 0.0,
      "n_predicted": 43338.0,
      "n_predicted_std": 0.0,
      "n_trials": 1
    }
  }
}
