{
  "new_prices": {
    "row_count": 9718,
    "product_count": 4859,
    "train_row_count": 146920,
    "train_product_count": 4859,
    "current_candidate_id": "if__contamination_auto__max_features_0p75__max_samples_512__n_estimators_200__threshold_0p42",
    "current_threshold": 0.42000000000000004,
    "current_f1": 0.8051235132662397,
    "current_hyperparameters": {
      "n_estimators": 200,
      "max_samples": 512,
      "max_features": 0.75,
      "contamination": "auto"
    },
    "current_metrics": {
      "threshold": 0.42000000000000004,
      "accuracy": 0.956163819715991,
      "accuracy_std": 0.0,
      "precision": 0.7242798353909465,
      "precision_std": 0.0,
      "recall": 0.9062821833161689,
      "recall_std": 0.0,
      "tnr": 0.9617011546816051,
      "tnr_std": 0.0,
      "fpr": 0.03829884531839488,
      "fpr_std": 0.0,
      "fnr": 0.0937178166838311,
      "fnr_std": 0.0,
      "f1": 0.8051235132662397,
      "f1_std": 0.0,
      "g_mean": 0.9335805386588378,
      "g_mean_std": 0.0,
      "true_positives": 880.0,
      "true_positives_std": 0.0,
      "false_positives": 335.0,
      "false_positives_std": 0.0,
      "false_negatives": 91.0,
      "false_negatives_std": 0.0,
      "true_negatives": 8412.0,
      "true_negatives_std": 0.0,
      "n_rows": 9718.0,
      "n_rows_std": 0.0,
      "n_injected": 971.0,
      "n_injected_std": 0.0,
      "n_predicted": 1215.0,
      "n_predicted_std": 0.0,
      "n_trials": 1
    },
    "best_candidate_id": "if__contamination_auto__max_features_0p75__max_samples_256__n_estimators_200__threshold_0p36",
    "best_threshold": 0.36,
    "best_f1": 0.7337142857142855,
    "best_hyperparameters": {
      "n_estimators": 200,
      "max_samples": 256,
      "max_features": 0.75,
      "contamination": "auto"
    },
    "best_metrics": {
      "threshold": 0.36,
      "accuracy": 0.9280716196748302,
      "accuracy_std": 0.0,
      "precision": 0.5822249093107618,
      "precision_std": 0.0,
      "recall": 0.9917610710607621,
      "recall_std": 0.0,
      "tnr": 0.9210014862238481,
      "tnr_std": 0.0,
      "fpr": 0.07899851377615183,
      "fpr_std": 0.0,
      "fnr": 0.008238928939237899,
      "fnr_std": 0.0,
      "f1": 0.7337142857142855,
      "f1_std": 0.0,
      "g_mean": 0.9557266452422039,
      "g_mean_std": 0.0,
      "true_positives": 963.0,
      "true_positives_std": 0.0,
      "false_positives": 691.0,
      "false_positives_std": 0.0,
      "false_negatives": 8.0,
      "false_negatives_std": 0.0,
      "true_negatives": 8056.0,
      "true_negatives_std": 0.0,
      "n_rows": 9718.0,
      "n_rows_std": 0.0,
      "n_injected": 971.0,
      "n_injected_std": 0.0,
      "n_predicted": 1654.0,
      "n_predicted_std": 0.0,
      "n_trials": 1
    }
  },
  "new_products": {
    "row_count": 38943,
    "product_count": 1215,
    "train_row_count": 146920,
    "train_product_count": 4859,
    "current_candidate_id": "if__contamination_auto__max_features_0p75__max_samples_512__n_estimators_200__threshold_0p42",
    "current_threshold": 0.42000000000000004,
    "current_f1": 0.5788086452293094,
    "current_hyperparameters": {
      "n_estimators": 200,
      "max_samples": 512,
      "max_features": 0.75,
      "contamination": "auto"
    },
    "current_metrics": {
      "threshold": 0.42000000000000004,
      "accuracy": 0.8768970033125337,
      "accuracy_std": 0.0,
      "precision": 0.43990384615384615,
      "precision_std": 0.0,
      "recall": 0.8459167950693375,
      "recall_std": 0.0,
      "tnr": 0.8803389540357784,
      "tnr_std": 0.0,
      "fpr": 0.11966104596422152,
      "fpr_std": 0.0,
      "fnr": 0.15408320493066255,
      "fnr_std": 0.0,
      "f1": 0.5788086452293094,
      "f1_std": 0.0,
      "g_mean": 0.8629562599417415,
      "g_mean_std": 0.0,
      "true_positives": 3294.0,
      "true_positives_std": 0.0,
      "false_positives": 4194.0,
      "false_positives_std": 0.0,
      "false_negatives": 600.0,
      "false_negatives_std": 0.0,
      "true_negatives": 30855.0,
      "true_negatives_std": 0.0,
      "n_rows": 38943.0,
      "n_rows_std": 0.0,
      "n_injected": 3894.0,
      "n_injected_std": 0.0,
      "n_predicted": 7488.0,
      "n_predicted_std": 0.0,
      "n_trials": 1
    },
    "best_candidate_id": "if__contamination_auto__max_features_0p75__max_samples_256__n_estimators_200__threshold_0p36",
    "best_threshold": 0.36,
    "best_f1": 0.5526544135047724,
    "best_hyperparameters": {
      "n_estimators": 200,
      "max_samples": 256,
      "max_features": 0.75,
      "contamination": "auto"
    },
    "best_metrics": {
      "threshold": 0.36,
      "accuracy": 0.8543769098425904,
      "accuracy_std": 0.0,
      "precision": 0.39883866560400777,
      "precision_std": 0.0,
      "recall": 0.8995891114535183,
      "recall_std": 0.0,
      "tnr": 0.8493537618762305,
      "tnr_std": 0.0,
      "fpr": 0.1506462381237696,
      "fpr_std": 0.0,
      "fnr": 0.10041088854648177,
      "fnr_std": 0.0,
      "f1": 0.5526544135047724,
      "f1_std": 0.0,
      "g_mean": 0.8741106314168369,
      "g_mean_std": 0.0,
      "true_positives": 3503.0,
      "true_positives_std": 0.0,
      "false_positives": 5280.0,
      "false_positives_std": 0.0,
      "false_negatives": 391.0,
      "false_negatives_std": 0.0,
      "true_negatives": 29769.0,
      "true_negatives_std": 0.0,
      "n_rows": 38943.0,
      "n_rows_std": 0.0,
      "n_injected": 3894.0,
      "n_injected_std": 0.0,
      "n_predicted": 8783.0,
      "n_predicted_std": 0.0,
      "n_trials": 1
    }
  }
}
