{
  "new_prices": {
    "row_count": 104126,
    "product_count": 52063,
    "train_row_count": 836863,
    "train_product_count": 52063,
    "current_candidate_id": "eif__max_features_0p5__max_samples_256__n_estimators_100__threshold_0p2",
    "current_threshold": 0.2,
    "current_f1": 0.2859750369077976,
    "current_hyperparameters": {
      "n_estimators": 100,
      "max_samples": 256,
      "max_features": 0.5
    },
    "current_metrics": {
      "threshold": 0.2,
      "accuracy": 0.7445306647715269,
      "accuracy_std": 0.0,
      "precision": 0.19845024773684014,
      "precision_std": 0.0,
      "recall": 0.5116212063004226,
      "recall_std": 0.0,
      "tnr": 0.7704078366092579,
      "tnr_std": 0.0,
      "fpr": 0.22959216339074204,
      "fpr_std": 0.0,
      "fnr": 0.48837879369957743,
      "fnr_std": 0.0,
      "f1": 0.2859750369077976,
      "f1_std": 0.0,
      "g_mean": 0.6278192309170908,
      "g_mean_std": 0.0,
      "true_positives": 5327.0,
      "true_positives_std": 0.0,
      "false_positives": 21516.0,
      "false_positives_std": 0.0,
      "false_negatives": 5085.0,
      "false_negatives_std": 0.0,
      "true_negatives": 72198.0,
      "true_negatives_std": 0.0,
      "n_rows": 104126.0,
      "n_rows_std": 0.0,
      "n_injected": 10412.0,
      "n_injected_std": 0.0,
      "n_predicted": 26843.0,
      "n_predicted_std": 0.0,
      "n_trials": 1
    },
    "best_candidate_id": "eif__max_features_0p5__max_samples_256__n_estimators_100__threshold_0p2",
    "best_threshold": 0.2,
    "best_f1": 0.2859750369077976,
    "best_hyperparameters": {
      "n_estimators": 100,
      "max_samples": 256,
      "max_features": 0.5
    },
    "best_metrics": {
      "threshold": 0.2,
      "accuracy": 0.7445306647715269,
      "accuracy_std": 0.0,
      "precision": 0.19845024773684014,
      "precision_std": 0.0,
      "recall": 0.5116212063004226,
      "recall_std": 0.0,
      "tnr": 0.7704078366092579,
      "tnr_std": 0.0,
      "fpr": 0.22959216339074204,
      "fpr_std": 0.0,
      "fnr": 0.48837879369957743,
      "fnr_std": 0.0,
      "f1": 0.2859750369077976,
      "f1_std": 0.0,
      "g_mean": 0.6278192309170908,
      "g_mean_std": 0.0,
      "true_positives": 5327.0,
      "true_positives_std": 0.0,
      "false_positives": 21516.0,
      "false_positives_std": 0.0,
      "false_negatives": 5085.0,
      "false_negatives_std": 0.0,
      "true_negatives": 72198.0,
      "true_negatives_std": 0.0,
      "n_rows": 104126.0,
      "n_rows_std": 0.0,
      "n_injected": 10412.0,
      "n_injected_std": 0.0,
      "n_predicted": 26843.0,
      "n_predicted_std": 0.0,
      "n_trials": 1
    }
  },
  "new_products": {
    "row_count": 235527,
    "product_count": 13016,
    "train_row_count": 836863,
    "train_product_count": 52063,
    "current_candidate_id": "eif__max_features_0p5__max_samples_256__n_estimators_100__threshold_0p2",
    "current_threshold": 0.2,
    "current_f1": 0.19273531852125012,
    "current_hyperparameters": {
      "n_estimators": 100,
      "max_samples": 256,
      "max_features": 0.5
    },
    "current_metrics": {
      "threshold": 0.2,
      "accuracy": 0.6282209682966284,
      "accuracy_std": 0.0,
      "precision": 0.12309522127228621,
      "precision_std": 0.0,
      "recall": 0.44382642663043476,
      "recall_std": 0.0,
      "tnr": 0.6487085741243072,
      "tnr_std": 0.0,
      "fpr": 0.3512914258756929,
      "fpr_std": 0.0,
      "fnr": 0.5561735733695652,
      "fnr_std": 0.0,
      "f1": 0.19273531852125012,
      "f1_std": 0.0,
      "g_mean": 0.5365761906552654,
      "g_mean_std": 0.0,
      "true_positives": 10453.0,
      "true_positives_std": 0.0,
      "false_positives": 74465.0,
      "false_positives_std": 0.0,
      "false_negatives": 13099.0,
      "false_negatives_std": 0.0,
      "true_negatives": 137510.0,
      "true_negatives_std": 0.0,
      "n_rows": 235527.0,
      "n_rows_std": 0.0,
      "n_injected": 23552.0,
      "n_injected_std": 0.0,
      "n_predicted": 84918.0,
      "n_predicted_std": 0.0,
      "n_trials": 1
    },
    "best_candidate_id": "eif__max_features_0p5__max_samples_256__n_estimators_100__threshold_0p2",
    "best_threshold": 0.2,
    "best_f1": 0.19273531852125012,
    "best_hyperparameters": {
      "n_estimators": 100,
      "max_samples": 256,
      "max_features": 0.5
    },
    "best_metrics": {
      "threshold": 0.2,
      "accuracy": 0.6282209682966284,
      "accuracy_std": 0.0,
      "precision": 0.12309522127228621,
      "precision_std": 0.0,
      "recall": 0.44382642663043476,
      "recall_std": 0.0,
      "tnr": 0.6487085741243072,
      "tnr_std": 0.0,
      "fpr": 0.3512914258756929,
      "fpr_std": 0.0,
      "fnr": 0.5561735733695652,
      "fnr_std": 0.0,
      "f1": 0.19273531852125012,
      "f1_std": 0.0,
      "g_mean": 0.5365761906552654,
      "g_mean_std": 0.0,
      "true_positives": 10453.0,
      "true_positives_std": 0.0,
      "false_positives": 74465.0,
      "false_positives_std": 0.0,
      "false_negatives": 13099.0,
      "false_negatives_std": 0.0,
      "true_negatives": 137510.0,
      "true_negatives_std": 0.0,
      "n_rows": 235527.0,
      "n_rows_std": 0.0,
      "n_injected": 23552.0,
      "n_injected_std": 0.0,
      "n_predicted": 84918.0,
      "n_predicted_std": 0.0,
      "n_trials": 1
    }
  }
}
