{
  "new_prices": {
    "row_count": 67208,
    "product_count": 33604,
    "train_row_count": 975854,
    "train_product_count": 33604,
    "current_candidate_id": "if__contamination_auto__max_features_0p75__max_samples_512__n_estimators_200__threshold_0p42",
    "current_threshold": 0.42000000000000004,
    "current_f1": 0.8016561514195584,
    "current_hyperparameters": {
      "n_estimators": 200,
      "max_samples": 512,
      "max_features": 0.75,
      "contamination": "auto"
    },
    "current_metrics": {
      "threshold": 0.42000000000000004,
      "accuracy": 0.9550946315914772,
      "accuracy_std": 0.0,
      "precision": 0.717867231638418,
      "precision_std": 0.0,
      "recall": 0.9075892857142858,
      "recall_std": 0.0,
      "tnr": 0.9603723052506282,
      "tnr_std": 0.0,
      "fpr": 0.03962769474937178,
      "fpr_std": 0.0,
      "fnr": 0.09241071428571429,
      "fnr_std": 0.0,
      "f1": 0.8016561514195584,
      "f1_std": 0.0,
      "g_mean": 0.9336078483722166,
      "g_mean_std": 0.0,
      "true_positives": 6099.0,
      "true_positives_std": 0.0,
      "false_positives": 2397.0,
      "false_positives_std": 0.0,
      "false_negatives": 621.0,
      "false_negatives_std": 0.0,
      "true_negatives": 58091.0,
      "true_negatives_std": 0.0,
      "n_rows": 67208.0,
      "n_rows_std": 0.0,
      "n_injected": 6720.0,
      "n_injected_std": 0.0,
      "n_predicted": 8496.0,
      "n_predicted_std": 0.0,
      "n_trials": 1
    },
    "best_candidate_id": "if__contamination_auto__max_features_0p75__max_samples_512__n_estimators_100__threshold_0p36",
    "best_threshold": 0.36,
    "best_f1": 0.7497405143582055,
    "best_hyperparameters": {
      "n_estimators": 100,
      "max_samples": 512,
      "max_features": 0.75,
      "contamination": "auto"
    },
    "best_metrics": {
      "threshold": 0.36,
      "accuracy": 0.9354243542435424,
      "accuracy_std": 0.0,
      "precision": 0.6120316324609302,
      "precision_std": 0.0,
      "recall": 0.9674107142857142,
      "recall_std": 0.0,
      "tnr": 0.9318707842877926,
      "tnr_std": 0.0,
      "fpr": 0.06812921571220738,
      "fpr_std": 0.0,
      "fnr": 0.032589285714285716,
      "fnr_std": 0.0,
      "f1": 0.7497405143582055,
      "f1_std": 0.0,
      "g_mean": 0.9494744762498053,
      "g_mean_std": 0.0,
      "true_positives": 6501.0,
      "true_positives_std": 0.0,
      "false_positives": 4121.0,
      "false_positives_std": 0.0,
      "false_negatives": 219.0,
      "false_negatives_std": 0.0,
      "true_negatives": 56367.0,
      "true_negatives_std": 0.0,
      "n_rows": 67208.0,
      "n_rows_std": 0.0,
      "n_injected": 6720.0,
      "n_injected_std": 0.0,
      "n_predicted": 10622.0,
      "n_predicted_std": 0.0,
      "n_trials": 1
    }
  },
  "new_products": {
    "row_count": 260895,
    "product_count": 8401,
    "train_row_count": 975854,
    "train_product_count": 33604,
    "current_candidate_id": "if__contamination_auto__max_features_0p75__max_samples_512__n_estimators_200__threshold_0p42",
    "current_threshold": 0.42000000000000004,
    "current_f1": 0.604104167546936,
    "current_hyperparameters": {
      "n_estimators": 200,
      "max_samples": 512,
      "max_features": 0.75,
      "contamination": "auto"
    },
    "current_metrics": {
      "threshold": 0.42000000000000004,
      "accuracy": 0.8922593380478737,
      "accuracy_std": 0.0,
      "precision": 0.47751157819736373,
      "precision_std": 0.0,
      "recall": 0.8220322741385259,
      "recall_std": 0.0,
      "tnr": 0.9000621789903154,
      "tnr_std": 0.0,
      "fpr": 0.0999378210096846,
      "fpr_std": 0.0,
      "fnr": 0.1779677258614742,
      "fnr_std": 0.0,
      "f1": 0.604104167546936,
      "f1_std": 0.0,
      "g_mean": 0.8601628682182728,
      "g_mean_std": 0.0,
      "true_positives": 21446.0,
      "true_positives_std": 0.0,
      "false_positives": 23466.0,
      "false_positives_std": 0.0,
      "false_negatives": 4643.0,
      "false_negatives_std": 0.0,
      "true_negatives": 211340.0,
      "true_negatives_std": 0.0,
      "n_rows": 260895.0,
      "n_rows_std": 0.0,
      "n_injected": 26089.0,
      "n_injected_std": 0.0,
      "n_predicted": 44912.0,
      "n_predicted_std": 0.0,
      "n_trials": 1
    },
    "best_candidate_id": "if__contamination_auto__max_features_0p75__max_samples_512__n_estimators_100__threshold_0p36",
    "best_threshold": 0.36,
    "best_f1": 0.5681624380538082,
    "best_hyperparameters": {
      "n_estimators": 100,
      "max_samples": 512,
      "max_features": 0.75,
      "contamination": "auto"
    },
    "best_metrics": {
      "threshold": 0.36,
      "accuracy": 0.8660648920063627,
      "accuracy_std": 0.0,
      "precision": 0.41925658422703727,
      "precision_std": 0.0,
      "recall": 0.8810993138870788,
      "recall_std": 0.0,
      "tnr": 0.8643944362580173,
      "tnr_std": 0.0,
      "fpr": 0.13560556374198274,
      "fpr_std": 0.0,
      "fnr": 0.11890068611292115,
      "fnr_std": 0.0,
      "f1": 0.5681624380538082,
      "f1_std": 0.0,
      "g_mean": 0.8727069065354917,
      "g_mean_std": 0.0,
      "true_positives": 22987.0,
      "true_positives_std": 0.0,
      "false_positives": 31841.0,
      "false_positives_std": 0.0,
      "false_negatives": 3102.0,
      "false_negatives_std": 0.0,
      "true_negatives": 202965.0,
      "true_negatives_std": 0.0,
      "n_rows": 260895.0,
      "n_rows_std": 0.0,
      "n_injected": 26089.0,
      "n_injected_std": 0.0,
      "n_predicted": 54828.0,
      "n_predicted_std": 0.0,
      "n_trials": 1
    }
  }
}
