{
  "new_prices": {
    "row_count": 104688,
    "product_count": 52344,
    "train_row_count": 974118,
    "train_product_count": 52344,
    "current_candidate_id": "if__contamination_auto__max_features_0p75__max_samples_512__n_estimators_200__threshold_0p42",
    "current_threshold": 0.42000000000000004,
    "current_f1": 0.7000254647313472,
    "current_hyperparameters": {
      "n_estimators": 200,
      "max_samples": 512,
      "max_features": 0.75,
      "contamination": "auto"
    },
    "current_metrics": {
      "threshold": 0.42000000000000004,
      "accuracy": 0.9324850985786337,
      "accuracy_std": 0.0,
      "precision": 0.6298304566977242,
      "precision_std": 0.0,
      "recall": 0.7878295758502102,
      "recall_std": 0.0,
      "tnr": 0.9485565697304181,
      "tnr_std": 0.0,
      "fpr": 0.05144343026958183,
      "fpr_std": 0.0,
      "fnr": 0.21217042414978984,
      "fnr_std": 0.0,
      "f1": 0.7000254647313472,
      "f1_std": 0.0,
      "g_mean": 0.8644656846865847,
      "g_mean_std": 0.0,
      "true_positives": 8247.0,
      "true_positives_std": 0.0,
      "false_positives": 4847.0,
      "false_positives_std": 0.0,
      "false_negatives": 2221.0,
      "false_negatives_std": 0.0,
      "true_negatives": 89373.0,
      "true_negatives_std": 0.0,
      "n_rows": 104688.0,
      "n_rows_std": 0.0,
      "n_injected": 10468.0,
      "n_injected_std": 0.0,
      "n_predicted": 13094.0,
      "n_predicted_std": 0.0,
      "n_trials": 1
    },
    "best_candidate_id": "if__contamination_auto__max_features_0p75__max_samples_256__n_estimators_200__threshold_0p36",
    "best_threshold": 0.36,
    "best_f1": 0.6241297028732063,
    "best_hyperparameters": {
      "n_estimators": 200,
      "max_samples": 256,
      "max_features": 0.75,
      "contamination": "auto"
    },
    "best_metrics": {
      "threshold": 0.36,
      "accuracy": 0.8901593305823017,
      "accuracy_std": 0.0,
      "precision": 0.4743850931677019,
      "precision_std": 0.0,
      "recall": 0.9120175773786778,
      "recall_std": 0.0,
      "tnr": 0.8877308427085544,
      "tnr_std": 0.0,
      "fpr": 0.11226915729144556,
      "fpr_std": 0.0,
      "fnr": 0.08798242262132212,
      "fnr_std": 0.0,
      "f1": 0.6241297028732063,
      "f1_std": 0.0,
      "g_mean": 0.8997922718780085,
      "g_mean_std": 0.0,
      "true_positives": 9547.0,
      "true_positives_std": 0.0,
      "false_positives": 10578.0,
      "false_positives_std": 0.0,
      "false_negatives": 921.0,
      "false_negatives_std": 0.0,
      "true_negatives": 83642.0,
      "true_negatives_std": 0.0,
      "n_rows": 104688.0,
      "n_rows_std": 0.0,
      "n_injected": 10468.0,
      "n_injected_std": 0.0,
      "n_predicted": 20125.0,
      "n_predicted_std": 0.0,
      "n_trials": 1
    }
  },
  "new_products": {
    "row_count": 268950,
    "product_count": 13087,
    "train_row_count": 974118,
    "train_product_count": 52344,
    "current_candidate_id": "if__contamination_auto__max_features_0p75__max_samples_512__n_estimators_200__threshold_0p42",
    "current_threshold": 0.42000000000000004,
    "current_f1": 0.5613807657521858,
    "current_hyperparameters": {
      "n_estimators": 200,
      "max_samples": 512,
      "max_features": 0.75,
      "contamination": "auto"
    },
    "current_metrics": {
      "threshold": 0.42000000000000004,
      "accuracy": 0.8918088864101134,
      "accuracy_std": 0.0,
      "precision": 0.4720750411966029,
      "precision_std": 0.0,
      "recall": 0.6923591745677635,
      "recall_std": 0.0,
      "tnr": 0.9139699655037078,
      "tnr_std": 0.0,
      "fpr": 0.08603003449629217,
      "fpr_std": 0.0,
      "fnr": 0.3076408254322365,
      "fnr_std": 0.0,
      "f1": 0.5613807657521858,
      "f1_std": 0.0,
      "g_mean": 0.7954844378715867,
      "g_mean_std": 0.0,
      "true_positives": 18621.0,
      "true_positives_std": 0.0,
      "false_positives": 20824.0,
      "false_positives_std": 0.0,
      "false_negatives": 8274.0,
      "false_negatives_std": 0.0,
      "true_negatives": 221231.0,
      "true_negatives_std": 0.0,
      "n_rows": 268950.0,
      "n_rows_std": 0.0,
      "n_injected": 26895.0,
      "n_injected_std": 0.0,
      "n_predicted": 39445.0,
      "n_predicted_std": 0.0,
      "n_trials": 1
    },
    "best_candidate_id": "if__contamination_auto__max_features_0p75__max_samples_256__n_estimators_200__threshold_0p36",
    "best_threshold": 0.36,
    "best_f1": 0.5342818922534356,
    "best_hyperparameters": {
      "n_estimators": 200,
      "max_samples": 256,
      "max_features": 0.75,
      "contamination": "auto"
    },
    "best_metrics": {
      "threshold": 0.36,
      "accuracy": 0.8576092210448039,
      "accuracy_std": 0.0,
      "precision": 0.39698201861389715,
      "precision_std": 0.0,
      "recall": 0.8167689161554192,
      "recall_std": 0.0,
      "tnr": 0.8621470326991799,
      "tnr_std": 0.0,
      "fpr": 0.13785296730082006,
      "fpr_std": 0.0,
      "fnr": 0.18323108384458078,
      "fnr_std": 0.0,
      "f1": 0.5342818922534356,
      "f1_std": 0.0,
      "g_mean": 0.8391512959319791,
      "g_mean_std": 0.0,
      "true_positives": 21967.0,
      "true_positives_std": 0.0,
      "false_positives": 33368.0,
      "false_positives_std": 0.0,
      "false_negatives": 4928.0,
      "false_negatives_std": 0.0,
      "true_negatives": 208687.0,
      "true_negatives_std": 0.0,
      "n_rows": 268950.0,
      "n_rows_std": 0.0,
      "n_injected": 26895.0,
      "n_injected_std": 0.0,
      "n_predicted": 55335.0,
      "n_predicted_std": 0.0,
      "n_trials": 1
    }
  }
}
