{
  "new_prices": {
    "row_count": 18662,
    "product_count": 9331,
    "train_row_count": 99162,
    "train_product_count": 9331,
    "current_candidate_id": "eif__max_features_0p75__max_samples_512__n_estimators_200__threshold_0p25",
    "current_threshold": 0.25,
    "current_f1": 0.36116910229645094,
    "current_hyperparameters": {
      "n_estimators": 200,
      "max_samples": 512,
      "max_features": 0.75
    },
    "current_metrics": {
      "threshold": 0.25,
      "accuracy": 0.8360304361804737,
      "accuracy_std": 0.0,
      "precision": 0.295827633378933,
      "precision_std": 0.0,
      "recall": 0.46355841371918544,
      "recall_std": 0.0,
      "tnr": 0.8774112884020004,
      "tnr_std": 0.0,
      "fpr": 0.12258871159799953,
      "fpr_std": 0.0,
      "fnr": 0.5364415862808146,
      "fnr_std": 0.0,
      "f1": 0.36116910229645094,
      "f1_std": 0.0,
      "g_mean": 0.637754956884647,
      "g_mean_std": 0.0,
      "true_positives": 865.0,
      "true_positives_std": 0.0,
      "false_positives": 2059.0,
      "false_positives_std": 0.0,
      "false_negatives": 1001.0,
      "false_negatives_std": 0.0,
      "true_negatives": 14737.0,
      "true_negatives_std": 0.0,
      "n_rows": 18662.0,
      "n_rows_std": 0.0,
      "n_injected": 1866.0,
      "n_injected_std": 0.0,
      "n_predicted": 2924.0,
      "n_predicted_std": 0.0,
      "n_trials": 1
    },
    "best_candidate_id": "eif__max_features_0p5__max_samples_256__n_estimators_100__threshold_0p2",
    "best_threshold": 0.2,
    "best_f1": 0.3236027578113539,
    "best_hyperparameters": {
      "n_estimators": 100,
      "max_samples": 256,
      "max_features": 0.5
    },
    "best_metrics": {
      "threshold": 0.2,
      "accuracy": 0.7529203729503805,
      "accuracy_std": 0.0,
      "precision": 0.2227832761058372,
      "precision_std": 0.0,
      "recall": 0.5911039657020365,
      "recall_std": 0.0,
      "tnr": 0.7708978328173375,
      "tnr_std": 0.0,
      "fpr": 0.22910216718266255,
      "fpr_std": 0.0,
      "fnr": 0.40889603429796356,
      "fnr_std": 0.0,
      "f1": 0.3236027578113539,
      "f1_std": 0.0,
      "g_mean": 0.6750413069801238,
      "g_mean_std": 0.0,
      "true_positives": 1103.0,
      "true_positives_std": 0.0,
      "false_positives": 3848.0,
      "false_positives_std": 0.0,
      "false_negatives": 763.0,
      "false_negatives_std": 0.0,
      "true_negatives": 12948.0,
      "true_negatives_std": 0.0,
      "n_rows": 18662.0,
      "n_rows_std": 0.0,
      "n_injected": 1866.0,
      "n_injected_std": 0.0,
      "n_predicted": 4951.0,
      "n_predicted_std": 0.0,
      "n_trials": 1
    }
  },
  "new_products": {
    "row_count": 29065,
    "product_count": 2333,
    "train_row_count": 99162,
    "train_product_count": 9331,
    "current_candidate_id": "eif__max_features_0p75__max_samples_512__n_estimators_200__threshold_0p25",
    "current_threshold": 0.25,
    "current_f1": 0.22116393574945514,
    "current_hyperparameters": {
      "n_estimators": 200,
      "max_samples": 512,
      "max_features": 0.75
    },
    "current_metrics": {
      "threshold": 0.25,
      "accuracy": 0.6680199552726647,
      "accuracy_std": 0.0,
      "precision": 0.14446904987873035,
      "precision_std": 0.0,
      "recall": 0.47143840330351,
      "recall_std": 0.0,
      "tnr": 0.6898581750066899,
      "tnr_std": 0.0,
      "fpr": 0.31014182499331017,
      "fpr_std": 0.0,
      "fnr": 0.52856159669649,
      "fnr_std": 0.0,
      "f1": 0.22116393574945514,
      "f1_std": 0.0,
      "g_mean": 0.5702855745422878,
      "g_mean_std": 0.0,
      "true_positives": 1370.0,
      "true_positives_std": 0.0,
      "false_positives": 8113.0,
      "false_positives_std": 0.0,
      "false_negatives": 1536.0,
      "false_negatives_std": 0.0,
      "true_negatives": 18046.0,
      "true_negatives_std": 0.0,
      "n_rows": 29065.0,
      "n_rows_std": 0.0,
      "n_injected": 2906.0,
      "n_injected_std": 0.0,
      "n_predicted": 9483.0,
      "n_predicted_std": 0.0,
      "n_trials": 1
    },
    "best_candidate_id": "eif__max_features_0p5__max_samples_256__n_estimators_100__threshold_0p2",
    "best_threshold": 0.2,
    "best_f1": 0.21800195407914022,
    "best_hyperparameters": {
      "n_estimators": 100,
      "max_samples": 256,
      "max_features": 0.5
    },
    "best_metrics": {
      "threshold": 0.2,
      "accuracy": 0.5594013418200585,
      "accuracy_std": 0.0,
      "precision": 0.13251670378619154,
      "precision_std": 0.0,
      "recall": 0.6142463867859601,
      "recall_std": 0.0,
      "tnr": 0.5533086127145533,
      "tnr_std": 0.0,
      "fpr": 0.4466913872854467,
      "fpr_std": 0.0,
      "fnr": 0.3857536132140399,
      "fnr_std": 0.0,
      "f1": 0.21800195407914022,
      "f1_std": 0.0,
      "g_mean": 0.5829818317387485,
      "g_mean_std": 0.0,
      "true_positives": 1785.0,
      "true_positives_std": 0.0,
      "false_positives": 11685.0,
      "false_positives_std": 0.0,
      "false_negatives": 1121.0,
      "false_negatives_std": 0.0,
      "true_negatives": 14474.0,
      "true_negatives_std": 0.0,
      "n_rows": 29065.0,
      "n_rows_std": 0.0,
      "n_injected": 2906.0,
      "n_injected_std": 0.0,
      "n_predicted": 13470.0,
      "n_predicted_std": 0.0,
      "n_trials": 1
    }
  }
}
