{
  "new_prices": {
    "row_count": 34016,
    "product_count": 17008,
    "train_row_count": 257617,
    "train_product_count": 17008,
    "current_candidate_id": "rrcf__num_trees_40__tree_size_256__warmup_samples_32__threshold_0p8",
    "current_threshold": 0.8,
    "current_f1": 0.023764515257899,
    "current_hyperparameters": {
      "num_trees": 40,
      "tree_size": 256,
      "warmup_samples": 32
    },
    "current_metrics": {
      "threshold": 0.8,
      "accuracy": 0.8937264816556915,
      "accuracy_std": 0.0,
      "precision": 0.1456953642384106,
      "precision_std": 0.0,
      "recall": 0.012937371361364304,
      "recall_std": 0.0,
      "tnr": 0.9915727584517393,
      "tnr_std": 0.0,
      "fpr": 0.008427241548260656,
      "fpr_std": 0.0,
      "fnr": 0.9870626286386357,
      "fnr_std": 0.0,
      "f1": 0.023764515257899,
      "f1_std": 0.0,
      "g_mean": 0.11326228413687646,
      "g_mean_std": 0.0,
      "true_positives": 44.0,
      "true_positives_std": 0.0,
      "false_positives": 258.0,
      "false_positives_std": 0.0,
      "false_negatives": 3357.0,
      "false_negatives_std": 0.0,
      "true_negatives": 30357.0,
      "true_negatives_std": 0.0,
      "n_rows": 34016.0,
      "n_rows_std": 0.0,
      "n_injected": 3401.0,
      "n_injected_std": 0.0,
      "n_predicted": 302.0,
      "n_predicted_std": 0.0,
      "n_trials": 1
    },
    "best_candidate_id": "rrcf__num_trees_80__tree_size_128__warmup_samples_32__threshold_0p73",
    "best_threshold": 0.7250000000000001,
    "best_f1": 0.2829287703939514,
    "best_hyperparameters": {
      "num_trees": 80,
      "tree_size": 128,
      "warmup_samples": 32
    },
    "best_metrics": {
      "threshold": 0.7250000000000001,
      "accuracy": 0.6821495766698025,
      "accuracy_std": 0.0,
      "precision": 0.18266678085124605,
      "precision_std": 0.0,
      "recall": 0.627168479858865,
      "recall_std": 0.0,
      "tnr": 0.6882573901682182,
      "tnr_std": 0.0,
      "fpr": 0.3117426098317818,
      "fpr_std": 0.0,
      "fnr": 0.37283152014113496,
      "fnr_std": 0.0,
      "f1": 0.2829287703939514,
      "f1_std": 0.0,
      "g_mean": 0.6570033037538177,
      "g_mean_std": 0.0,
      "true_positives": 2133.0,
      "true_positives_std": 0.0,
      "false_positives": 9544.0,
      "false_positives_std": 0.0,
      "false_negatives": 1268.0,
      "false_negatives_std": 0.0,
      "true_negatives": 21071.0,
      "true_negatives_std": 0.0,
      "n_rows": 34016.0,
      "n_rows_std": 0.0,
      "n_injected": 3401.0,
      "n_injected_std": 0.0,
      "n_predicted": 11677.0,
      "n_predicted_std": 0.0,
      "n_trials": 1
    }
  },
  "new_products": {
    "row_count": 74523,
    "product_count": 4252,
    "train_row_count": 257617,
    "train_product_count": 17008,
    "current_candidate_id": "rrcf__num_trees_40__tree_size_256__warmup_samples_32__threshold_0p8",
    "current_threshold": 0.8,
    "current_f1": 0.17569352708058125,
    "current_hyperparameters": {
      "num_trees": 40,
      "tree_size": 256,
      "warmup_samples": 32
    },
    "current_metrics": {
      "threshold": 0.8,
      "accuracy": 0.8827744454732096,
      "accuracy_std": 0.0,
      "precision": 0.29593134138588684,
      "precision_std": 0.0,
      "recall": 0.12493290391841116,
      "recall_std": 0.0,
      "tnr": 0.9669752948368148,
      "tnr_std": 0.0,
      "fpr": 0.03302470516318528,
      "fpr_std": 0.0,
      "fnr": 0.8750670960815888,
      "fnr_std": 0.0,
      "f1": 0.17569352708058125,
      "f1_std": 0.0,
      "g_mean": 0.34757305937216293,
      "g_mean_std": 0.0,
      "true_positives": 931.0,
      "true_positives_std": 0.0,
      "false_positives": 2215.0,
      "false_positives_std": 0.0,
      "false_negatives": 6521.0,
      "false_negatives_std": 0.0,
      "true_negatives": 64856.0,
      "true_negatives_std": 0.0,
      "n_rows": 74523.0,
      "n_rows_std": 0.0,
      "n_injected": 7452.0,
      "n_injected_std": 0.0,
      "n_predicted": 3146.0,
      "n_predicted_std": 0.0,
      "n_trials": 1
    },
    "best_candidate_id": "rrcf__num_trees_80__tree_size_128__warmup_samples_32__threshold_0p73",
    "best_threshold": 0.7250000000000001,
    "best_f1": 0.22308582768314864,
    "best_hyperparameters": {
      "num_trees": 80,
      "tree_size": 128,
      "warmup_samples": 32
    },
    "best_metrics": {
      "threshold": 0.7250000000000001,
      "accuracy": 0.7478362384767119,
      "accuracy_std": 0.0,
      "precision": 0.1612093690248566,
      "precision_std": 0.0,
      "recall": 0.3620504562533548,
      "recall_std": 0.0,
      "tnr": 0.7906994080899346,
      "tnr_std": 0.0,
      "fpr": 0.20930059191006545,
      "fpr_std": 0.0,
      "fnr": 0.6379495437466451,
      "fnr_std": 0.0,
      "f1": 0.22308582768314864,
      "f1_std": 0.0,
      "g_mean": 0.5350449340552795,
      "g_mean_std": 0.0,
      "true_positives": 2698.0,
      "true_positives_std": 0.0,
      "false_positives": 14038.0,
      "false_positives_std": 0.0,
      "false_negatives": 4754.0,
      "false_negatives_std": 0.0,
      "true_negatives": 53033.0,
      "true_negatives_std": 0.0,
      "n_rows": 74523.0,
      "n_rows_std": 0.0,
      "n_injected": 7452.0,
      "n_injected_std": 0.0,
      "n_predicted": 16736.0,
      "n_predicted_std": 0.0,
      "n_trials": 1
    }
  }
}
