{
  "new_prices": {
    "row_count": 50470,
    "product_count": 25235,
    "train_row_count": 660340,
    "train_product_count": 25235,
    "current_candidate_id": "if__contamination_auto__max_features_0p75__max_samples_512__n_estimators_200__threshold_0p42",
    "current_threshold": 0.42000000000000004,
    "current_f1": 0.7510480777807511,
    "current_hyperparameters": {
      "n_estimators": 200,
      "max_samples": 512,
      "max_features": 0.75,
      "contamination": "auto"
    },
    "current_metrics": {
      "threshold": 0.42000000000000004,
      "accuracy": 0.9446998216762433,
      "accuracy_std": 0.0,
      "precision": 0.6829980532121999,
      "precision_std": 0.0,
      "recall": 0.834158906280959,
      "recall_std": 0.0,
      "tnr": 0.9569821456090527,
      "tnr_std": 0.0,
      "fpr": 0.04301785439094732,
      "fpr_std": 0.0,
      "fnr": 0.16584109371904102,
      "fnr_std": 0.0,
      "f1": 0.7510480777807511,
      "f1_std": 0.0,
      "g_mean": 0.8934624669854089,
      "g_mean_std": 0.0,
      "true_positives": 4210.0,
      "true_positives_std": 0.0,
      "false_positives": 1954.0,
      "false_positives_std": 0.0,
      "false_negatives": 837.0,
      "false_negatives_std": 0.0,
      "true_negatives": 43469.0,
      "true_negatives_std": 0.0,
      "n_rows": 50470.0,
      "n_rows_std": 0.0,
      "n_injected": 5047.0,
      "n_injected_std": 0.0,
      "n_predicted": 6164.0,
      "n_predicted_std": 0.0,
      "n_trials": 1
    },
    "best_candidate_id": "if__contamination_auto__max_features_0p75__max_samples_256__n_estimators_200__threshold_0p36",
    "best_threshold": 0.36,
    "best_f1": 0.659637110578569,
    "best_hyperparameters": {
      "n_estimators": 200,
      "max_samples": 256,
      "max_features": 0.75,
      "contamination": "auto"
    },
    "best_metrics": {
      "threshold": 0.36,
      "accuracy": 0.9015058450564691,
      "accuracy_std": 0.0,
      "precision": 0.503975727139569,
      "precision_std": 0.0,
      "recall": 0.954428373291064,
      "recall_std": 0.0,
      "tnr": 0.8956255641415142,
      "tnr_std": 0.0,
      "fpr": 0.10437443585848578,
      "fpr_std": 0.0,
      "fnr": 0.045571626708936004,
      "fnr_std": 0.0,
      "f1": 0.659637110578569,
      "f1_std": 0.0,
      "g_mean": 0.9245595980040858,
      "g_mean_std": 0.0,
      "true_positives": 4817.0,
      "true_positives_std": 0.0,
      "false_positives": 4741.0,
      "false_positives_std": 0.0,
      "false_negatives": 230.0,
      "false_negatives_std": 0.0,
      "true_negatives": 40682.0,
      "true_negatives_std": 0.0,
      "n_rows": 50470.0,
      "n_rows_std": 0.0,
      "n_injected": 5047.0,
      "n_injected_std": 0.0,
      "n_predicted": 9558.0,
      "n_predicted_std": 0.0,
      "n_trials": 1
    }
  },
  "new_products": {
    "row_count": 178172,
    "product_count": 6309,
    "train_row_count": 660340,
    "train_product_count": 25235,
    "current_candidate_id": "if__contamination_auto__max_features_0p75__max_samples_512__n_estimators_200__threshold_0p42",
    "current_threshold": 0.42000000000000004,
    "current_f1": 0.6060755853143396,
    "current_hyperparameters": {
      "n_estimators": 200,
      "max_samples": 512,
      "max_features": 0.75,
      "contamination": "auto"
    },
    "current_metrics": {
      "threshold": 0.42000000000000004,
      "accuracy": 0.9016007004467593,
      "accuracy_std": 0.0,
      "precision": 0.5053392783543782,
      "precision_std": 0.0,
      "recall": 0.7569736768255038,
      "recall_std": 0.0,
      "tnr": 0.9176701693118393,
      "tnr_std": 0.0,
      "fpr": 0.08232983068816065,
      "fpr_std": 0.0,
      "fnr": 0.24302632317449627,
      "fnr_std": 0.0,
      "f1": 0.6060755853143396,
      "f1_std": 0.0,
      "g_mean": 0.8334579546546218,
      "g_mean_std": 0.0,
      "true_positives": 13487.0,
      "true_positives_std": 0.0,
      "false_positives": 13202.0,
      "false_positives_std": 0.0,
      "false_negatives": 4330.0,
      "false_negatives_std": 0.0,
      "true_negatives": 147153.0,
      "true_negatives_std": 0.0,
      "n_rows": 178172.0,
      "n_rows_std": 0.0,
      "n_injected": 17817.0,
      "n_injected_std": 0.0,
      "n_predicted": 26689.0,
      "n_predicted_std": 0.0,
      "n_trials": 1
    },
    "best_candidate_id": "if__contamination_auto__max_features_0p75__max_samples_256__n_estimators_200__threshold_0p36",
    "best_threshold": 0.36,
    "best_f1": 0.5564971245319527,
    "best_hyperparameters": {
      "n_estimators": 200,
      "max_samples": 256,
      "max_features": 0.75,
      "contamination": "auto"
    },
    "best_metrics": {
      "threshold": 0.36,
      "accuracy": 0.8610612217407898,
      "accuracy_std": 0.0,
      "precision": 0.40871052631578947,
      "precision_std": 0.0,
      "recall": 0.8716955716450581,
      "recall_std": 0.0,
      "tnr": 0.8598796420442144,
      "tnr_std": 0.0,
      "fpr": 0.1401203579557856,
      "fpr_std": 0.0,
      "fnr": 0.1283044283549419,
      "fnr_std": 0.0,
      "f1": 0.5564971245319527,
      "f1_std": 0.0,
      "g_mean": 0.8657674492135168,
      "g_mean_std": 0.0,
      "true_positives": 15531.0,
      "true_positives_std": 0.0,
      "false_positives": 22469.0,
      "false_positives_std": 0.0,
      "false_negatives": 2286.0,
      "false_negatives_std": 0.0,
      "true_negatives": 137886.0,
      "true_negatives_std": 0.0,
      "n_rows": 178172.0,
      "n_rows_std": 0.0,
      "n_injected": 17817.0,
      "n_injected_std": 0.0,
      "n_predicted": 38000.0,
      "n_predicted_std": 0.0,
      "n_trials": 1
    }
  }
}
