{
  "new_prices": {
    "row_count": 320000,
    "product_count": 160000,
    "train_row_count": 1564572,
    "train_product_count": 160000,
    "current_candidate_id": "rrcf__num_trees_40__tree_size_256__warmup_samples_32__threshold_0p8",
    "current_threshold": 0.8,
    "current_f1": 0.008499271491015058,
    "current_hyperparameters": {
      "num_trees": 40,
      "tree_size": 256,
      "warmup_samples": 32
    },
    "current_metrics": {
      "threshold": 0.8,
      "accuracy": 0.897925,
      "accuracy_std": 0.0,
      "precision": 0.1483050847457627,
      "precision_std": 0.0,
      "recall": 0.004375,
      "recall_std": 0.0,
      "tnr": 0.9972083333333334,
      "tnr_std": 0.0,
      "fpr": 0.0027916666666666667,
      "fpr_std": 0.0,
      "fnr": 0.995625,
      "fnr_std": 0.0,
      "f1": 0.008499271491015058,
      "f1_std": 0.0,
      "g_mean": 0.0660513925540812,
      "g_mean_std": 0.0,
      "true_positives": 140.0,
      "true_positives_std": 0.0,
      "false_positives": 804.0,
      "false_positives_std": 0.0,
      "false_negatives": 31860.0,
      "false_negatives_std": 0.0,
      "true_negatives": 287196.0,
      "true_negatives_std": 0.0,
      "n_rows": 320000.0,
      "n_rows_std": 0.0,
      "n_injected": 32000.0,
      "n_injected_std": 0.0,
      "n_predicted": 944.0,
      "n_predicted_std": 0.0,
      "n_trials": 1
    },
    "best_candidate_id": "rrcf__num_trees_80__tree_size_128__warmup_samples_32__threshold_0p65",
    "best_threshold": 0.6499999999999999,
    "best_f1": 0.2191218300548856,
    "best_hyperparameters": {
      "num_trees": 80,
      "tree_size": 128,
      "warmup_samples": 32
    },
    "best_metrics": {
      "threshold": 0.6499999999999999,
      "accuracy": 0.5127125,
      "accuracy_std": 0.0,
      "precision": 0.13046848909880254,
      "precision_std": 0.0,
      "recall": 0.6836875,
      "recall_std": 0.0,
      "tnr": 0.4937152777777778,
      "tnr_std": 0.0,
      "fpr": 0.5062847222222222,
      "fpr_std": 0.0,
      "fnr": 0.3163125,
      "fnr_std": 0.0,
      "f1": 0.2191218300548856,
      "f1_std": 0.0,
      "g_mean": 0.5809879206796769,
      "g_mean_std": 0.0,
      "true_positives": 21878.0,
      "true_positives_std": 0.0,
      "false_positives": 145810.0,
      "false_positives_std": 0.0,
      "false_negatives": 10122.0,
      "false_negatives_std": 0.0,
      "true_negatives": 142190.0,
      "true_negatives_std": 0.0,
      "n_rows": 320000.0,
      "n_rows_std": 0.0,
      "n_injected": 32000.0,
      "n_injected_std": 0.0,
      "n_predicted": 167688.0,
      "n_predicted_std": 0.0,
      "n_trials": 1
    }
  },
  "new_products": {
    "row_count": 471107,
    "product_count": 40000,
    "train_row_count": 1564572,
    "train_product_count": 160000,
    "current_candidate_id": "rrcf__num_trees_40__tree_size_256__warmup_samples_32__threshold_0p8",
    "current_threshold": 0.8,
    "current_f1": 0.0824545658514696,
    "current_hyperparameters": {
      "num_trees": 40,
      "tree_size": 256,
      "warmup_samples": 32
    },
    "current_metrics": {
      "threshold": 0.8,
      "accuracy": 0.8958325815579051,
      "accuracy_std": 0.0,
      "precision": 0.3459366175086288,
      "precision_std": 0.0,
      "recall": 0.046805349182763745,
      "recall_std": 0.0,
      "tnr": 0.9901673832597873,
      "tnr_std": 0.0,
      "fpr": 0.009832616740212784,
      "fpr_std": 0.0,
      "fnr": 0.9531946508172363,
      "fnr_std": 0.0,
      "f1": 0.0824545658514696,
      "f1_std": 0.0,
      "g_mean": 0.21527919110508056,
      "g_mean_std": 0.0,
      "true_positives": 2205.0,
      "true_positives_std": 0.0,
      "false_positives": 4169.0,
      "false_positives_std": 0.0,
      "false_negatives": 44905.0,
      "false_negatives_std": 0.0,
      "true_negatives": 419828.0,
      "true_negatives_std": 0.0,
      "n_rows": 471107.0,
      "n_rows_std": 0.0,
      "n_injected": 47110.0,
      "n_injected_std": 0.0,
      "n_predicted": 6374.0,
      "n_predicted_std": 0.0,
      "n_trials": 1
    },
    "best_candidate_id": "rrcf__num_trees_80__tree_size_128__warmup_samples_32__threshold_0p65",
    "best_threshold": 0.6499999999999999,
    "best_f1": 0.21266597021516398,
    "best_hyperparameters": {
      "num_trees": 80,
      "tree_size": 128,
      "warmup_samples": 32
    },
    "best_metrics": {
      "threshold": 0.6499999999999999,
      "accuracy": 0.49287316894038935,
      "accuracy_std": 0.0,
      "precision": 0.12587532623579484,
      "precision_std": 0.0,
      "recall": 0.6849076629165782,
      "recall_std": 0.0,
      "tnr": 0.47153635521006043,
      "tnr_std": 0.0,
      "fpr": 0.5284636447899396,
      "fpr_std": 0.0,
      "fnr": 0.31509233708342177,
      "fnr_std": 0.0,
      "f1": 0.21266597021516398,
      "f1_std": 0.0,
      "g_mean": 0.5682946973420779,
      "g_mean_std": 0.0,
      "true_positives": 32266.0,
      "true_positives_std": 0.0,
      "false_positives": 224067.0,
      "false_positives_std": 0.0,
      "false_negatives": 14844.0,
      "false_negatives_std": 0.0,
      "true_negatives": 199930.0,
      "true_negatives_std": 0.0,
      "n_rows": 471107.0,
      "n_rows_std": 0.0,
      "n_injected": 47110.0,
      "n_injected_std": 0.0,
      "n_predicted": 256333.0,
      "n_predicted_std": 0.0,
      "n_trials": 1
    }
  }
}
