{
  "new_prices": {
    "row_count": 497970,
    "product_count": 248985,
    "train_row_count": 2757482,
    "train_product_count": 248985,
    "current_candidate_id": "eif__max_features_0p5__max_samples_256__n_estimators_100__threshold_0p2",
    "current_threshold": 0.2,
    "current_f1": 0.3480653017046992,
    "current_hyperparameters": {
      "n_estimators": 100,
      "max_samples": 256,
      "max_features": 0.5
    },
    "current_metrics": {
      "threshold": 0.2,
      "accuracy": 0.8258208325802759,
      "accuracy_std": 0.0,
      "precision": 0.2781361490504162,
      "precision_std": 0.0,
      "recall": 0.4649677691427194,
      "recall_std": 0.0,
      "tnr": 0.8659156174066711,
      "tnr_std": 0.0,
      "fpr": 0.13408438259332892,
      "fpr_std": 0.0,
      "fnr": 0.5350322308572806,
      "fnr_std": 0.0,
      "f1": 0.3480653017046992,
      "f1_std": 0.0,
      "g_mean": 0.6345256912776822,
      "g_mean_std": 0.0,
      "true_positives": 23154.0,
      "true_positives_std": 0.0,
      "false_positives": 60093.0,
      "false_positives_std": 0.0,
      "false_negatives": 26643.0,
      "false_negatives_std": 0.0,
      "true_negatives": 388080.0,
      "true_negatives_std": 0.0,
      "n_rows": 497970.0,
      "n_rows_std": 0.0,
      "n_injected": 49797.0,
      "n_injected_std": 0.0,
      "n_predicted": 83247.0,
      "n_predicted_std": 0.0,
      "n_trials": 1
    },
    "best_candidate_id": "eif__max_features_0p5__max_samples_256__n_estimators_100__threshold_0p2",
    "best_threshold": 0.2,
    "best_f1": 0.3480653017046992,
    "best_hyperparameters": {
      "n_estimators": 100,
      "max_samples": 256,
      "max_features": 0.5
    },
    "best_metrics": {
      "threshold": 0.2,
      "accuracy": 0.8258208325802759,
      "accuracy_std": 0.0,
      "precision": 0.2781361490504162,
      "precision_std": 0.0,
      "recall": 0.4649677691427194,
      "recall_std": 0.0,
      "tnr": 0.8659156174066711,
      "tnr_std": 0.0,
      "fpr": 0.13408438259332892,
      "fpr_std": 0.0,
      "fnr": 0.5350322308572806,
      "fnr_std": 0.0,
      "f1": 0.3480653017046992,
      "f1_std": 0.0,
      "g_mean": 0.6345256912776822,
      "g_mean_std": 0.0,
      "true_positives": 23154.0,
      "true_positives_std": 0.0,
      "false_positives": 60093.0,
      "false_positives_std": 0.0,
      "false_negatives": 26643.0,
      "false_negatives_std": 0.0,
      "true_negatives": 388080.0,
      "true_negatives_std": 0.0,
      "n_rows": 497970.0,
      "n_rows_std": 0.0,
      "n_injected": 49797.0,
      "n_injected_std": 0.0,
      "n_predicted": 83247.0,
      "n_predicted_std": 0.0,
      "n_trials": 1
    }
  },
  "new_products": {
    "row_count": 815693,
    "product_count": 62247,
    "train_row_count": 2757482,
    "train_product_count": 248985,
    "current_candidate_id": "eif__max_features_0p5__max_samples_256__n_estimators_100__threshold_0p2",
    "current_threshold": 0.2,
    "current_f1": 0.1978969771837652,
    "current_hyperparameters": {
      "n_estimators": 100,
      "max_samples": 256,
      "max_features": 0.5
    },
    "current_metrics": {
      "threshold": 0.2,
      "accuracy": 0.7357216501796632,
      "accuracy_std": 0.0,
      "precision": 0.14206648966007254,
      "precision_std": 0.0,
      "recall": 0.3260184628964435,
      "recall_std": 0.0,
      "tnr": 0.781244040516316,
      "tnr_std": 0.0,
      "fpr": 0.21875595948368395,
      "fpr_std": 0.0,
      "fnr": 0.6739815371035565,
      "fnr_std": 0.0,
      "f1": 0.1978969771837652,
      "f1_std": 0.0,
      "g_mean": 0.5046780966478892,
      "g_mean_std": 0.0,
      "true_positives": 26593.0,
      "true_positives_std": 0.0,
      "false_positives": 160594.0,
      "false_positives_std": 0.0,
      "false_negatives": 54976.0,
      "false_negatives_std": 0.0,
      "true_negatives": 573530.0,
      "true_negatives_std": 0.0,
      "n_rows": 815693.0,
      "n_rows_std": 0.0,
      "n_injected": 81569.0,
      "n_injected_std": 0.0,
      "n_predicted": 187187.0,
      "n_predicted_std": 0.0,
      "n_trials": 1
    },
    "best_candidate_id": "eif__max_features_0p5__max_samples_256__n_estimators_100__threshold_0p2",
    "best_threshold": 0.2,
    "best_f1": 0.1978969771837652,
    "best_hyperparameters": {
      "n_estimators": 100,
      "max_samples": 256,
      "max_features": 0.5
    },
    "best_metrics": {
      "threshold": 0.2,
      "accuracy": 0.7357216501796632,
      "accuracy_std": 0.0,
      "precision": 0.14206648966007254,
      "precision_std": 0.0,
      "recall": 0.3260184628964435,
      "recall_std": 0.0,
      "tnr": 0.781244040516316,
      "tnr_std": 0.0,
      "fpr": 0.21875595948368395,
      "fpr_std": 0.0,
      "fnr": 0.6739815371035565,
      "fnr_std": 0.0,
      "f1": 0.1978969771837652,
      "f1_std": 0.0,
      "g_mean": 0.5046780966478892,
      "g_mean_std": 0.0,
      "true_positives": 26593.0,
      "true_positives_std": 0.0,
      "false_positives": 160594.0,
      "false_positives_std": 0.0,
      "false_negatives": 54976.0,
      "false_negatives_std": 0.0,
      "true_negatives": 573530.0,
      "true_negatives_std": 0.0,
      "n_rows": 815693.0,
      "n_rows_std": 0.0,
      "n_injected": 81569.0,
      "n_injected_std": 0.0,
      "n_predicted": 187187.0,
      "n_predicted_std": 0.0,
      "n_trials": 1
    }
  }
}
