{
  "new_prices": {
    "row_count": 34016,
    "product_count": 17008,
    "train_row_count": 257617,
    "train_product_count": 17008,
    "current_candidate_id": "if__contamination_auto__max_features_0p75__max_samples_512__n_estimators_200__threshold_0p42",
    "current_threshold": 0.42000000000000004,
    "current_f1": 0.7841306884480747,
    "current_hyperparameters": {
      "n_estimators": 200,
      "max_samples": 512,
      "max_features": 0.75,
      "contamination": "auto"
    },
    "current_metrics": {
      "threshold": 0.42000000000000004,
      "accuracy": 0.9564910630291628,
      "accuracy_std": 0.0,
      "precision": 0.7780028943560058,
      "precision_std": 0.0,
      "recall": 0.7903557777124375,
      "recall_std": 0.0,
      "tnr": 0.9749469214437367,
      "tnr_std": 0.0,
      "fpr": 0.02505307855626327,
      "fpr_std": 0.0,
      "fnr": 0.2096442222875625,
      "fnr_std": 0.0,
      "f1": 0.7841306884480747,
      "f1_std": 0.0,
      "g_mean": 0.8778125838275567,
      "g_mean_std": 0.0,
      "true_positives": 2688.0,
      "true_positives_std": 0.0,
      "false_positives": 767.0,
      "false_positives_std": 0.0,
      "false_negatives": 713.0,
      "false_negatives_std": 0.0,
      "true_negatives": 29848.0,
      "true_negatives_std": 0.0,
      "n_rows": 34016.0,
      "n_rows_std": 0.0,
      "n_injected": 3401.0,
      "n_injected_std": 0.0,
      "n_predicted": 3455.0,
      "n_predicted_std": 0.0,
      "n_trials": 1
    },
    "best_candidate_id": "if__contamination_auto__max_features_0p5__max_samples_256__n_estimators_100__threshold_0p36",
    "best_threshold": 0.36,
    "best_f1": 0.7597007947639083,
    "best_hyperparameters": {
      "n_estimators": 100,
      "max_samples": 256,
      "max_features": 0.5,
      "contamination": "auto"
    },
    "best_metrics": {
      "threshold": 0.36,
      "accuracy": 0.9395578551269991,
      "accuracy_std": 0.0,
      "precision": 0.6304558680892337,
      "precision_std": 0.0,
      "recall": 0.9556012937371361,
      "recall_std": 0.0,
      "tnr": 0.9377756001959824,
      "tnr_std": 0.0,
      "fpr": 0.06222439980401764,
      "fpr_std": 0.0,
      "fnr": 0.044398706262863866,
      "fnr_std": 0.0,
      "f1": 0.7597007947639083,
      "f1_std": 0.0,
      "g_mean": 0.9466464898695817,
      "g_mean_std": 0.0,
      "true_positives": 3250.0,
      "true_positives_std": 0.0,
      "false_positives": 1905.0,
      "false_positives_std": 0.0,
      "false_negatives": 151.0,
      "false_negatives_std": 0.0,
      "true_negatives": 28710.0,
      "true_negatives_std": 0.0,
      "n_rows": 34016.0,
      "n_rows_std": 0.0,
      "n_injected": 3401.0,
      "n_injected_std": 0.0,
      "n_predicted": 5155.0,
      "n_predicted_std": 0.0,
      "n_trials": 1
    }
  },
  "new_products": {
    "row_count": 74523,
    "product_count": 4252,
    "train_row_count": 257617,
    "train_product_count": 17008,
    "current_candidate_id": "if__contamination_auto__max_features_0p75__max_samples_512__n_estimators_200__threshold_0p42",
    "current_threshold": 0.42000000000000004,
    "current_f1": 0.5511565836298933,
    "current_hyperparameters": {
      "n_estimators": 200,
      "max_samples": 512,
      "max_features": 0.75,
      "contamination": "auto"
    },
    "current_metrics": {
      "threshold": 0.42000000000000004,
      "accuracy": 0.891684446412517,
      "accuracy_std": 0.0,
      "precision": 0.4705658944170148,
      "precision_std": 0.0,
      "recall": 0.6650563607085346,
      "recall_std": 0.0,
      "tnr": 0.9168642185147083,
      "tnr_std": 0.0,
      "fpr": 0.0831357814852917,
      "fpr_std": 0.0,
      "fnr": 0.33494363929146537,
      "fnr_std": 0.0,
      "f1": 0.5511565836298933,
      "f1_std": 0.0,
      "g_mean": 0.7808753936635899,
      "g_mean_std": 0.0,
      "true_positives": 4956.0,
      "true_positives_std": 0.0,
      "false_positives": 5576.0,
      "false_positives_std": 0.0,
      "false_negatives": 2496.0,
      "false_negatives_std": 0.0,
      "true_negatives": 61495.0,
      "true_negatives_std": 0.0,
      "n_rows": 74523.0,
      "n_rows_std": 0.0,
      "n_injected": 7452.0,
      "n_injected_std": 0.0,
      "n_predicted": 10532.0,
      "n_predicted_std": 0.0,
      "n_trials": 1
    },
    "best_candidate_id": "if__contamination_auto__max_features_0p5__max_samples_256__n_estimators_100__threshold_0p36",
    "best_threshold": 0.36,
    "best_f1": 0.5586323820288217,
    "best_hyperparameters": {
      "n_estimators": 100,
      "max_samples": 256,
      "max_features": 0.5,
      "contamination": "auto"
    },
    "best_metrics": {
      "threshold": 0.36,
      "accuracy": 0.8742401674650779,
      "accuracy_std": 0.0,
      "precision": 0.4303439268611232,
      "precision_std": 0.0,
      "recall": 0.7958937198067633,
      "recall_std": 0.0,
      "tnr": 0.8829449389452968,
      "tnr_std": 0.0,
      "fpr": 0.11705506105470323,
      "fpr_std": 0.0,
      "fnr": 0.2041062801932367,
      "fnr_std": 0.0,
      "f1": 0.5586323820288217,
      "f1_std": 0.0,
      "g_mean": 0.8382901239080225,
      "g_mean_std": 0.0,
      "true_positives": 5931.0,
      "true_positives_std": 0.0,
      "false_positives": 7851.0,
      "false_positives_std": 0.0,
      "false_negatives": 1521.0,
      "false_negatives_std": 0.0,
      "true_negatives": 59220.0,
      "true_negatives_std": 0.0,
      "n_rows": 74523.0,
      "n_rows_std": 0.0,
      "n_injected": 7452.0,
      "n_injected_std": 0.0,
      "n_predicted": 13782.0,
      "n_predicted_std": 0.0,
      "n_trials": 1
    }
  }
}
