{
  "new_prices": {
    "row_count": 2636,
    "product_count": 1318,
    "train_row_count": 39169,
    "train_product_count": 1318,
    "current_candidate_id": "if__contamination_auto__max_features_0p75__max_samples_512__n_estimators_200__threshold_0p42",
    "current_threshold": 0.42000000000000004,
    "current_f1": 0.7540983606557379,
    "current_hyperparameters": {
      "n_estimators": 200,
      "max_samples": 512,
      "max_features": 0.75,
      "contamination": "auto"
    },
    "current_metrics": {
      "threshold": 0.42000000000000004,
      "accuracy": 0.9374051593323217,
      "accuracy_std": 0.0,
      "precision": 0.6200980392156863,
      "precision_std": 0.0,
      "recall": 0.9619771863117871,
      "recall_std": 0.0,
      "tnr": 0.9346818373367046,
      "tnr_std": 0.0,
      "fpr": 0.0653181626632954,
      "fpr_std": 0.0,
      "fnr": 0.03802281368821293,
      "fnr_std": 0.0,
      "f1": 0.7540983606557379,
      "f1_std": 0.0,
      "g_mean": 0.9482313029941031,
      "g_mean_std": 0.0,
      "true_positives": 253.0,
      "true_positives_std": 0.0,
      "false_positives": 155.0,
      "false_positives_std": 0.0,
      "false_negatives": 10.0,
      "false_negatives_std": 0.0,
      "true_negatives": 2218.0,
      "true_negatives_std": 0.0,
      "n_rows": 2636.0,
      "n_rows_std": 0.0,
      "n_injected": 263.0,
      "n_injected_std": 0.0,
      "n_predicted": 408.0,
      "n_predicted_std": 0.0,
      "n_trials": 1
    },
    "best_candidate_id": "if__contamination_auto__max_features_0p5__max_samples_512__n_estimators_100__threshold_0p48",
    "best_threshold": 0.48000000000000004,
    "best_f1": 0.8157894736842104,
    "best_hyperparameters": {
      "n_estimators": 100,
      "max_samples": 512,
      "max_features": 0.5,
      "contamination": "auto"
    },
    "best_metrics": {
      "threshold": 0.48000000000000004,
      "accuracy": 0.9575113808801214,
      "accuracy_std": 0.0,
      "precision": 0.7188405797101449,
      "precision_std": 0.0,
      "recall": 0.9429657794676806,
      "recall_std": 0.0,
      "tnr": 0.9591234723978087,
      "tnr_std": 0.0,
      "fpr": 0.04087652760219132,
      "fpr_std": 0.0,
      "fnr": 0.057034220532319393,
      "fnr_std": 0.0,
      "f1": 0.8157894736842104,
      "f1_std": 0.0,
      "g_mean": 0.9510103115925442,
      "g_mean_std": 0.0,
      "true_positives": 248.0,
      "true_positives_std": 0.0,
      "false_positives": 97.0,
      "false_positives_std": 0.0,
      "false_negatives": 15.0,
      "false_negatives_std": 0.0,
      "true_negatives": 2276.0,
      "true_negatives_std": 0.0,
      "n_rows": 2636.0,
      "n_rows_std": 0.0,
      "n_injected": 263.0,
      "n_injected_std": 0.0,
      "n_predicted": 345.0,
      "n_predicted_std": 0.0,
      "n_trials": 1
    }
  },
  "new_products": {
    "row_count": 10601,
    "product_count": 330,
    "train_row_count": 39169,
    "train_product_count": 1318,
    "current_candidate_id": "if__contamination_auto__max_features_0p75__max_samples_512__n_estimators_200__threshold_0p42",
    "current_threshold": 0.42000000000000004,
    "current_f1": 0.5855631611698818,
    "current_hyperparameters": {
      "n_estimators": 200,
      "max_samples": 512,
      "max_features": 0.75,
      "contamination": "auto"
    },
    "current_metrics": {
      "threshold": 0.42000000000000004,
      "accuracy": 0.874351476275823,
      "accuracy_std": 0.0,
      "precision": 0.43686165273909006,
      "precision_std": 0.0,
      "recall": 0.8877358490566037,
      "recall_std": 0.0,
      "tnr": 0.8728644796142961,
      "tnr_std": 0.0,
      "fpr": 0.1271355203857038,
      "fpr_std": 0.0,
      "fnr": 0.11226415094339623,
      "fnr_std": 0.0,
      "f1": 0.5855631611698818,
      "f1_std": 0.0,
      "g_mean": 0.880268760051013,
      "g_mean_std": 0.0,
      "true_positives": 941.0,
      "true_positives_std": 0.0,
      "false_positives": 1213.0,
      "false_positives_std": 0.0,
      "false_negatives": 119.0,
      "false_negatives_std": 0.0,
      "true_negatives": 8328.0,
      "true_negatives_std": 0.0,
      "n_rows": 10601.0,
      "n_rows_std": 0.0,
      "n_injected": 1060.0,
      "n_injected_std": 0.0,
      "n_predicted": 2154.0,
      "n_predicted_std": 0.0,
      "n_trials": 1
    },
    "best_candidate_id": "if__contamination_auto__max_features_0p5__max_samples_512__n_estimators_100__threshold_0p48",
    "best_threshold": 0.48000000000000004,
    "best_f1": 0.6818862275449101,
    "best_hyperparameters": {
      "n_estimators": 100,
      "max_samples": 512,
      "max_features": 0.5,
      "contamination": "auto"
    },
    "best_metrics": {
      "threshold": 0.48000000000000004,
      "accuracy": 0.9198188850108481,
      "accuracy_std": 0.0,
      "precision": 0.565136476426799,
      "precision_std": 0.0,
      "recall": 0.8594339622641509,
      "recall_std": 0.0,
      "tnr": 0.9265276176501415,
      "tnr_std": 0.0,
      "fpr": 0.0734723823498585,
      "fpr_std": 0.0,
      "fnr": 0.14056603773584905,
      "fnr_std": 0.0,
      "f1": 0.6818862275449101,
      "f1_std": 0.0,
      "g_mean": 0.8923504365350113,
      "g_mean_std": 0.0,
      "true_positives": 911.0,
      "true_positives_std": 0.0,
      "false_positives": 701.0,
      "false_positives_std": 0.0,
      "false_negatives": 149.0,
      "false_negatives_std": 0.0,
      "true_negatives": 8840.0,
      "true_negatives_std": 0.0,
      "n_rows": 10601.0,
      "n_rows_std": 0.0,
      "n_injected": 1060.0,
      "n_injected_std": 0.0,
      "n_predicted": 1612.0,
      "n_predicted_std": 0.0,
      "n_trials": 1
    }
  }
}
