{
  "new_prices": {
    "row_count": 18662,
    "product_count": 9331,
    "train_row_count": 99162,
    "train_product_count": 9331,
    "current_candidate_id": "if__contamination_auto__max_features_0p75__max_samples_512__n_estimators_200__threshold_0p42",
    "current_threshold": 0.42000000000000004,
    "current_f1": 0.7656982193064668,
    "current_hyperparameters": {
      "n_estimators": 200,
      "max_samples": 512,
      "max_features": 0.75,
      "contamination": "auto"
    },
    "current_metrics": {
      "threshold": 0.42000000000000004,
      "accuracy": 0.9464151752223771,
      "accuracy_std": 0.0,
      "precision": 0.6802664446294754,
      "precision_std": 0.0,
      "recall": 0.8756698821007503,
      "recall_std": 0.0,
      "tnr": 0.9542748273398428,
      "tnr_std": 0.0,
      "fpr": 0.04572517266015718,
      "fpr_std": 0.0,
      "fnr": 0.12433011789924973,
      "fnr_std": 0.0,
      "f1": 0.7656982193064668,
      "f1_std": 0.0,
      "g_mean": 0.9141278496733343,
      "g_mean_std": 0.0,
      "true_positives": 1634.0,
      "true_positives_std": 0.0,
      "false_positives": 768.0,
      "false_positives_std": 0.0,
      "false_negatives": 232.0,
      "false_negatives_std": 0.0,
      "true_negatives": 16028.0,
      "true_negatives_std": 0.0,
      "n_rows": 18662.0,
      "n_rows_std": 0.0,
      "n_injected": 1866.0,
      "n_injected_std": 0.0,
      "n_predicted": 2402.0,
      "n_predicted_std": 0.0,
      "n_trials": 1
    },
    "best_candidate_id": "if__contamination_auto__max_features_0p75__max_samples_512__n_estimators_200__threshold_0p36",
    "best_threshold": 0.36,
    "best_f1": 0.7211498973305955,
    "best_hyperparameters": {
      "n_estimators": 200,
      "max_samples": 512,
      "max_features": 0.75,
      "contamination": "auto"
    },
    "best_metrics": {
      "threshold": 0.36,
      "accuracy": 0.927231807951988,
      "accuracy_std": 0.0,
      "precision": 0.5845539280958721,
      "precision_std": 0.0,
      "recall": 0.9410503751339764,
      "recall_std": 0.0,
      "tnr": 0.9256965944272446,
      "tnr_std": 0.0,
      "fpr": 0.07430340557275542,
      "fpr_std": 0.0,
      "fnr": 0.05894962486602358,
      "fnr_std": 0.0,
      "f1": 0.7211498973305955,
      "f1_std": 0.0,
      "g_mean": 0.9333419134733011,
      "g_mean_std": 0.0,
      "true_positives": 1756.0,
      "true_positives_std": 0.0,
      "false_positives": 1248.0,
      "false_positives_std": 0.0,
      "false_negatives": 110.0,
      "false_negatives_std": 0.0,
      "true_negatives": 15548.0,
      "true_negatives_std": 0.0,
      "n_rows": 18662.0,
      "n_rows_std": 0.0,
      "n_injected": 1866.0,
      "n_injected_std": 0.0,
      "n_predicted": 3004.0,
      "n_predicted_std": 0.0,
      "n_trials": 1
    }
  },
  "new_products": {
    "row_count": 29065,
    "product_count": 2333,
    "train_row_count": 99162,
    "train_product_count": 9331,
    "current_candidate_id": "if__contamination_auto__max_features_0p75__max_samples_512__n_estimators_200__threshold_0p42",
    "current_threshold": 0.42000000000000004,
    "current_f1": 0.5994479151532761,
    "current_hyperparameters": {
      "n_estimators": 200,
      "max_samples": 512,
      "max_features": 0.75,
      "contamination": "auto"
    },
    "current_metrics": {
      "threshold": 0.42000000000000004,
      "accuracy": 0.9051436435575434,
      "accuracy_std": 0.0,
      "precision": 0.5187327131003269,
      "precision_std": 0.0,
      "recall": 0.7099105299380591,
      "recall_std": 0.0,
      "tnr": 0.9268320654459268,
      "tnr_std": 0.0,
      "fpr": 0.07316793455407317,
      "fpr_std": 0.0,
      "fnr": 0.2900894700619408,
      "fnr_std": 0.0,
      "f1": 0.5994479151532761,
      "f1_std": 0.0,
      "g_mean": 0.8111521699066728,
      "g_mean_std": 0.0,
      "true_positives": 2063.0,
      "true_positives_std": 0.0,
      "false_positives": 1914.0,
      "false_positives_std": 0.0,
      "false_negatives": 843.0,
      "false_negatives_std": 0.0,
      "true_negatives": 24245.0,
      "true_negatives_std": 0.0,
      "n_rows": 29065.0,
      "n_rows_std": 0.0,
      "n_injected": 2906.0,
      "n_injected_std": 0.0,
      "n_predicted": 3977.0,
      "n_predicted_std": 0.0,
      "n_trials": 1
    },
    "best_candidate_id": "if__contamination_auto__max_features_0p75__max_samples_512__n_estimators_200__threshold_0p36",
    "best_threshold": 0.36,
    "best_f1": 0.5730644759770973,
    "best_hyperparameters": {
      "n_estimators": 200,
      "max_samples": 512,
      "max_features": 0.75,
      "contamination": "auto"
    },
    "best_metrics": {
      "threshold": 0.36,
      "accuracy": 0.8819886461379667,
      "accuracy_std": 0.0,
      "precision": 0.44890795631825275,
      "precision_std": 0.0,
      "recall": 0.7921541637990365,
      "recall_std": 0.0,
      "tnr": 0.891968347413892,
      "tnr_std": 0.0,
      "fpr": 0.10803165258610803,
      "fpr_std": 0.0,
      "fnr": 0.20784583620096353,
      "fnr_std": 0.0,
      "f1": 0.5730644759770973,
      "f1_std": 0.0,
      "g_mean": 0.8405810135738614,
      "g_mean_std": 0.0,
      "true_positives": 2302.0,
      "true_positives_std": 0.0,
      "false_positives": 2826.0,
      "false_positives_std": 0.0,
      "false_negatives": 604.0,
      "false_negatives_std": 0.0,
      "true_negatives": 23333.0,
      "true_negatives_std": 0.0,
      "n_rows": 29065.0,
      "n_rows_std": 0.0,
      "n_injected": 2906.0,
      "n_injected_std": 0.0,
      "n_predicted": 5128.0,
      "n_predicted_std": 0.0,
      "n_trials": 1
    }
  }
}
