{
  "new_prices": {
    "row_count": 14588,
    "product_count": 7294,
    "train_row_count": 233041,
    "train_product_count": 7294,
    "current_candidate_id": "if__contamination_auto__max_features_0p75__max_samples_512__n_estimators_200__threshold_0p42",
    "current_threshold": 0.42000000000000004,
    "current_f1": 0.7589828634604755,
    "current_hyperparameters": {
      "n_estimators": 200,
      "max_samples": 512,
      "max_features": 0.75,
      "contamination": "auto"
    },
    "current_metrics": {
      "threshold": 0.42000000000000004,
      "accuracy": 0.9402248423361668,
      "accuracy_std": 0.0,
      "precision": 0.6356481481481482,
      "precision_std": 0.0,
      "recall": 0.9417009602194787,
      "recall_std": 0.0,
      "tnr": 0.9400609291698401,
      "tnr_std": 0.0,
      "fpr": 0.05993907083015994,
      "fpr_std": 0.0,
      "fnr": 0.05829903978052126,
      "fnr_std": 0.0,
      "f1": 0.7589828634604755,
      "f1_std": 0.0,
      "g_mean": 0.9408805873563625,
      "g_mean_std": 0.0,
      "true_positives": 1373.0,
      "true_positives_std": 0.0,
      "false_positives": 787.0,
      "false_positives_std": 0.0,
      "false_negatives": 85.0,
      "false_negatives_std": 0.0,
      "true_negatives": 12343.0,
      "true_negatives_std": 0.0,
      "n_rows": 14588.0,
      "n_rows_std": 0.0,
      "n_injected": 1458.0,
      "n_injected_std": 0.0,
      "n_predicted": 2160.0,
      "n_predicted_std": 0.0,
      "n_trials": 1
    },
    "best_candidate_id": "if__contamination_auto__max_features_0p5__max_samples_512__n_estimators_100__threshold_0p42",
    "best_threshold": 0.42000000000000004,
    "best_f1": 0.7464751263633945,
    "best_hyperparameters": {
      "n_estimators": 100,
      "max_samples": 512,
      "max_features": 0.5,
      "contamination": "auto"
    },
    "best_metrics": {
      "threshold": 0.42000000000000004,
      "accuracy": 0.9346723334247327,
      "accuracy_std": 0.0,
      "precision": 0.6097348978704911,
      "precision_std": 0.0,
      "recall": 0.9622770919067215,
      "recall_std": 0.0,
      "tnr": 0.9316070068545316,
      "tnr_std": 0.0,
      "fpr": 0.06839299314546839,
      "fpr_std": 0.0,
      "fnr": 0.03772290809327846,
      "fnr_std": 0.0,
      "f1": 0.7464751263633945,
      "f1_std": 0.0,
      "g_mean": 0.946817871269815,
      "g_mean_std": 0.0,
      "true_positives": 1403.0,
      "true_positives_std": 0.0,
      "false_positives": 898.0,
      "false_positives_std": 0.0,
      "false_negatives": 55.0,
      "false_negatives_std": 0.0,
      "true_negatives": 12232.0,
      "true_negatives_std": 0.0,
      "n_rows": 14588.0,
      "n_rows_std": 0.0,
      "n_injected": 1458.0,
      "n_injected_std": 0.0,
      "n_predicted": 2301.0,
      "n_predicted_std": 0.0,
      "n_trials": 1
    }
  },
  "new_products": {
    "row_count": 62215,
    "product_count": 1824,
    "train_row_count": 233041,
    "train_product_count": 7294,
    "current_candidate_id": "if__contamination_auto__max_features_0p75__max_samples_512__n_estimators_200__threshold_0p42",
    "current_threshold": 0.42000000000000004,
    "current_f1": 0.5825446898002102,
    "current_hyperparameters": {
      "n_estimators": 200,
      "max_samples": 512,
      "max_features": 0.75,
      "contamination": "auto"
    },
    "current_metrics": {
      "threshold": 0.42000000000000004,
      "accuracy": 0.8787591416860886,
      "accuracy_std": 0.0,
      "precision": 0.4442099932478055,
      "precision_std": 0.0,
      "recall": 0.846005465359267,
      "recall_std": 0.0,
      "tnr": 0.8823981140836519,
      "tnr_std": 0.0,
      "fpr": 0.11760188591634818,
      "fpr_std": 0.0,
      "fnr": 0.153994534640733,
      "fnr_std": 0.0,
      "f1": 0.5825446898002102,
      "f1_std": 0.0,
      "g_mean": 0.864010200829527,
      "g_mean_std": 0.0,
      "true_positives": 5263.0,
      "true_positives_std": 0.0,
      "false_positives": 6585.0,
      "false_positives_std": 0.0,
      "false_negatives": 958.0,
      "false_negatives_std": 0.0,
      "true_negatives": 49409.0,
      "true_negatives_std": 0.0,
      "n_rows": 62215.0,
      "n_rows_std": 0.0,
      "n_injected": 6221.0,
      "n_injected_std": 0.0,
      "n_predicted": 11848.0,
      "n_predicted_std": 0.0,
      "n_trials": 1
    },
    "best_candidate_id": "if__contamination_auto__max_features_0p5__max_samples_512__n_estimators_100__threshold_0p42",
    "best_threshold": 0.42000000000000004,
    "best_f1": 0.5901336520699771,
    "best_hyperparameters": {
      "n_estimators": 100,
      "max_samples": 512,
      "max_features": 0.5,
      "contamination": "auto"
    },
    "best_metrics": {
      "threshold": 0.42000000000000004,
      "accuracy": 0.8787430683918669,
      "accuracy_std": 0.0,
      "precision": 0.4457119409109561,
      "precision_std": 0.0,
      "recall": 0.8730107699726732,
      "recall_std": 0.0,
      "tnr": 0.8793799335643104,
      "tnr_std": 0.0,
      "fpr": 0.12062006643568954,
      "fpr_std": 0.0,
      "fnr": 0.1269892300273268,
      "fnr_std": 0.0,
      "f1": 0.5901336520699771,
      "f1_std": 0.0,
      "g_mean": 0.8761895644776289,
      "g_mean_std": 0.0,
      "true_positives": 5431.0,
      "true_positives_std": 0.0,
      "false_positives": 6754.0,
      "false_positives_std": 0.0,
      "false_negatives": 790.0,
      "false_negatives_std": 0.0,
      "true_negatives": 49240.0,
      "true_negatives_std": 0.0,
      "n_rows": 62215.0,
      "n_rows_std": 0.0,
      "n_injected": 6221.0,
      "n_injected_std": 0.0,
      "n_predicted": 12185.0,
      "n_predicted_std": 0.0,
      "n_trials": 1
    }
  }
}
