{
  "new_prices": {
    "row_count": 1160422,
    "product_count": 580211,
    "train_row_count": 9650265,
    "train_product_count": 580211,
    "current_candidate_id": "if__contamination_auto__max_features_0p75__max_samples_512__n_estimators_200__threshold_0p42",
    "current_threshold": 0.42000000000000004,
    "current_f1": 0.7054781019281772,
    "current_hyperparameters": {
      "n_estimators": 200,
      "max_samples": 512,
      "max_features": 0.75,
      "contamination": "auto"
    },
    "current_metrics": {
      "threshold": 0.42000000000000004,
      "accuracy": 0.9433464722316537,
      "accuracy_std": 0.0,
      "precision": 0.7346651240039562,
      "precision_std": 0.0,
      "recall": 0.6785215697764603,
      "recall_std": 0.0,
      "tnr": 0.9727714050441411,
      "tnr_std": 0.0,
      "fpr": 0.027228594955858977,
      "fpr_std": 0.0,
      "fnr": 0.3214784302235398,
      "fnr_std": 0.0,
      "f1": 0.7054781019281772,
      "f1_std": 0.0,
      "g_mean": 0.8124323853615164,
      "g_mean_std": 0.0,
      "true_positives": 78737.0,
      "true_positives_std": 0.0,
      "false_positives": 28437.0,
      "false_positives_std": 0.0,
      "false_negatives": 37305.0,
      "false_negatives_std": 0.0,
      "true_negatives": 1015943.0,
      "true_negatives_std": 0.0,
      "n_rows": 1160422.0,
      "n_rows_std": 0.0,
      "n_injected": 116042.0,
      "n_injected_std": 0.0,
      "n_predicted": 107174.0,
      "n_predicted_std": 0.0,
      "n_trials": 1
    },
    "best_candidate_id": "if__contamination_auto__max_features_1__max_samples_256__n_estimators_200__threshold_0p3",
    "best_threshold": 0.3,
    "best_f1": 0.6693664823748988,
    "best_hyperparameters": {
      "n_estimators": 200,
      "max_samples": 256,
      "max_features": 1.0,
      "contamination": "auto"
    },
    "best_metrics": {
      "threshold": 0.3,
      "accuracy": 0.9109987573486197,
      "accuracy_std": 0.0,
      "precision": 0.5325047752451293,
      "precision_std": 0.0,
      "recall": 0.9009151858809741,
      "recall_std": 0.0,
      "tnr": 0.912119152032785,
      "tnr_std": 0.0,
      "fpr": 0.087880847967215,
      "fpr_std": 0.0,
      "fnr": 0.09908481411902587,
      "fnr_std": 0.0,
      "f1": 0.6693664823748988,
      "f1_std": 0.0,
      "g_mean": 0.9064998595693289,
      "g_mean_std": 0.0,
      "true_positives": 104544.0,
      "true_positives_std": 0.0,
      "false_positives": 91781.0,
      "false_positives_std": 0.0,
      "false_negatives": 11498.0,
      "false_negatives_std": 0.0,
      "true_negatives": 952599.0,
      "true_negatives_std": 0.0,
      "n_rows": 1160422.0,
      "n_rows_std": 0.0,
      "n_injected": 116042.0,
      "n_injected_std": 0.0,
      "n_predicted": 196325.0,
      "n_predicted_std": 0.0,
      "n_trials": 1
    }
  },
  "new_products": {
    "row_count": 2700412,
    "product_count": 145053,
    "train_row_count": 9650265,
    "train_product_count": 580211,
    "current_candidate_id": "if__contamination_auto__max_features_0p75__max_samples_512__n_estimators_200__threshold_0p42",
    "current_threshold": 0.42000000000000004,
    "current_f1": 0.44897525539763006,
    "current_hyperparameters": {
      "n_estimators": 200,
      "max_samples": 512,
      "max_features": 0.75,
      "contamination": "auto"
    },
    "current_metrics": {
      "threshold": 0.42000000000000004,
      "accuracy": 0.8770802381266266,
      "accuracy_std": 0.0,
      "precision": 0.4068866536483799,
      "precision_std": 0.0,
      "recall": 0.5007758081180265,
      "recall_std": 0.0,
      "tnr": 0.9188918070533264,
      "tnr_std": 0.0,
      "fpr": 0.08110819294667357,
      "fpr_std": 0.0,
      "fnr": 0.4992241918819735,
      "fnr_std": 0.0,
      "f1": 0.44897525539763006,
      "f1_std": 0.0,
      "g_mean": 0.6783500477262187,
      "g_mean_std": 0.0,
      "true_positives": 135230.0,
      "true_positives_std": 0.0,
      "false_positives": 197123.0,
      "false_positives_std": 0.0,
      "false_negatives": 134811.0,
      "false_negatives_std": 0.0,
      "true_negatives": 2233248.0,
      "true_negatives_std": 0.0,
      "n_rows": 2700412.0,
      "n_rows_std": 0.0,
      "n_injected": 270041.0,
      "n_injected_std": 0.0,
      "n_predicted": 332353.0,
      "n_predicted_std": 0.0,
      "n_trials": 1
    },
    "best_candidate_id": "if__contamination_auto__max_features_1__max_samples_256__n_estimators_200__threshold_0p3",
    "best_threshold": 0.3,
    "best_f1": 0.4372747625098324,
    "best_hyperparameters": {
      "n_estimators": 200,
      "max_samples": 256,
      "max_features": 1.0,
      "contamination": "auto"
    },
    "best_metrics": {
      "threshold": 0.3,
      "accuracy": 0.8278010910927666,
      "accuracy_std": 0.0,
      "precision": 0.32476735051922584,
      "precision_std": 0.0,
      "recall": 0.6690502553315978,
      "recall_std": 0.0,
      "tnr": 0.8454400583285433,
      "tnr_std": 0.0,
      "fpr": 0.15455994167145676,
      "fpr_std": 0.0,
      "fnr": 0.3309497446684022,
      "fnr_std": 0.0,
      "f1": 0.4372747625098324,
      "f1_std": 0.0,
      "g_mean": 0.7520916745266316,
      "g_mean_std": 0.0,
      "true_positives": 180671.0,
      "true_positives_std": 0.0,
      "false_positives": 375638.0,
      "false_positives_std": 0.0,
      "false_negatives": 89370.0,
      "false_negatives_std": 0.0,
      "true_negatives": 2054733.0,
      "true_negatives_std": 0.0,
      "n_rows": 2700412.0,
      "n_rows_std": 0.0,
      "n_injected": 270041.0,
      "n_injected_std": 0.0,
      "n_predicted": 556309.0,
      "n_predicted_std": 0.0,
      "n_trials": 1
    }
  }
}
