{
  "new_prices": {
    "row_count": 139290,
    "product_count": 69645,
    "train_row_count": 1478962,
    "train_product_count": 69645,
    "current_candidate_id": "if__contamination_auto__max_features_0p75__max_samples_512__n_estimators_200__threshold_0p42",
    "current_threshold": 0.42000000000000004,
    "current_f1": 0.7115753728037798,
    "current_hyperparameters": {
      "n_estimators": 200,
      "max_samples": 512,
      "max_features": 0.75,
      "contamination": "auto"
    },
    "current_metrics": {
      "threshold": 0.42000000000000004,
      "accuracy": 0.9439012132960012,
      "accuracy_std": 0.0,
      "precision": 0.7322798754083416,
      "precision_std": 0.0,
      "recall": 0.6920094766314883,
      "recall_std": 0.0,
      "tnr": 0.9718891840365026,
      "tnr_std": 0.0,
      "fpr": 0.028110815963497418,
      "fpr_std": 0.0,
      "fnr": 0.30799052336851174,
      "fnr_std": 0.0,
      "f1": 0.7115753728037798,
      "f1_std": 0.0,
      "g_mean": 0.8200954368784796,
      "g_mean_std": 0.0,
      "true_positives": 9639.0,
      "true_positives_std": 0.0,
      "false_positives": 3524.0,
      "false_positives_std": 0.0,
      "false_negatives": 4290.0,
      "false_negatives_std": 0.0,
      "true_negatives": 121837.0,
      "true_negatives_std": 0.0,
      "n_rows": 139290.0,
      "n_rows_std": 0.0,
      "n_injected": 13929.0,
      "n_injected_std": 0.0,
      "n_predicted": 13163.0,
      "n_predicted_std": 0.0,
      "n_trials": 1
    },
    "best_candidate_id": "if__contamination_auto__max_features_0p75__max_samples_256__n_estimators_200__threshold_0p3",
    "best_threshold": 0.3,
    "best_f1": 0.6513014208998176,
    "best_hyperparameters": {
      "n_estimators": 200,
      "max_samples": 256,
      "max_features": 0.75,
      "contamination": "auto"
    },
    "best_metrics": {
      "threshold": 0.3,
      "accuracy": 0.9025701773278771,
      "accuracy_std": 0.0,
      "precision": 0.5071628651460585,
      "precision_std": 0.0,
      "recall": 0.9099002081987221,
      "recall_std": 0.0,
      "tnr": 0.9017557294533387,
      "tnr_std": 0.0,
      "fpr": 0.09824427054666124,
      "fpr_std": 0.0,
      "fnr": 0.0900997918012779,
      "fnr_std": 0.0,
      "f1": 0.6513014208998176,
      "f1_std": 0.0,
      "g_mean": 0.9058188152020157,
      "g_mean_std": 0.0,
      "true_positives": 12674.0,
      "true_positives_std": 0.0,
      "false_positives": 12316.0,
      "false_positives_std": 0.0,
      "false_negatives": 1255.0,
      "false_negatives_std": 0.0,
      "true_negatives": 113045.0,
      "true_negatives_std": 0.0,
      "n_rows": 139290.0,
      "n_rows_std": 0.0,
      "n_injected": 13929.0,
      "n_injected_std": 0.0,
      "n_predicted": 24990.0,
      "n_predicted_std": 0.0,
      "n_trials": 1
    }
  },
  "new_products": {
    "row_count": 403691,
    "product_count": 17412,
    "train_row_count": 1478962,
    "train_product_count": 69645,
    "current_candidate_id": "if__contamination_auto__max_features_0p75__max_samples_512__n_estimators_200__threshold_0p42",
    "current_threshold": 0.42000000000000004,
    "current_f1": 0.5153048489936694,
    "current_hyperparameters": {
      "n_estimators": 200,
      "max_samples": 512,
      "max_features": 0.75,
      "contamination": "auto"
    },
    "current_metrics": {
      "threshold": 0.42000000000000004,
      "accuracy": 0.8941715321867468,
      "accuracy_std": 0.0,
      "precision": 0.47537311870721954,
      "precision_std": 0.0,
      "recall": 0.5625603804899799,
      "recall_std": 0.0,
      "tnr": 0.9310171142953083,
      "tnr_std": 0.0,
      "fpr": 0.0689828857046917,
      "fpr_std": 0.0,
      "fnr": 0.4374396195100201,
      "fnr_std": 0.0,
      "f1": 0.5153048489936694,
      "f1_std": 0.0,
      "g_mean": 0.7237080502942134,
      "g_mean_std": 0.0,
      "true_positives": 22710.0,
      "true_positives_std": 0.0,
      "false_positives": 25063.0,
      "false_positives_std": 0.0,
      "false_negatives": 17659.0,
      "false_negatives_std": 0.0,
      "true_negatives": 338259.0,
      "true_negatives_std": 0.0,
      "n_rows": 403691.0,
      "n_rows_std": 0.0,
      "n_injected": 40369.0,
      "n_injected_std": 0.0,
      "n_predicted": 47773.0,
      "n_predicted_std": 0.0,
      "n_trials": 1
    },
    "best_candidate_id": "if__contamination_auto__max_features_0p75__max_samples_256__n_estimators_200__threshold_0p3",
    "best_threshold": 0.3,
    "best_f1": 0.5012057745036503,
    "best_hyperparameters": {
      "n_estimators": 200,
      "max_samples": 256,
      "max_features": 0.75,
      "contamination": "auto"
    },
    "best_metrics": {
      "threshold": 0.3,
      "accuracy": 0.8503905214631984,
      "accuracy_std": 0.0,
      "precision": 0.3759400359288856,
      "precision_std": 0.0,
      "recall": 0.7516658822363695,
      "recall_std": 0.0,
      "tnr": 0.8613598956297719,
      "tnr_std": 0.0,
      "fpr": 0.13864010437022806,
      "fpr_std": 0.0,
      "fnr": 0.2483341177636305,
      "fnr_std": 0.0,
      "f1": 0.5012057745036503,
      "f1_std": 0.0,
      "g_mean": 0.8046457890721729,
      "g_mean_std": 0.0,
      "true_positives": 30344.0,
      "true_positives_std": 0.0,
      "false_positives": 50371.0,
      "false_positives_std": 0.0,
      "false_negatives": 10025.0,
      "false_negatives_std": 0.0,
      "true_negatives": 312951.0,
      "true_negatives_std": 0.0,
      "n_rows": 403691.0,
      "n_rows_std": 0.0,
      "n_injected": 40369.0,
      "n_injected_std": 0.0,
      "n_predicted": 80715.0,
      "n_predicted_std": 0.0,
      "n_trials": 1
    }
  }
}
