{
  "new_prices": {
    "row_count": 1611276,
    "product_count": 805638,
    "train_row_count": 10793443,
    "train_product_count": 805638,
    "current_candidate_id": "rrcf__num_trees_40__tree_size_256__warmup_samples_32__threshold_0p8",
    "current_threshold": 0.8,
    "current_f1": 0.11929922711920599,
    "current_hyperparameters": {
      "num_trees": 40,
      "tree_size": 256,
      "warmup_samples": 32
    },
    "current_metrics": {
      "threshold": 0.8,
      "accuracy": 0.8944848678935204,
      "accuracy_std": 0.0,
      "precision": 0.36077952188488893,
      "precision_std": 0.0,
      "recall": 0.0714653658294389,
      "recall_std": 0.0,
      "tnr": 0.9859311008730827,
      "tnr_std": 0.0,
      "fpr": 0.014068899126917302,
      "fpr_std": 0.0,
      "fnr": 0.9285346341705611,
      "fnr_std": 0.0,
      "f1": 0.11929922711920599,
      "f1_std": 0.0,
      "g_mean": 0.26544288803152416,
      "g_mean_std": 0.0,
      "true_positives": 11515.0,
      "true_positives_std": 0.0,
      "false_positives": 20402.0,
      "false_positives_std": 0.0,
      "false_negatives": 149612.0,
      "false_negatives_std": 0.0,
      "true_negatives": 1429747.0,
      "true_negatives_std": 0.0,
      "n_rows": 1611276.0,
      "n_rows_std": 0.0,
      "n_injected": 161127.0,
      "n_injected_std": 0.0,
      "n_predicted": 31917.0,
      "n_predicted_std": 0.0,
      "n_trials": 1
    },
    "best_candidate_id": "rrcf__num_trees_80__tree_size_128__warmup_samples_32__threshold_0p65",
    "best_threshold": 0.6499999999999999,
    "best_f1": 0.2157199934663674,
    "best_hyperparameters": {
      "num_trees": 80,
      "tree_size": 128,
      "warmup_samples": 32
    },
    "best_metrics": {
      "threshold": 0.6499999999999999,
      "accuracy": 0.46957194174058325,
      "accuracy_std": 0.0,
      "precision": 0.1265750539241605,
      "precision_std": 0.0,
      "recall": 0.7294866782103558,
      "recall_std": 0.0,
      "tnr": 0.44069264606602493,
      "tnr_std": 0.0,
      "fpr": 0.559307353933975,
      "fpr_std": 0.0,
      "fnr": 0.2705133217896442,
      "fnr_std": 0.0,
      "f1": 0.2157199934663674,
      "f1_std": 0.0,
      "g_mean": 0.5669915471066889,
      "g_mean_std": 0.0,
      "true_positives": 117540.0,
      "true_positives_std": 0.0,
      "false_positives": 811079.0,
      "false_positives_std": 0.0,
      "false_negatives": 43587.0,
      "false_negatives_std": 0.0,
      "true_negatives": 639070.0,
      "true_negatives_std": 0.0,
      "n_rows": 1611276.0,
      "n_rows_std": 0.0,
      "n_injected": 161127.0,
      "n_injected_std": 0.0,
      "n_predicted": 928619.0,
      "n_predicted_std": 0.0,
      "n_trials": 1
    }
  },
  "new_products": {
    "row_count": 3094909,
    "product_count": 201410,
    "train_row_count": 10793443,
    "train_product_count": 805638,
    "current_candidate_id": "rrcf__num_trees_40__tree_size_256__warmup_samples_32__threshold_0p8",
    "current_threshold": 0.8,
    "current_f1": 0.152915234585283,
    "current_hyperparameters": {
      "num_trees": 40,
      "tree_size": 256,
      "warmup_samples": 32
    },
    "current_metrics": {
      "threshold": 0.8,
      "accuracy": 0.8413685184281671,
      "accuracy_std": 0.0,
      "precision": 0.1640699629007057,
      "precision_std": 0.0,
      "recall": 0.14318071666289703,
      "recall_std": 0.0,
      "tnr": 0.918944690188442,
      "tnr_std": 0.0,
      "fpr": 0.08105530981155798,
      "fpr_std": 0.0,
      "fnr": 0.856819283337103,
      "fnr_std": 0.0,
      "f1": 0.152915234585283,
      "f1_std": 0.0,
      "g_mean": 0.36273290354577015,
      "g_mean_std": 0.0,
      "true_positives": 44313.0,
      "true_positives_std": 0.0,
      "false_positives": 225773.0,
      "false_positives_std": 0.0,
      "false_negatives": 265177.0,
      "false_negatives_std": 0.0,
      "true_negatives": 2559646.0,
      "true_negatives_std": 0.0,
      "n_rows": 3094909.0,
      "n_rows_std": 0.0,
      "n_injected": 309490.0,
      "n_injected_std": 0.0,
      "n_predicted": 270086.0,
      "n_predicted_std": 0.0,
      "n_trials": 1
    },
    "best_candidate_id": "rrcf__num_trees_80__tree_size_128__warmup_samples_32__threshold_0p65",
    "best_threshold": 0.6499999999999999,
    "best_f1": 0.16521996370139197,
    "best_hyperparameters": {
      "num_trees": 80,
      "tree_size": 128,
      "warmup_samples": 32
    },
    "best_metrics": {
      "threshold": 0.6499999999999999,
      "accuracy": 0.4939641197851051,
      "accuracy_std": 0.0,
      "precision": 0.09892985832511497,
      "precision_std": 0.0,
      "recall": 0.500775469320495,
      "recall_std": 0.0,
      "tnr": 0.49320730561542087,
      "tnr_std": 0.0,
      "fpr": 0.5067926943845791,
      "fpr_std": 0.0,
      "fnr": 0.499224530679505,
      "fnr_std": 0.0,
      "f1": 0.16521996370139197,
      "f1_std": 0.0,
      "g_mean": 0.4969769812997974,
      "g_mean_std": 0.0,
      "true_positives": 154985.0,
      "true_positives_std": 0.0,
      "false_positives": 1411630.0,
      "false_positives_std": 0.0,
      "false_negatives": 154505.0,
      "false_negatives_std": 0.0,
      "true_negatives": 1373789.0,
      "true_negatives_std": 0.0,
      "n_rows": 3094909.0,
      "n_rows_std": 0.0,
      "n_injected": 309490.0,
      "n_injected_std": 0.0,
      "n_predicted": 1566615.0,
      "n_predicted_std": 0.0,
      "n_trials": 1
    }
  }
}
