{
  "new_prices": {
    "row_count": 320000,
    "product_count": 160000,
    "train_row_count": 1414356,
    "train_product_count": 160000,
    "current_candidate_id": "rrcf__num_trees_40__tree_size_256__warmup_samples_32__threshold_0p8",
    "current_threshold": 0.8,
    "current_f1": 0.10635123614663257,
    "current_hyperparameters": {
      "num_trees": 40,
      "tree_size": 256,
      "warmup_samples": 32
    },
    "current_metrics": {
      "threshold": 0.8,
      "accuracy": 0.79035,
      "accuracy_std": 0.0,
      "precision": 0.09268202080237742,
      "precision_std": 0.0,
      "recall": 0.12475,
      "recall_std": 0.0,
      "tnr": 0.8643055555555555,
      "tnr_std": 0.0,
      "fpr": 0.13569444444444445,
      "fpr_std": 0.0,
      "fnr": 0.87525,
      "fnr_std": 0.0,
      "f1": 0.10635123614663257,
      "f1_std": 0.0,
      "g_mean": 0.32836278421215087,
      "g_mean_std": 0.0,
      "true_positives": 3992.0,
      "true_positives_std": 0.0,
      "false_positives": 39080.0,
      "false_positives_std": 0.0,
      "false_negatives": 28008.0,
      "false_negatives_std": 0.0,
      "true_negatives": 248920.0,
      "true_negatives_std": 0.0,
      "n_rows": 320000.0,
      "n_rows_std": 0.0,
      "n_injected": 32000.0,
      "n_injected_std": 0.0,
      "n_predicted": 43072.0,
      "n_predicted_std": 0.0,
      "n_trials": 1
    },
    "best_candidate_id": "rrcf__num_trees_80__tree_size_128__warmup_samples_32__threshold_0p73",
    "best_threshold": 0.7250000000000001,
    "best_f1": 0.324800795265684,
    "best_hyperparameters": {
      "num_trees": 80,
      "tree_size": 128,
      "warmup_samples": 32
    },
    "best_metrics": {
      "threshold": 0.7250000000000001,
      "accuracy": 0.7283125,
      "accuracy_std": 0.0,
      "precision": 0.21610756288625702,
      "precision_std": 0.0,
      "recall": 0.65346875,
      "recall_std": 0.0,
      "tnr": 0.7366284722222223,
      "tnr_std": 0.0,
      "fpr": 0.2633715277777778,
      "fpr_std": 0.0,
      "fnr": 0.34653125,
      "fnr_std": 0.0,
      "f1": 0.324800795265684,
      "f1_std": 0.0,
      "g_mean": 0.6938037813081342,
      "g_mean_std": 0.0,
      "true_positives": 20911.0,
      "true_positives_std": 0.0,
      "false_positives": 75851.0,
      "false_positives_std": 0.0,
      "false_negatives": 11089.0,
      "false_negatives_std": 0.0,
      "true_negatives": 212149.0,
      "true_negatives_std": 0.0,
      "n_rows": 320000.0,
      "n_rows_std": 0.0,
      "n_injected": 32000.0,
      "n_injected_std": 0.0,
      "n_predicted": 96762.0,
      "n_predicted_std": 0.0,
      "n_trials": 1
    }
  },
  "new_products": {
    "row_count": 433528,
    "product_count": 40000,
    "train_row_count": 1414356,
    "train_product_count": 160000,
    "current_candidate_id": "rrcf__num_trees_40__tree_size_256__warmup_samples_32__threshold_0p8",
    "current_threshold": 0.8,
    "current_f1": 0.2708459214501511,
    "current_hyperparameters": {
      "num_trees": 40,
      "tree_size": 256,
      "warmup_samples": 32
    },
    "current_metrics": {
      "threshold": 0.8,
      "accuracy": 0.888657710689967,
      "accuracy_std": 0.0,
      "precision": 0.39237570028011204,
      "precision_std": 0.0,
      "recall": 0.206795534231408,
      "recall_std": 0.0,
      "tnr": 0.9644186213401131,
      "tnr_std": 0.0,
      "fpr": 0.03558137865988682,
      "fpr_std": 0.0,
      "fnr": 0.7932044657685919,
      "fnr_std": 0.0,
      "f1": 0.2708459214501511,
      "f1_std": 0.0,
      "g_mean": 0.4465842182867042,
      "g_mean_std": 0.0,
      "true_positives": 8965.0,
      "true_positives_std": 0.0,
      "false_positives": 13883.0,
      "false_positives_std": 0.0,
      "false_negatives": 34387.0,
      "false_negatives_std": 0.0,
      "true_negatives": 376293.0,
      "true_negatives_std": 0.0,
      "n_rows": 433528.0,
      "n_rows_std": 0.0,
      "n_injected": 43352.0,
      "n_injected_std": 0.0,
      "n_predicted": 22848.0,
      "n_predicted_std": 0.0,
      "n_trials": 1
    },
    "best_candidate_id": "rrcf__num_trees_80__tree_size_128__warmup_samples_32__threshold_0p73",
    "best_threshold": 0.7250000000000001,
    "best_f1": 0.18304012899731045,
    "best_hyperparameters": {
      "num_trees": 80,
      "tree_size": 128,
      "warmup_samples": 32
    },
    "best_metrics": {
      "threshold": 0.7250000000000001,
      "accuracy": 0.7008197855732502,
      "accuracy_std": 0.0,
      "precision": 0.12589787801855976,
      "precision_std": 0.0,
      "recall": 0.3351633142646245,
      "recall_std": 0.0,
      "tnr": 0.741447449356188,
      "tnr_std": 0.0,
      "fpr": 0.258552550643812,
      "fpr_std": 0.0,
      "fnr": 0.6648366857353756,
      "fnr_std": 0.0,
      "f1": 0.18304012899731045,
      "f1_std": 0.0,
      "g_mean": 0.498503745702349,
      "g_mean_std": 0.0,
      "true_positives": 14530.0,
      "true_positives_std": 0.0,
      "false_positives": 100881.0,
      "false_positives_std": 0.0,
      "false_negatives": 28822.0,
      "false_negatives_std": 0.0,
      "true_negatives": 289295.0,
      "true_negatives_std": 0.0,
      "n_rows": 433528.0,
      "n_rows_std": 0.0,
      "n_injected": 43352.0,
      "n_injected_std": 0.0,
      "n_predicted": 115411.0,
      "n_predicted_std": 0.0,
      "n_trials": 1
    }
  }
}
