{
  "new_prices": {
    "row_count": 220942,
    "product_count": 110471,
    "train_row_count": 1294570,
    "train_product_count": 110471,
    "current_candidate_id": "if__contamination_auto__max_features_0p75__max_samples_512__n_estimators_200__threshold_0p42",
    "current_threshold": 0.42000000000000004,
    "current_f1": 0.8545516477901729,
    "current_hyperparameters": {
      "n_estimators": 200,
      "max_samples": 512,
      "max_features": 0.75,
      "contamination": "auto"
    },
    "current_metrics": {
      "threshold": 0.42000000000000004,
      "accuracy": 0.9690778575372723,
      "accuracy_std": 0.0,
      "precision": 0.8067368759546587,
      "precision_std": 0.0,
      "recall": 0.9083914184846564,
      "recall_std": 0.0,
      "tnr": 0.975820727389765,
      "tnr_std": 0.0,
      "fpr": 0.024179272610234954,
      "fpr_std": 0.0,
      "fnr": 0.09160858151534353,
      "fnr_std": 0.0,
      "f1": 0.8545516477901729,
      "f1_std": 0.0,
      "g_mean": 0.9415026153656281,
      "g_mean_std": 0.0,
      "true_positives": 20070.0,
      "true_positives_std": 0.0,
      "false_positives": 4808.0,
      "false_positives_std": 0.0,
      "false_negatives": 2024.0,
      "false_negatives_std": 0.0,
      "true_negatives": 194040.0,
      "true_negatives_std": 0.0,
      "n_rows": 220942.0,
      "n_rows_std": 0.0,
      "n_injected": 22094.0,
      "n_injected_std": 0.0,
      "n_predicted": 24878.0,
      "n_predicted_std": 0.0,
      "n_trials": 1
    },
    "best_candidate_id": "if__contamination_auto__max_features_0p75__max_samples_512__n_estimators_100__threshold_0p3",
    "best_threshold": 0.3,
    "best_f1": 0.8195088442383652,
    "best_hyperparameters": {
      "n_estimators": 100,
      "max_samples": 512,
      "max_features": 0.75,
      "contamination": "auto"
    },
    "best_metrics": {
      "threshold": 0.3,
      "accuracy": 0.9571878592571806,
      "accuracy_std": 0.0,
      "precision": 0.7084089334608914,
      "precision_std": 0.0,
      "recall": 0.9719380827373948,
      "recall_std": 0.0,
      "tnr": 0.9555489620212424,
      "tnr_std": 0.0,
      "fpr": 0.04445103797875764,
      "fpr_std": 0.0,
      "fnr": 0.02806191726260523,
      "fnr_std": 0.0,
      "f1": 0.8195088442383652,
      "f1_std": 0.0,
      "g_mean": 0.9637086832174099,
      "g_mean_std": 0.0,
      "true_positives": 21474.0,
      "true_positives_std": 0.0,
      "false_positives": 8839.0,
      "false_positives_std": 0.0,
      "false_negatives": 620.0,
      "false_negatives_std": 0.0,
      "true_negatives": 190009.0,
      "true_negatives_std": 0.0,
      "n_rows": 220942.0,
      "n_rows_std": 0.0,
      "n_injected": 22094.0,
      "n_injected_std": 0.0,
      "n_predicted": 30313.0,
      "n_predicted_std": 0.0,
      "n_trials": 1
    }
  },
  "new_products": {
    "row_count": 378985,
    "product_count": 27618,
    "train_row_count": 1294570,
    "train_product_count": 110471,
    "current_candidate_id": "if__contamination_auto__max_features_0p75__max_samples_512__n_estimators_200__threshold_0p42",
    "current_threshold": 0.42000000000000004,
    "current_f1": 0.4391901649129225,
    "current_hyperparameters": {
      "n_estimators": 200,
      "max_samples": 512,
      "max_features": 0.75,
      "contamination": "auto"
    },
    "current_metrics": {
      "threshold": 0.42000000000000004,
      "accuracy": 0.8462920696069766,
      "accuracy_std": 0.0,
      "precision": 0.3457370215990906,
      "precision_std": 0.0,
      "recall": 0.60187872710961,
      "recall_std": 0.0,
      "tnr": 0.8734487095667675,
      "tnr_std": 0.0,
      "fpr": 0.12655129043323257,
      "fpr_std": 0.0,
      "fnr": 0.39812127289039,
      "fnr_std": 0.0,
      "f1": 0.4391901649129225,
      "f1_std": 0.0,
      "g_mean": 0.7250587545224024,
      "g_mean_std": 0.0,
      "true_positives": 22810.0,
      "true_positives_std": 0.0,
      "false_positives": 43165.0,
      "false_positives_std": 0.0,
      "false_negatives": 15088.0,
      "false_negatives_std": 0.0,
      "true_negatives": 297922.0,
      "true_negatives_std": 0.0,
      "n_rows": 378985.0,
      "n_rows_std": 0.0,
      "n_injected": 37898.0,
      "n_injected_std": 0.0,
      "n_predicted": 65975.0,
      "n_predicted_std": 0.0,
      "n_trials": 1
    },
    "best_candidate_id": "if__contamination_auto__max_features_0p75__max_samples_512__n_estimators_100__threshold_0p3",
    "best_threshold": 0.3,
    "best_f1": 0.4149063562772429,
    "best_hyperparameters": {
      "n_estimators": 100,
      "max_samples": 512,
      "max_features": 0.75,
      "contamination": "auto"
    },
    "best_metrics": {
      "threshold": 0.3,
      "accuracy": 0.8066150375344671,
      "accuracy_std": 0.0,
      "precision": 0.29744517192436243,
      "precision_std": 0.0,
      "recall": 0.6856826217742361,
      "recall_std": 0.0,
      "tnr": 0.8200517756466825,
      "tnr_std": 0.0,
      "fpr": 0.17994822435331748,
      "fpr_std": 0.0,
      "fnr": 0.3143173782257639,
      "fnr_std": 0.0,
      "f1": 0.4149063562772429,
      "f1_std": 0.0,
      "g_mean": 0.7498634885871127,
      "g_mean_std": 0.0,
      "true_positives": 25986.0,
      "true_positives_std": 0.0,
      "false_positives": 61378.0,
      "false_positives_std": 0.0,
      "false_negatives": 11912.0,
      "false_negatives_std": 0.0,
      "true_negatives": 279709.0,
      "true_negatives_std": 0.0,
      "n_rows": 378985.0,
      "n_rows_std": 0.0,
      "n_injected": 37898.0,
      "n_injected_std": 0.0,
      "n_predicted": 87364.0,
      "n_predicted_std": 0.0,
      "n_trials": 1
    }
  }
}
