{
  "new_prices": {
    "row_count": 7112,
    "product_count": 3556,
    "train_row_count": 114134,
    "train_product_count": 3556,
    "current_candidate_id": "if__contamination_auto__max_features_0p75__max_samples_512__n_estimators_200__threshold_0p42",
    "current_threshold": 0.42000000000000004,
    "current_f1": 0.8247549019607843,
    "current_hyperparameters": {
      "n_estimators": 200,
      "max_samples": 512,
      "max_features": 0.75,
      "contamination": "auto"
    },
    "current_metrics": {
      "threshold": 0.42000000000000004,
      "accuracy": 0.9597862767154106,
      "accuracy_std": 0.0,
      "precision": 0.7307274701411509,
      "precision_std": 0.0,
      "recall": 0.9465541490857946,
      "recall_std": 0.0,
      "tnr": 0.9612560537416028,
      "tnr_std": 0.0,
      "fpr": 0.038743946258397124,
      "fpr_std": 0.0,
      "fnr": 0.053445850914205346,
      "fnr_std": 0.0,
      "f1": 0.8247549019607843,
      "f1_std": 0.0,
      "g_mean": 0.9538767771588486,
      "g_mean_std": 0.0,
      "true_positives": 673.0,
      "true_positives_std": 0.0,
      "false_positives": 248.0,
      "false_positives_std": 0.0,
      "false_negatives": 38.0,
      "false_negatives_std": 0.0,
      "true_negatives": 6153.0,
      "true_negatives_std": 0.0,
      "n_rows": 7112.0,
      "n_rows_std": 0.0,
      "n_injected": 711.0,
      "n_injected_std": 0.0,
      "n_predicted": 921.0,
      "n_predicted_std": 0.0,
      "n_trials": 1
    },
    "best_candidate_id": "if__contamination_auto__max_features_0p75__max_samples_512__n_estimators_200__threshold_0p36",
    "best_threshold": 0.36,
    "best_f1": 0.7797752808988764,
    "best_hyperparameters": {
      "n_estimators": 200,
      "max_samples": 512,
      "max_features": 0.75,
      "contamination": "auto"
    },
    "best_metrics": {
      "threshold": 0.36,
      "accuracy": 0.9448818897637795,
      "accuracy_std": 0.0,
      "precision": 0.6492048643592142,
      "precision_std": 0.0,
      "recall": 0.9760900140646976,
      "recall_std": 0.0,
      "tnr": 0.9414154038431495,
      "tnr_std": 0.0,
      "fpr": 0.058584596156850494,
      "fpr_std": 0.0,
      "fnr": 0.02390998593530239,
      "fnr_std": 0.0,
      "f1": 0.7797752808988764,
      "f1_std": 0.0,
      "g_mean": 0.9585959392663745,
      "g_mean_std": 0.0,
      "true_positives": 694.0,
      "true_positives_std": 0.0,
      "false_positives": 375.0,
      "false_positives_std": 0.0,
      "false_negatives": 17.0,
      "false_negatives_std": 0.0,
      "true_negatives": 6026.0,
      "true_negatives_std": 0.0,
      "n_rows": 7112.0,
      "n_rows_std": 0.0,
      "n_injected": 711.0,
      "n_injected_std": 0.0,
      "n_predicted": 1069.0,
      "n_predicted_std": 0.0,
      "n_trials": 1
    }
  },
  "new_products": {
    "row_count": 30173,
    "product_count": 889,
    "train_row_count": 114134,
    "train_product_count": 3556,
    "current_candidate_id": "if__contamination_auto__max_features_0p75__max_samples_512__n_estimators_200__threshold_0p42",
    "current_threshold": 0.42000000000000004,
    "current_f1": 0.5922582101342964,
    "current_hyperparameters": {
      "n_estimators": 200,
      "max_samples": 512,
      "max_features": 0.75,
      "contamination": "auto"
    },
    "current_metrics": {
      "threshold": 0.42000000000000004,
      "accuracy": 0.8802571835747192,
      "accuracy_std": 0.0,
      "precision": 0.4490075290896646,
      "precision_std": 0.0,
      "recall": 0.8697381504806099,
      "recall_std": 0.0,
      "tnr": 0.8814258359110325,
      "tnr_std": 0.0,
      "fpr": 0.11857416408896745,
      "fpr_std": 0.0,
      "fnr": 0.13026184951939013,
      "fnr_std": 0.0,
      "f1": 0.5922582101342964,
      "f1_std": 0.0,
      "g_mean": 0.8755624913797341,
      "g_mean_std": 0.0,
      "true_positives": 2624.0,
      "true_positives_std": 0.0,
      "false_positives": 3220.0,
      "false_positives_std": 0.0,
      "false_negatives": 393.0,
      "false_negatives_std": 0.0,
      "true_negatives": 23936.0,
      "true_negatives_std": 0.0,
      "n_rows": 30173.0,
      "n_rows_std": 0.0,
      "n_injected": 3017.0,
      "n_injected_std": 0.0,
      "n_predicted": 5844.0,
      "n_predicted_std": 0.0,
      "n_trials": 1
    },
    "best_candidate_id": "if__contamination_auto__max_features_0p75__max_samples_512__n_estimators_200__threshold_0p36",
    "best_threshold": 0.36,
    "best_f1": 0.5804329371816639,
    "best_hyperparameters": {
      "n_estimators": 200,
      "max_samples": 512,
      "max_features": 0.75,
      "contamination": "auto"
    },
    "best_metrics": {
      "threshold": 0.36,
      "accuracy": 0.8689556888609021,
      "accuracy_std": 0.0,
      "precision": 0.4268768534415483,
      "precision_std": 0.0,
      "recall": 0.9065296652303613,
      "recall_std": 0.0,
      "tnr": 0.8647812638091029,
      "tnr_std": 0.0,
      "fpr": 0.13521873619089703,
      "fpr_std": 0.0,
      "fnr": 0.09347033476963872,
      "fnr_std": 0.0,
      "f1": 0.5804329371816639,
      "f1_std": 0.0,
      "g_mean": 0.885409436124528,
      "g_mean_std": 0.0,
      "true_positives": 2735.0,
      "true_positives_std": 0.0,
      "false_positives": 3672.0,
      "false_positives_std": 0.0,
      "false_negatives": 282.0,
      "false_negatives_std": 0.0,
      "true_negatives": 23484.0,
      "true_negatives_std": 0.0,
      "n_rows": 30173.0,
      "n_rows_std": 0.0,
      "n_injected": 3017.0,
      "n_injected_std": 0.0,
      "n_predicted": 6407.0,
      "n_predicted_std": 0.0,
      "n_trials": 1
    }
  }
}
