{
  "new_prices": {
    "row_count": 63518,
    "product_count": 31759,
    "train_row_count": 867677,
    "train_product_count": 31759,
    "current_candidate_id": "if__contamination_auto__max_features_0p75__max_samples_512__n_estimators_200__threshold_0p42",
    "current_threshold": 0.42000000000000004,
    "current_f1": 0.7667933185174564,
    "current_hyperparameters": {
      "n_estimators": 200,
      "max_samples": 512,
      "max_features": 0.75,
      "contamination": "auto"
    },
    "current_metrics": {
      "threshold": 0.42000000000000004,
      "accuracy": 0.9487861708492081,
      "accuracy_std": 0.0,
      "precision": 0.7038694393261384,
      "precision_std": 0.0,
      "recall": 0.8420721146276177,
      "recall_std": 0.0,
      "tnr": 0.9606416289117847,
      "tnr_std": 0.0,
      "fpr": 0.03935837108821523,
      "fpr_std": 0.0,
      "fnr": 0.1579278853723823,
      "fnr_std": 0.0,
      "f1": 0.7667933185174564,
      "f1_std": 0.0,
      "g_mean": 0.8994050966372527,
      "g_mean_std": 0.0,
      "true_positives": 5348.0,
      "true_positives_std": 0.0,
      "false_positives": 2250.0,
      "false_positives_std": 0.0,
      "false_negatives": 1003.0,
      "false_negatives_std": 0.0,
      "true_negatives": 54917.0,
      "true_negatives_std": 0.0,
      "n_rows": 63518.0,
      "n_rows_std": 0.0,
      "n_injected": 6351.0,
      "n_injected_std": 0.0,
      "n_predicted": 7598.0,
      "n_predicted_std": 0.0,
      "n_trials": 1
    },
    "best_candidate_id": "if__contamination_auto__max_features_0p75__max_samples_512__n_estimators_100__threshold_0p36",
    "best_threshold": 0.36,
    "best_f1": 0.7343655497762186,
    "best_hyperparameters": {
      "n_estimators": 100,
      "max_samples": 512,
      "max_features": 0.75,
      "contamination": "auto"
    },
    "best_metrics": {
      "threshold": 0.36,
      "accuracy": 0.9308542460404925,
      "accuracy_std": 0.0,
      "precision": 0.5961897279780025,
      "precision_std": 0.0,
      "recall": 0.9559124547315383,
      "recall_std": 0.0,
      "tnr": 0.9280703902601151,
      "tnr_std": 0.0,
      "fpr": 0.0719296097398849,
      "fpr_std": 0.0,
      "fnr": 0.04408754526846166,
      "fnr_std": 0.0,
      "f1": 0.7343655497762186,
      "f1_std": 0.0,
      "g_mean": 0.9418885522805781,
      "g_mean_std": 0.0,
      "true_positives": 6071.0,
      "true_positives_std": 0.0,
      "false_positives": 4112.0,
      "false_positives_std": 0.0,
      "false_negatives": 280.0,
      "false_negatives_std": 0.0,
      "true_negatives": 53055.0,
      "true_negatives_std": 0.0,
      "n_rows": 63518.0,
      "n_rows_std": 0.0,
      "n_injected": 6351.0,
      "n_injected_std": 0.0,
      "n_predicted": 10183.0,
      "n_predicted_std": 0.0,
      "n_trials": 1
    }
  },
  "new_products": {
    "row_count": 232563,
    "product_count": 7940,
    "train_row_count": 867677,
    "train_product_count": 31759,
    "current_candidate_id": "if__contamination_auto__max_features_0p75__max_samples_512__n_estimators_200__threshold_0p42",
    "current_threshold": 0.42000000000000004,
    "current_f1": 0.5892996464202122,
    "current_hyperparameters": {
      "n_estimators": 200,
      "max_samples": 512,
      "max_features": 0.75,
      "contamination": "auto"
    },
    "current_metrics": {
      "threshold": 0.42000000000000004,
      "accuracy": 0.8936159234272004,
      "accuracy_std": 0.0,
      "precision": 0.47992429363255373,
      "precision_std": 0.0,
      "recall": 0.7632438940488476,
      "recall_std": 0.0,
      "tnr": 0.9081014968443483,
      "tnr_std": 0.0,
      "fpr": 0.09189850315565175,
      "fpr_std": 0.0,
      "fnr": 0.2367561059511524,
      "fnr_std": 0.0,
      "f1": 0.5892996464202122,
      "f1_std": 0.0,
      "g_mean": 0.8325280311455391,
      "g_mean_std": 0.0,
      "true_positives": 17750.0,
      "true_positives_std": 0.0,
      "false_positives": 19235.0,
      "false_positives_std": 0.0,
      "false_negatives": 5506.0,
      "false_negatives_std": 0.0,
      "true_negatives": 190072.0,
      "true_negatives_std": 0.0,
      "n_rows": 232563.0,
      "n_rows_std": 0.0,
      "n_injected": 23256.0,
      "n_injected_std": 0.0,
      "n_predicted": 36985.0,
      "n_predicted_std": 0.0,
      "n_trials": 1
    },
    "best_candidate_id": "if__contamination_auto__max_features_0p75__max_samples_512__n_estimators_100__threshold_0p36",
    "best_threshold": 0.36,
    "best_f1": 0.5705497994415546,
    "best_hyperparameters": {
      "n_estimators": 100,
      "max_samples": 512,
      "max_features": 0.75,
      "contamination": "auto"
    },
    "best_metrics": {
      "threshold": 0.36,
      "accuracy": 0.869717022914221,
      "accuracy_std": 0.0,
      "precision": 0.4255449605683236,
      "precision_std": 0.0,
      "recall": 0.865454076367389,
      "recall_std": 0.0,
      "tnr": 0.8701906768526614,
      "tnr_std": 0.0,
      "fpr": 0.1298093231473386,
      "fpr_std": 0.0,
      "fnr": 0.13454592363261095,
      "fnr_std": 0.0,
      "f1": 0.5705497994415546,
      "f1_std": 0.0,
      "g_mean": 0.8678191450406203,
      "g_mean_std": 0.0,
      "true_positives": 20127.0,
      "true_positives_std": 0.0,
      "false_positives": 27170.0,
      "false_positives_std": 0.0,
      "false_negatives": 3129.0,
      "false_negatives_std": 0.0,
      "true_negatives": 182137.0,
      "true_negatives_std": 0.0,
      "n_rows": 232563.0,
      "n_rows_std": 0.0,
      "n_injected": 23256.0,
      "n_injected_std": 0.0,
      "n_predicted": 47297.0,
      "n_predicted_std": 0.0,
      "n_trials": 1
    }
  }
}
