{
  "new_prices": {
    "row_count": 69802,
    "product_count": 34901,
    "train_row_count": 974356,
    "train_product_count": 34901,
    "current_candidate_id": "if__contamination_auto__max_features_0p75__max_samples_512__n_estimators_200__threshold_0p42",
    "current_threshold": 0.42000000000000004,
    "current_f1": 0.7522640370295836,
    "current_hyperparameters": {
      "n_estimators": 200,
      "max_samples": 512,
      "max_features": 0.75,
      "contamination": "auto"
    },
    "current_metrics": {
      "threshold": 0.42000000000000004,
      "accuracy": 0.9470932064983811,
      "accuracy_std": 0.0,
      "precision": 0.7073293805979564,
      "precision_std": 0.0,
      "recall": 0.8032951289398281,
      "recall_std": 0.0,
      "tnr": 0.9630702620101238,
      "tnr_std": 0.0,
      "fpr": 0.03692973798987616,
      "fpr_std": 0.0,
      "fnr": 0.19670487106017193,
      "fnr_std": 0.0,
      "f1": 0.7522640370295836,
      "f1_std": 0.0,
      "g_mean": 0.8795621924000238,
      "g_mean_std": 0.0,
      "true_positives": 5607.0,
      "true_positives_std": 0.0,
      "false_positives": 2320.0,
      "false_positives_std": 0.0,
      "false_negatives": 1373.0,
      "false_negatives_std": 0.0,
      "true_negatives": 60502.0,
      "true_negatives_std": 0.0,
      "n_rows": 69802.0,
      "n_rows_std": 0.0,
      "n_injected": 6980.0,
      "n_injected_std": 0.0,
      "n_predicted": 7927.0,
      "n_predicted_std": 0.0,
      "n_trials": 1
    },
    "best_candidate_id": "if__contamination_auto__max_features_0p5__max_samples_256__n_estimators_100__threshold_0p36",
    "best_threshold": 0.36,
    "best_f1": 0.6576116591483666,
    "best_hyperparameters": {
      "n_estimators": 100,
      "max_samples": 256,
      "max_features": 0.5,
      "contamination": "auto"
    },
    "best_metrics": {
      "threshold": 0.36,
      "accuracy": 0.9010486805535658,
      "accuracy_std": 0.0,
      "precision": 0.5027666186614114,
      "precision_std": 0.0,
      "recall": 0.9502865329512894,
      "recall_std": 0.0,
      "tnr": 0.8955779822355225,
      "tnr_std": 0.0,
      "fpr": 0.10442201776447742,
      "fpr_std": 0.0,
      "fnr": 0.0497134670487106,
      "fnr_std": 0.0,
      "f1": 0.6576116591483666,
      "f1_std": 0.0,
      "g_mean": 0.9225267994622737,
      "g_mean_std": 0.0,
      "true_positives": 6633.0,
      "true_positives_std": 0.0,
      "false_positives": 6560.0,
      "false_positives_std": 0.0,
      "false_negatives": 347.0,
      "false_negatives_std": 0.0,
      "true_negatives": 56262.0,
      "true_negatives_std": 0.0,
      "n_rows": 69802.0,
      "n_rows_std": 0.0,
      "n_injected": 6980.0,
      "n_injected_std": 0.0,
      "n_predicted": 13193.0,
      "n_predicted_std": 0.0,
      "n_trials": 1
    }
  },
  "new_products": {
    "row_count": 260523,
    "product_count": 8726,
    "train_row_count": 974356,
    "train_product_count": 34901,
    "current_candidate_id": "if__contamination_auto__max_features_0p75__max_samples_512__n_estimators_200__threshold_0p42",
    "current_threshold": 0.42000000000000004,
    "current_f1": 0.5440331183822945,
    "current_hyperparameters": {
      "n_estimators": 200,
      "max_samples": 512,
      "max_features": 0.75,
      "contamination": "auto"
    },
    "current_metrics": {
      "threshold": 0.42000000000000004,
      "accuracy": 0.8900788030231496,
      "accuracy_std": 0.0,
      "precision": 0.4648328027644002,
      "precision_std": 0.0,
      "recall": 0.6557653922923384,
      "recall_std": 0.0,
      "tnr": 0.916113293328386,
      "tnr_std": 0.0,
      "fpr": 0.08388670667161398,
      "fpr_std": 0.0,
      "fnr": 0.3442346077076616,
      "fnr_std": 0.0,
      "f1": 0.5440331183822945,
      "f1_std": 0.0,
      "g_mean": 0.7750841200693737,
      "g_mean_std": 0.0,
      "true_positives": 17084.0,
      "true_positives_std": 0.0,
      "false_positives": 19669.0,
      "false_positives_std": 0.0,
      "false_negatives": 8968.0,
      "false_negatives_std": 0.0,
      "true_negatives": 214802.0,
      "true_negatives_std": 0.0,
      "n_rows": 260523.0,
      "n_rows_std": 0.0,
      "n_injected": 26052.0,
      "n_injected_std": 0.0,
      "n_predicted": 36753.0,
      "n_predicted_std": 0.0,
      "n_trials": 1
    },
    "best_candidate_id": "if__contamination_auto__max_features_0p5__max_samples_256__n_estimators_100__threshold_0p36",
    "best_threshold": 0.36,
    "best_f1": 0.5192299287618548,
    "best_hyperparameters": {
      "n_estimators": 100,
      "max_samples": 256,
      "max_features": 0.5,
      "contamination": "auto"
    },
    "best_metrics": {
      "threshold": 0.36,
      "accuracy": 0.8311012847234217,
      "accuracy_std": 0.0,
      "precision": 0.36291849951124144,
      "precision_std": 0.0,
      "recall": 0.9120604943958237,
      "recall_std": 0.0,
      "tnr": 0.822105932076888,
      "tnr_std": 0.0,
      "fpr": 0.17789406792311202,
      "fpr_std": 0.0,
      "fnr": 0.08793950560417627,
      "fnr_std": 0.0,
      "f1": 0.5192299287618548,
      "f1_std": 0.0,
      "g_mean": 0.8659158982579,
      "g_mean_std": 0.0,
      "true_positives": 23761.0,
      "true_positives_std": 0.0,
      "false_positives": 41711.0,
      "false_positives_std": 0.0,
      "false_negatives": 2291.0,
      "false_negatives_std": 0.0,
      "true_negatives": 192760.0,
      "true_negatives_std": 0.0,
      "n_rows": 260523.0,
      "n_rows_std": 0.0,
      "n_injected": 26052.0,
      "n_injected_std": 0.0,
      "n_predicted": 65472.0,
      "n_predicted_std": 0.0,
      "n_trials": 1
    }
  }
}
