{
  "new_prices": {
    "row_count": 376480,
    "product_count": 188240,
    "train_row_count": 3056569,
    "train_product_count": 188240,
    "current_candidate_id": "if__contamination_auto__max_features_0p75__max_samples_512__n_estimators_200__threshold_0p42",
    "current_threshold": 0.42000000000000004,
    "current_f1": 0.7363714949484035,
    "current_hyperparameters": {
      "n_estimators": 200,
      "max_samples": 512,
      "max_features": 0.75,
      "contamination": "auto"
    },
    "current_metrics": {
      "threshold": 0.42000000000000004,
      "accuracy": 0.9481566085847853,
      "accuracy_std": 0.0,
      "precision": 0.7491205892052325,
      "precision_std": 0.0,
      "recall": 0.7240490862728431,
      "recall_std": 0.0,
      "tnr": 0.9730574443972234,
      "tnr_std": 0.0,
      "fpr": 0.026942555602776596,
      "fpr_std": 0.0,
      "fnr": 0.2759509137271568,
      "fnr_std": 0.0,
      "f1": 0.7363714949484035,
      "f1_std": 0.0,
      "g_mean": 0.8393696167403234,
      "g_mean_std": 0.0,
      "true_positives": 27259.0,
      "true_positives_std": 0.0,
      "false_positives": 9129.0,
      "false_positives_std": 0.0,
      "false_negatives": 10389.0,
      "false_negatives_std": 0.0,
      "true_negatives": 329703.0,
      "true_negatives_std": 0.0,
      "n_rows": 376480.0,
      "n_rows_std": 0.0,
      "n_injected": 37648.0,
      "n_injected_std": 0.0,
      "n_predicted": 36388.0,
      "n_predicted_std": 0.0,
      "n_trials": 1
    },
    "best_candidate_id": "if__contamination_auto__max_features_0p75__max_samples_256__n_estimators_200__threshold_0p3",
    "best_threshold": 0.3,
    "best_f1": 0.6967825932574516,
    "best_hyperparameters": {
      "n_estimators": 200,
      "max_samples": 256,
      "max_features": 0.75,
      "contamination": "auto"
    },
    "best_metrics": {
      "threshold": 0.3,
      "accuracy": 0.9183436039099022,
      "accuracy_std": 0.0,
      "precision": 0.5541749035112492,
      "precision_std": 0.0,
      "recall": 0.9382171695707607,
      "recall_std": 0.0,
      "tnr": 0.9161354299475847,
      "tnr_std": 0.0,
      "fpr": 0.08386457005241536,
      "fpr_std": 0.0,
      "fnr": 0.061782830429239266,
      "fnr_std": 0.0,
      "f1": 0.6967825932574516,
      "f1_std": 0.0,
      "g_mean": 0.9271105597656165,
      "g_mean_std": 0.0,
      "true_positives": 35322.0,
      "true_positives_std": 0.0,
      "false_positives": 28416.0,
      "false_positives_std": 0.0,
      "false_negatives": 2326.0,
      "false_negatives_std": 0.0,
      "true_negatives": 310416.0,
      "true_negatives_std": 0.0,
      "n_rows": 376480.0,
      "n_rows_std": 0.0,
      "n_injected": 37648.0,
      "n_injected_std": 0.0,
      "n_predicted": 63738.0,
      "n_predicted_std": 0.0,
      "n_trials": 1
    }
  },
  "new_products": {
    "row_count": 858140,
    "product_count": 47060,
    "train_row_count": 3056569,
    "train_product_count": 188240,
    "current_candidate_id": "if__contamination_auto__max_features_0p75__max_samples_512__n_estimators_200__threshold_0p42",
    "current_threshold": 0.42000000000000004,
    "current_f1": 0.48130739749801144,
    "current_hyperparameters": {
      "n_estimators": 200,
      "max_samples": 512,
      "max_features": 0.75,
      "contamination": "auto"
    },
    "current_metrics": {
      "threshold": 0.42000000000000004,
      "accuracy": 0.8829771365977579,
      "accuracy_std": 0.0,
      "precision": 0.43223986937806147,
      "precision_std": 0.0,
      "recall": 0.542941711142704,
      "recall_std": 0.0,
      "tnr": 0.9207588505372084,
      "tnr_std": 0.0,
      "fpr": 0.07924114946279162,
      "fpr_std": 0.0,
      "fnr": 0.457058288857296,
      "fnr_std": 0.0,
      "f1": 0.48130739749801144,
      "f1_std": 0.0,
      "g_mean": 0.7070490689198743,
      "g_mean_std": 0.0,
      "true_positives": 46592.0,
      "true_positives_std": 0.0,
      "false_positives": 61200.0,
      "false_positives_std": 0.0,
      "false_negatives": 39222.0,
      "false_negatives_std": 0.0,
      "true_negatives": 711126.0,
      "true_negatives_std": 0.0,
      "n_rows": 858140.0,
      "n_rows_std": 0.0,
      "n_injected": 85814.0,
      "n_injected_std": 0.0,
      "n_predicted": 107792.0,
      "n_predicted_std": 0.0,
      "n_trials": 1
    },
    "best_candidate_id": "if__contamination_auto__max_features_0p75__max_samples_256__n_estimators_200__threshold_0p3",
    "best_threshold": 0.3,
    "best_f1": 0.47614449370144407,
    "best_hyperparameters": {
      "n_estimators": 200,
      "max_samples": 256,
      "max_features": 0.75,
      "contamination": "auto"
    },
    "best_metrics": {
      "threshold": 0.3,
      "accuracy": 0.8470121425408441,
      "accuracy_std": 0.0,
      "precision": 0.36204103180237746,
      "precision_std": 0.0,
      "recall": 0.6952711678747058,
      "recall_std": 0.0,
      "tnr": 0.8638722508370817,
      "tnr_std": 0.0,
      "fpr": 0.13612774916291825,
      "fpr_std": 0.0,
      "fnr": 0.3047288321252942,
      "fnr_std": 0.0,
      "f1": 0.47614449370144407,
      "f1_std": 0.0,
      "g_mean": 0.7750003024090046,
      "g_mean_std": 0.0,
      "true_positives": 59664.0,
      "true_positives_std": 0.0,
      "false_positives": 105135.0,
      "false_positives_std": 0.0,
      "false_negatives": 26150.0,
      "false_negatives_std": 0.0,
      "true_negatives": 667191.0,
      "true_negatives_std": 0.0,
      "n_rows": 858140.0,
      "n_rows_std": 0.0,
      "n_injected": 85814.0,
      "n_injected_std": 0.0,
      "n_predicted": 164799.0,
      "n_predicted_std": 0.0,
      "n_trials": 1
    }
  }
}
