{
  "new_prices": {
    "row_count": 247640,
    "product_count": 123820,
    "train_row_count": 3765271,
    "train_product_count": 123820,
    "current_candidate_id": "if__contamination_auto__max_features_0p75__max_samples_512__n_estimators_200__threshold_0p42",
    "current_threshold": 0.42000000000000004,
    "current_f1": 0.7327128175295715,
    "current_hyperparameters": {
      "n_estimators": 200,
      "max_samples": 512,
      "max_features": 0.75,
      "contamination": "auto"
    },
    "current_metrics": {
      "threshold": 0.42000000000000004,
      "accuracy": 0.9443385559683412,
      "accuracy_std": 0.0,
      "precision": 0.7048048944266209,
      "precision_std": 0.0,
      "recall": 0.762921983524471,
      "recall_std": 0.0,
      "tnr": 0.9644959529065489,
      "tnr_std": 0.0,
      "fpr": 0.03550404709345107,
      "fpr_std": 0.0,
      "fnr": 0.23707801647552898,
      "fnr_std": 0.0,
      "f1": 0.7327128175295715,
      "f1_std": 0.0,
      "g_mean": 0.8578083500950483,
      "g_mean_std": 0.0,
      "true_positives": 18893.0,
      "true_positives_std": 0.0,
      "false_positives": 7913.0,
      "false_positives_std": 0.0,
      "false_negatives": 5871.0,
      "false_negatives_std": 0.0,
      "true_negatives": 214963.0,
      "true_negatives_std": 0.0,
      "n_rows": 247640.0,
      "n_rows_std": 0.0,
      "n_injected": 24764.0,
      "n_injected_std": 0.0,
      "n_predicted": 26806.0,
      "n_predicted_std": 0.0,
      "n_trials": 1
    },
    "best_candidate_id": "if__contamination_auto__max_features_1__max_samples_256__n_estimators_200__threshold_0p3",
    "best_threshold": 0.3,
    "best_f1": 0.6521522215139001,
    "best_hyperparameters": {
      "n_estimators": 200,
      "max_samples": 256,
      "max_features": 1.0,
      "contamination": "auto"
    },
    "best_metrics": {
      "threshold": 0.3,
      "accuracy": 0.8986431917299306,
      "accuracy_std": 0.0,
      "precision": 0.4964552474996835,
      "precision_std": 0.0,
      "recall": 0.9501292198352447,
      "recall_std": 0.0,
      "tnr": 0.8929225219404512,
      "tnr_std": 0.0,
      "fpr": 0.10707747805954881,
      "fpr_std": 0.0,
      "fnr": 0.04987078016475529,
      "fnr_std": 0.0,
      "f1": 0.6521522215139001,
      "f1_std": 0.0,
      "g_mean": 0.9210818525758718,
      "g_mean_std": 0.0,
      "true_positives": 23529.0,
      "true_positives_std": 0.0,
      "false_positives": 23865.0,
      "false_positives_std": 0.0,
      "false_negatives": 1235.0,
      "false_negatives_std": 0.0,
      "true_negatives": 199011.0,
      "true_negatives_std": 0.0,
      "n_rows": 247640.0,
      "n_rows_std": 0.0,
      "n_injected": 24764.0,
      "n_injected_std": 0.0,
      "n_predicted": 47394.0,
      "n_predicted_std": 0.0,
      "n_trials": 1
    }
  },
  "new_products": {
    "row_count": 1002149,
    "product_count": 30956,
    "train_row_count": 3765271,
    "train_product_count": 123820,
    "current_candidate_id": "if__contamination_auto__max_features_0p75__max_samples_512__n_estimators_200__threshold_0p42",
    "current_threshold": 0.42000000000000004,
    "current_f1": 0.5956962667692535,
    "current_hyperparameters": {
      "n_estimators": 200,
      "max_samples": 512,
      "max_features": 0.75,
      "contamination": "auto"
    },
    "current_metrics": {
      "threshold": 0.42000000000000004,
      "accuracy": 0.9014218444562635,
      "accuracy_std": 0.0,
      "precision": 0.5049399161879389,
      "precision_std": 0.0,
      "recall": 0.7262258766240246,
      "recall_std": 0.0,
      "tnr": 0.9208878688597294,
      "tnr_std": 0.0,
      "fpr": 0.07911213114027064,
      "fpr_std": 0.0,
      "fnr": 0.2737741233759754,
      "fnr_std": 0.0,
      "f1": 0.5956962667692535,
      "f1_std": 0.0,
      "g_mean": 0.8177851795154316,
      "g_mean_std": 0.0,
      "true_positives": 72778.0,
      "true_positives_std": 0.0,
      "false_positives": 71354.0,
      "false_positives_std": 0.0,
      "false_negatives": 27436.0,
      "false_negatives_std": 0.0,
      "true_negatives": 830581.0,
      "true_negatives_std": 0.0,
      "n_rows": 1002149.0,
      "n_rows_std": 0.0,
      "n_injected": 100214.0,
      "n_injected_std": 0.0,
      "n_predicted": 144132.0,
      "n_predicted_std": 0.0,
      "n_trials": 1
    },
    "best_candidate_id": "if__contamination_auto__max_features_1__max_samples_256__n_estimators_200__threshold_0p3",
    "best_threshold": 0.3,
    "best_f1": 0.5648228486433945,
    "best_hyperparameters": {
      "n_estimators": 200,
      "max_samples": 256,
      "max_features": 1.0,
      "contamination": "auto"
    },
    "best_metrics": {
      "threshold": 0.3,
      "accuracy": 0.8668720918745616,
      "accuracy_std": 0.0,
      "precision": 0.4195580538864121,
      "precision_std": 0.0,
      "recall": 0.8639511445506616,
      "recall_std": 0.0,
      "tnr": 0.867196638338683,
      "tnr_std": 0.0,
      "fpr": 0.13280336166131707,
      "fpr_std": 0.0,
      "fnr": 0.13604885544933842,
      "fnr_std": 0.0,
      "f1": 0.5648228486433945,
      "f1_std": 0.0,
      "g_mean": 0.8655723703094914,
      "g_mean_std": 0.0,
      "true_positives": 86580.0,
      "true_positives_std": 0.0,
      "false_positives": 119780.0,
      "false_positives_std": 0.0,
      "false_negatives": 13634.0,
      "false_negatives_std": 0.0,
      "true_negatives": 782155.0,
      "true_negatives_std": 0.0,
      "n_rows": 1002149.0,
      "n_rows_std": 0.0,
      "n_injected": 100214.0,
      "n_injected_std": 0.0,
      "n_predicted": 206360.0,
      "n_predicted_std": 0.0,
      "n_trials": 1
    }
  }
}
