{
  "new_prices": {
    "row_count": 86272,
    "product_count": 43136,
    "train_row_count": 1303827,
    "train_product_count": 43136,
    "current_candidate_id": "if__contamination_auto__max_features_0p75__max_samples_512__n_estimators_200__threshold_0p42",
    "current_threshold": 0.42000000000000004,
    "current_f1": 0.7527842161795466,
    "current_hyperparameters": {
      "n_estimators": 200,
      "max_samples": 512,
      "max_features": 0.75,
      "contamination": "auto"
    },
    "current_metrics": {
      "threshold": 0.42000000000000004,
      "accuracy": 0.9493114799703264,
      "accuracy_std": 0.0,
      "precision": 0.7347163981461046,
      "precision_std": 0.0,
      "recall": 0.771763069433175,
      "recall_std": 0.0,
      "tnr": 0.9690385729924658,
      "tnr_std": 0.0,
      "fpr": 0.030961427007534292,
      "fpr_std": 0.0,
      "fnr": 0.2282369305668251,
      "fnr_std": 0.0,
      "f1": 0.7527842161795466,
      "f1_std": 0.0,
      "g_mean": 0.8647937230876558,
      "g_mean_std": 0.0,
      "true_positives": 6658.0,
      "true_positives_std": 0.0,
      "false_positives": 2404.0,
      "false_positives_std": 0.0,
      "false_negatives": 1969.0,
      "false_negatives_std": 0.0,
      "true_negatives": 75241.0,
      "true_negatives_std": 0.0,
      "n_rows": 86272.0,
      "n_rows_std": 0.0,
      "n_injected": 8627.0,
      "n_injected_std": 0.0,
      "n_predicted": 9062.0,
      "n_predicted_std": 0.0,
      "n_trials": 1
    },
    "best_candidate_id": "if__contamination_auto__max_features_0p75__max_samples_256__n_estimators_200__threshold_0p3",
    "best_threshold": 0.3,
    "best_f1": 0.6697125298184612,
    "best_hyperparameters": {
      "n_estimators": 200,
      "max_samples": 256,
      "max_features": 0.75,
      "contamination": "auto"
    },
    "best_metrics": {
      "threshold": 0.3,
      "accuracy": 0.9053111090504451,
      "accuracy_std": 0.0,
      "precision": 0.5142183037377375,
      "precision_std": 0.0,
      "recall": 0.9600092732120088,
      "recall_std": 0.0,
      "tnr": 0.8992336918024342,
      "tnr_std": 0.0,
      "fpr": 0.10076630819756585,
      "fpr_std": 0.0,
      "fnr": 0.03999072678799119,
      "fnr_std": 0.0,
      "f1": 0.6697125298184612,
      "f1_std": 0.0,
      "g_mean": 0.9291246864199694,
      "g_mean_std": 0.0,
      "true_positives": 8282.0,
      "true_positives_std": 0.0,
      "false_positives": 7824.0,
      "false_positives_std": 0.0,
      "false_negatives": 345.0,
      "false_negatives_std": 0.0,
      "true_negatives": 69821.0,
      "true_negatives_std": 0.0,
      "n_rows": 86272.0,
      "n_rows_std": 0.0,
      "n_injected": 8627.0,
      "n_injected_std": 0.0,
      "n_predicted": 16106.0,
      "n_predicted_std": 0.0,
      "n_trials": 1
    }
  },
  "new_products": {
    "row_count": 347534,
    "product_count": 10784,
    "train_row_count": 1303827,
    "train_product_count": 43136,
    "current_candidate_id": "if__contamination_auto__max_features_0p75__max_samples_512__n_estimators_200__threshold_0p42",
    "current_threshold": 0.42000000000000004,
    "current_f1": 0.6560940885174869,
    "current_hyperparameters": {
      "n_estimators": 200,
      "max_samples": 512,
      "max_features": 0.75,
      "contamination": "auto"
    },
    "current_metrics": {
      "threshold": 0.42000000000000004,
      "accuracy": 0.9200682523148814,
      "accuracy_std": 0.0,
      "precision": 0.5757681109034809,
      "precision_std": 0.0,
      "recall": 0.7624665496503898,
      "recall_std": 0.0,
      "tnr": 0.937579328667662,
      "tnr_std": 0.0,
      "fpr": 0.06242067133233796,
      "fpr_std": 0.0,
      "fnr": 0.2375334503496101,
      "fnr_std": 0.0,
      "f1": 0.6560940885174869,
      "f1_std": 0.0,
      "g_mean": 0.8455015527796275,
      "g_mean_std": 0.0,
      "true_positives": 26498.0,
      "true_positives_std": 0.0,
      "false_positives": 19524.0,
      "false_positives_std": 0.0,
      "false_negatives": 8255.0,
      "false_negatives_std": 0.0,
      "true_negatives": 293257.0,
      "true_negatives_std": 0.0,
      "n_rows": 347534.0,
      "n_rows_std": 0.0,
      "n_injected": 34753.0,
      "n_injected_std": 0.0,
      "n_predicted": 46022.0,
      "n_predicted_std": 0.0,
      "n_trials": 1
    },
    "best_candidate_id": "if__contamination_auto__max_features_0p75__max_samples_256__n_estimators_200__threshold_0p3",
    "best_threshold": 0.3,
    "best_f1": 0.5870139534883722,
    "best_hyperparameters": {
      "n_estimators": 200,
      "max_samples": 256,
      "max_features": 0.75,
      "contamination": "auto"
    },
    "best_metrics": {
      "threshold": 0.3,
      "accuracy": 0.8722542254858517,
      "accuracy_std": 0.0,
      "precision": 0.43372235281179977,
      "precision_std": 0.0,
      "recall": 0.9078928437832705,
      "recall_std": 0.0,
      "tnr": 0.8682944296488597,
      "tnr_std": 0.0,
      "fpr": 0.13170557035114025,
      "fpr_std": 0.0,
      "fnr": 0.09210715621672949,
      "fnr_std": 0.0,
      "f1": 0.5870139534883722,
      "f1_std": 0.0,
      "g_mean": 0.8878729069946195,
      "g_mean_std": 0.0,
      "true_positives": 31552.0,
      "true_positives_std": 0.0,
      "false_positives": 41195.0,
      "false_positives_std": 0.0,
      "false_negatives": 3201.0,
      "false_negatives_std": 0.0,
      "true_negatives": 271586.0,
      "true_negatives_std": 0.0,
      "n_rows": 347534.0,
      "n_rows_std": 0.0,
      "n_injected": 34753.0,
      "n_injected_std": 0.0,
      "n_predicted": 72747.0,
      "n_predicted_std": 0.0,
      "n_trials": 1
    }
  }
}
