{
  "new_prices": {
    "row_count": 49456,
    "product_count": 24728,
    "train_row_count": 468724,
    "train_product_count": 24728,
    "current_candidate_id": "if__contamination_auto__max_features_0p75__max_samples_512__n_estimators_200__threshold_0p42",
    "current_threshold": 0.42000000000000004,
    "current_f1": 0.7942000966650555,
    "current_hyperparameters": {
      "n_estimators": 200,
      "max_samples": 512,
      "max_features": 0.75,
      "contamination": "auto"
    },
    "current_metrics": {
      "threshold": 0.42000000000000004,
      "accuracy": 0.9569516337754772,
      "accuracy_std": 0.0,
      "precision": 0.7607407407407407,
      "precision_std": 0.0,
      "recall": 0.8307381193124368,
      "recall_std": 0.0,
      "tnr": 0.9709734672328189,
      "tnr_std": 0.0,
      "fpr": 0.029026532767181146,
      "fpr_std": 0.0,
      "fnr": 0.1692618806875632,
      "fnr_std": 0.0,
      "f1": 0.7942000966650555,
      "f1_std": 0.0,
      "g_mean": 0.8981228602319773,
      "g_mean_std": 0.0,
      "true_positives": 4108.0,
      "true_positives_std": 0.0,
      "false_positives": 1292.0,
      "false_positives_std": 0.0,
      "false_negatives": 837.0,
      "false_negatives_std": 0.0,
      "true_negatives": 43219.0,
      "true_negatives_std": 0.0,
      "n_rows": 49456.0,
      "n_rows_std": 0.0,
      "n_injected": 4945.0,
      "n_injected_std": 0.0,
      "n_predicted": 5400.0,
      "n_predicted_std": 0.0,
      "n_trials": 1
    },
    "best_candidate_id": "if__contamination_auto__max_features_0p75__max_samples_512__n_estimators_100__threshold_0p3",
    "best_threshold": 0.3,
    "best_f1": 0.7579365079365079,
    "best_hyperparameters": {
      "n_estimators": 100,
      "max_samples": 512,
      "max_features": 0.75,
      "contamination": "auto"
    },
    "best_metrics": {
      "threshold": 0.3,
      "accuracy": 0.9407958589453251,
      "accuracy_std": 0.0,
      "precision": 0.641029226681583,
      "precision_std": 0.0,
      "recall": 0.9269969666329626,
      "recall_std": 0.0,
      "tnr": 0.9423288625283638,
      "tnr_std": 0.0,
      "fpr": 0.05767113747163623,
      "fpr_std": 0.0,
      "fnr": 0.07300303336703741,
      "fnr_std": 0.0,
      "f1": 0.7579365079365079,
      "f1_std": 0.0,
      "g_mean": 0.9346314766443955,
      "g_mean_std": 0.0,
      "true_positives": 4584.0,
      "true_positives_std": 0.0,
      "false_positives": 2567.0,
      "false_positives_std": 0.0,
      "false_negatives": 361.0,
      "false_negatives_std": 0.0,
      "true_negatives": 41944.0,
      "true_negatives_std": 0.0,
      "n_rows": 49456.0,
      "n_rows_std": 0.0,
      "n_injected": 4945.0,
      "n_injected_std": 0.0,
      "n_predicted": 7151.0,
      "n_predicted_std": 0.0,
      "n_trials": 1
    }
  },
  "new_products": {
    "row_count": 129490,
    "product_count": 6182,
    "train_row_count": 468724,
    "train_product_count": 24728,
    "current_candidate_id": "if__contamination_auto__max_features_0p75__max_samples_512__n_estimators_200__threshold_0p42",
    "current_threshold": 0.42000000000000004,
    "current_f1": 0.3539627010293711,
    "current_hyperparameters": {
      "n_estimators": 200,
      "max_samples": 512,
      "max_features": 0.75,
      "contamination": "auto"
    },
    "current_metrics": {
      "threshold": 0.42000000000000004,
      "accuracy": 0.8017684763302185,
      "accuracy_std": 0.0,
      "precision": 0.2625448028673835,
      "precision_std": 0.0,
      "recall": 0.5430535176461503,
      "recall_std": 0.0,
      "tnr": 0.8305145828506706,
      "tnr_std": 0.0,
      "fpr": 0.1694854171493294,
      "fpr_std": 0.0,
      "fnr": 0.4569464823538497,
      "fnr_std": 0.0,
      "f1": 0.3539627010293711,
      "f1_std": 0.0,
      "g_mean": 0.6715756589346294,
      "g_mean_std": 0.0,
      "true_positives": 7032.0,
      "true_positives_std": 0.0,
      "false_positives": 19752.0,
      "false_positives_std": 0.0,
      "false_negatives": 5917.0,
      "false_negatives_std": 0.0,
      "true_negatives": 96789.0,
      "true_negatives_std": 0.0,
      "n_rows": 129490.0,
      "n_rows_std": 0.0,
      "n_injected": 12949.0,
      "n_injected_std": 0.0,
      "n_predicted": 26784.0,
      "n_predicted_std": 0.0,
      "n_trials": 1
    },
    "best_candidate_id": "if__contamination_auto__max_features_0p75__max_samples_512__n_estimators_100__threshold_0p3",
    "best_threshold": 0.3,
    "best_f1": 0.35454909819639274,
    "best_hyperparameters": {
      "n_estimators": 100,
      "max_samples": 512,
      "max_features": 0.75,
      "contamination": "auto"
    },
    "best_metrics": {
      "threshold": 0.3,
      "accuracy": 0.7512703683682138,
      "accuracy_std": 0.0,
      "precision": 0.2393981218370274,
      "precision_std": 0.0,
      "recall": 0.6831415553324581,
      "recall_std": 0.0,
      "tnr": 0.7588402364832977,
      "tnr_std": 0.0,
      "fpr": 0.24115976351670226,
      "fpr_std": 0.0,
      "fnr": 0.31685844466754187,
      "fnr_std": 0.0,
      "f1": 0.35454909819639274,
      "f1_std": 0.0,
      "g_mean": 0.7199967356870796,
      "g_mean_std": 0.0,
      "true_positives": 8846.0,
      "true_positives_std": 0.0,
      "false_positives": 28105.0,
      "false_positives_std": 0.0,
      "false_negatives": 4103.0,
      "false_negatives_std": 0.0,
      "true_negatives": 88436.0,
      "true_negatives_std": 0.0,
      "n_rows": 129490.0,
      "n_rows_std": 0.0,
      "n_injected": 12949.0,
      "n_injected_std": 0.0,
      "n_predicted": 36951.0,
      "n_predicted_std": 0.0,
      "n_trials": 1
    }
  }
}
