{
  "new_prices": {
    "row_count": 190006,
    "product_count": 95003,
    "train_row_count": 3036982,
    "train_product_count": 95003,
    "current_candidate_id": "if__contamination_auto__max_features_0p75__max_samples_512__n_estimators_200__threshold_0p42",
    "current_threshold": 0.42000000000000004,
    "current_f1": 0.7635403523529137,
    "current_hyperparameters": {
      "n_estimators": 200,
      "max_samples": 512,
      "max_features": 0.75,
      "contamination": "auto"
    },
    "current_metrics": {
      "threshold": 0.42000000000000004,
      "accuracy": 0.9467385240466091,
      "accuracy_std": 0.0,
      "precision": 0.6865703000252122,
      "precision_std": 0.0,
      "recall": 0.8599473684210527,
      "recall_std": 0.0,
      "tnr": 0.9563816474275756,
      "tnr_std": 0.0,
      "fpr": 0.04361835257242436,
      "fpr_std": 0.0,
      "fnr": 0.14005263157894737,
      "fnr_std": 0.0,
      "f1": 0.7635403523529137,
      "f1_std": 0.0,
      "g_mean": 0.9068836093521233,
      "g_mean_std": 0.0,
      "true_positives": 16339.0,
      "true_positives_std": 0.0,
      "false_positives": 7459.0,
      "false_positives_std": 0.0,
      "false_negatives": 2661.0,
      "false_negatives_std": 0.0,
      "true_negatives": 163547.0,
      "true_negatives_std": 0.0,
      "n_rows": 190006.0,
      "n_rows_std": 0.0,
      "n_injected": 19000.0,
      "n_injected_std": 0.0,
      "n_predicted": 23798.0,
      "n_predicted_std": 0.0,
      "n_trials": 1
    },
    "best_candidate_id": "if__contamination_auto__max_features_0p75__max_samples_512__n_estimators_200__threshold_0p3",
    "best_threshold": 0.3,
    "best_f1": 0.6639054118162244,
    "best_hyperparameters": {
      "n_estimators": 200,
      "max_samples": 512,
      "max_features": 0.75,
      "contamination": "auto"
    },
    "best_metrics": {
      "threshold": 0.3,
      "accuracy": 0.9030556929781165,
      "accuracy_std": 0.0,
      "precision": 0.5080992012511869,
      "precision_std": 0.0,
      "recall": 0.9575263157894737,
      "recall_std": 0.0,
      "tnr": 0.8970036139082839,
      "tnr_std": 0.0,
      "fpr": 0.10299638609171607,
      "fpr_std": 0.0,
      "fnr": 0.042473684210526316,
      "fnr_std": 0.0,
      "f1": 0.6639054118162244,
      "f1_std": 0.0,
      "g_mean": 0.926771042747583,
      "g_mean_std": 0.0,
      "true_positives": 18193.0,
      "true_positives_std": 0.0,
      "false_positives": 17613.0,
      "false_positives_std": 0.0,
      "false_negatives": 807.0,
      "false_negatives_std": 0.0,
      "true_negatives": 153393.0,
      "true_negatives_std": 0.0,
      "n_rows": 190006.0,
      "n_rows_std": 0.0,
      "n_injected": 19000.0,
      "n_injected_std": 0.0,
      "n_predicted": 35806.0,
      "n_predicted_std": 0.0,
      "n_trials": 1
    }
  },
  "new_products": {
    "row_count": 806146,
    "product_count": 23751,
    "train_row_count": 3036982,
    "train_product_count": 95003,
    "current_candidate_id": "if__contamination_auto__max_features_0p75__max_samples_512__n_estimators_200__threshold_0p42",
    "current_threshold": 0.42000000000000004,
    "current_f1": 0.5827059793008087,
    "current_hyperparameters": {
      "n_estimators": 200,
      "max_samples": 512,
      "max_features": 0.75,
      "contamination": "auto"
    },
    "current_metrics": {
      "threshold": 0.42000000000000004,
      "accuracy": 0.8888154254936451,
      "accuracy_std": 0.0,
      "precision": 0.4663988612057208,
      "precision_std": 0.0,
      "recall": 0.77629195921304,
      "recall_std": 0.0,
      "tnr": 0.9013179294641726,
      "tnr_std": 0.0,
      "fpr": 0.0986820705358275,
      "fpr_std": 0.0,
      "fnr": 0.22370804078696008,
      "fnr_std": 0.0,
      "f1": 0.5827059793008087,
      "f1_std": 0.0,
      "g_mean": 0.8364722717087417,
      "g_mean_std": 0.0,
      "true_positives": 62580.0,
      "true_positives_std": 0.0,
      "false_positives": 71597.0,
      "false_positives_std": 0.0,
      "false_negatives": 18034.0,
      "false_negatives_std": 0.0,
      "true_negatives": 653935.0,
      "true_negatives_std": 0.0,
      "n_rows": 806146.0,
      "n_rows_std": 0.0,
      "n_injected": 80614.0,
      "n_injected_std": 0.0,
      "n_predicted": 134177.0,
      "n_predicted_std": 0.0,
      "n_trials": 1
    },
    "best_candidate_id": "if__contamination_auto__max_features_0p75__max_samples_512__n_estimators_200__threshold_0p3",
    "best_threshold": 0.3,
    "best_f1": 0.5596028559376318,
    "best_hyperparameters": {
      "n_estimators": 200,
      "max_samples": 512,
      "max_features": 0.75,
      "contamination": "auto"
    },
    "best_metrics": {
      "threshold": 0.3,
      "accuracy": 0.8601320356362248,
      "accuracy_std": 0.0,
      "precision": 0.4083881560194739,
      "precision_std": 0.0,
      "recall": 0.8886421713350039,
      "recall_std": 0.0,
      "tnr": 0.8569642689777983,
      "tnr_std": 0.0,
      "fpr": 0.14303573102220163,
      "fpr_std": 0.0,
      "fnr": 0.11135782866499616,
      "fnr_std": 0.0,
      "f1": 0.5596028559376318,
      "f1_std": 0.0,
      "g_mean": 0.8726594918643497,
      "g_mean_std": 0.0,
      "true_positives": 71637.0,
      "true_positives_std": 0.0,
      "false_positives": 103777.0,
      "false_positives_std": 0.0,
      "false_negatives": 8977.0,
      "false_negatives_std": 0.0,
      "true_negatives": 621755.0,
      "true_negatives_std": 0.0,
      "n_rows": 806146.0,
      "n_rows_std": 0.0,
      "n_injected": 80614.0,
      "n_injected_std": 0.0,
      "n_predicted": 175414.0,
      "n_predicted_std": 0.0,
      "n_trials": 1
    }
  }
}
