{
  "new_prices": {
    "row_count": 137576,
    "product_count": 68788,
    "train_row_count": 1251116,
    "train_product_count": 68788,
    "current_candidate_id": "eif__max_features_0p5__max_samples_256__n_estimators_100__threshold_0p2",
    "current_threshold": 0.2,
    "current_f1": 0.29190022421524664,
    "current_hyperparameters": {
      "n_estimators": 100,
      "max_samples": 256,
      "max_features": 0.5
    },
    "current_metrics": {
      "threshold": 0.2,
      "accuracy": 0.7796272605687038,
      "accuracy_std": 0.0,
      "precision": 0.2150452527616229,
      "precision_std": 0.0,
      "recall": 0.4542414770662208,
      "recall_std": 0.0,
      "tnr": 0.8157794845702194,
      "tnr_std": 0.0,
      "fpr": 0.18422051542978057,
      "fpr_std": 0.0,
      "fnr": 0.5457585229337791,
      "fnr_std": 0.0,
      "f1": 0.29190022421524664,
      "f1_std": 0.0,
      "g_mean": 0.6087371173433543,
      "g_mean_std": 0.0,
      "true_positives": 6249.0,
      "true_positives_std": 0.0,
      "false_positives": 22810.0,
      "false_positives_std": 0.0,
      "false_negatives": 7508.0,
      "false_negatives_std": 0.0,
      "true_negatives": 101009.0,
      "true_negatives_std": 0.0,
      "n_rows": 137576.0,
      "n_rows_std": 0.0,
      "n_injected": 13757.0,
      "n_injected_std": 0.0,
      "n_predicted": 29059.0,
      "n_predicted_std": 0.0,
      "n_trials": 1
    },
    "best_candidate_id": "eif__max_features_0p5__max_samples_256__n_estimators_100__threshold_0p2",
    "best_threshold": 0.2,
    "best_f1": 0.29190022421524664,
    "best_hyperparameters": {
      "n_estimators": 100,
      "max_samples": 256,
      "max_features": 0.5
    },
    "best_metrics": {
      "threshold": 0.2,
      "accuracy": 0.7796272605687038,
      "accuracy_std": 0.0,
      "precision": 0.2150452527616229,
      "precision_std": 0.0,
      "recall": 0.4542414770662208,
      "recall_std": 0.0,
      "tnr": 0.8157794845702194,
      "tnr_std": 0.0,
      "fpr": 0.18422051542978057,
      "fpr_std": 0.0,
      "fnr": 0.5457585229337791,
      "fnr_std": 0.0,
      "f1": 0.29190022421524664,
      "f1_std": 0.0,
      "g_mean": 0.6087371173433543,
      "g_mean_std": 0.0,
      "true_positives": 6249.0,
      "true_positives_std": 0.0,
      "false_positives": 22810.0,
      "false_positives_std": 0.0,
      "false_negatives": 7508.0,
      "false_negatives_std": 0.0,
      "true_negatives": 101009.0,
      "true_negatives_std": 0.0,
      "n_rows": 137576.0,
      "n_rows_std": 0.0,
      "n_injected": 13757.0,
      "n_injected_std": 0.0,
      "n_predicted": 29059.0,
      "n_predicted_std": 0.0,
      "n_trials": 1
    }
  },
  "new_products": {
    "row_count": 345819,
    "product_count": 17198,
    "train_row_count": 1251116,
    "train_product_count": 68788,
    "current_candidate_id": "eif__max_features_0p5__max_samples_256__n_estimators_100__threshold_0p2",
    "current_threshold": 0.2,
    "current_f1": 0.17635899354720128,
    "current_hyperparameters": {
      "n_estimators": 100,
      "max_samples": 256,
      "max_features": 0.5
    },
    "current_metrics": {
      "threshold": 0.2,
      "accuracy": 0.6371772516836842,
      "accuracy_std": 0.0,
      "precision": 0.11407486667346038,
      "precision_std": 0.0,
      "recall": 0.38845030508082473,
      "recall_std": 0.0,
      "tnr": 0.6648127799304712,
      "tnr_std": 0.0,
      "fpr": 0.3351872200695288,
      "fpr_std": 0.0,
      "fnr": 0.6115496949191753,
      "fnr_std": 0.0,
      "f1": 0.17635899354720128,
      "f1_std": 0.0,
      "g_mean": 0.5081798177669227,
      "g_mean_std": 0.0,
      "true_positives": 13433.0,
      "true_positives_std": 0.0,
      "false_positives": 104323.0,
      "false_positives_std": 0.0,
      "false_negatives": 21148.0,
      "false_negatives_std": 0.0,
      "true_negatives": 206915.0,
      "true_negatives_std": 0.0,
      "n_rows": 345819.0,
      "n_rows_std": 0.0,
      "n_injected": 34581.0,
      "n_injected_std": 0.0,
      "n_predicted": 117756.0,
      "n_predicted_std": 0.0,
      "n_trials": 1
    },
    "best_candidate_id": "eif__max_features_0p5__max_samples_256__n_estimators_100__threshold_0p2",
    "best_threshold": 0.2,
    "best_f1": 0.17635899354720128,
    "best_hyperparameters": {
      "n_estimators": 100,
      "max_samples": 256,
      "max_features": 0.5
    },
    "best_metrics": {
      "threshold": 0.2,
      "accuracy": 0.6371772516836842,
      "accuracy_std": 0.0,
      "precision": 0.11407486667346038,
      "precision_std": 0.0,
      "recall": 0.38845030508082473,
      "recall_std": 0.0,
      "tnr": 0.6648127799304712,
      "tnr_std": 0.0,
      "fpr": 0.3351872200695288,
      "fpr_std": 0.0,
      "fnr": 0.6115496949191753,
      "fnr_std": 0.0,
      "f1": 0.17635899354720128,
      "f1_std": 0.0,
      "g_mean": 0.5081798177669227,
      "g_mean_std": 0.0,
      "true_positives": 13433.0,
      "true_positives_std": 0.0,
      "false_positives": 104323.0,
      "false_positives_std": 0.0,
      "false_negatives": 21148.0,
      "false_negatives_std": 0.0,
      "true_negatives": 206915.0,
      "true_negatives_std": 0.0,
      "n_rows": 345819.0,
      "n_rows_std": 0.0,
      "n_injected": 34581.0,
      "n_injected_std": 0.0,
      "n_predicted": 117756.0,
      "n_predicted_std": 0.0,
      "n_trials": 1
    }
  }
}
