{
  "new_prices": {
    "row_count": 22432,
    "product_count": 11216,
    "train_row_count": 231173,
    "train_product_count": 11216,
    "current_candidate_id": "if__contamination_auto__max_features_0p75__max_samples_512__n_estimators_200__threshold_0p42",
    "current_threshold": 0.42000000000000004,
    "current_f1": 0.8270645952575633,
    "current_hyperparameters": {
      "n_estimators": 200,
      "max_samples": 512,
      "max_features": 0.75,
      "contamination": "auto"
    },
    "current_metrics": {
      "threshold": 0.42000000000000004,
      "accuracy": 0.9622860199714693,
      "accuracy_std": 0.0,
      "precision": 0.763684409211023,
      "precision_std": 0.0,
      "recall": 0.9019170753455193,
      "recall_std": 0.0,
      "tnr": 0.9689930159988113,
      "tnr_std": 0.0,
      "fpr": 0.031006984001188766,
      "fpr_std": 0.0,
      "fnr": 0.09808292465448061,
      "fnr_std": 0.0,
      "f1": 0.8270645952575633,
      "f1_std": 0.0,
      "g_mean": 0.9348536500543183,
      "g_mean_std": 0.0,
      "true_positives": 2023.0,
      "true_positives_std": 0.0,
      "false_positives": 626.0,
      "false_positives_std": 0.0,
      "false_negatives": 220.0,
      "false_negatives_std": 0.0,
      "true_negatives": 19563.0,
      "true_negatives_std": 0.0,
      "n_rows": 22432.0,
      "n_rows_std": 0.0,
      "n_injected": 2243.0,
      "n_injected_std": 0.0,
      "n_predicted": 2649.0,
      "n_predicted_std": 0.0,
      "n_trials": 1
    },
    "best_candidate_id": "if__contamination_auto__max_features_0p75__max_samples_512__n_estimators_200__threshold_0p36",
    "best_threshold": 0.36,
    "best_f1": 0.8039471234407001,
    "best_hyperparameters": {
      "n_estimators": 200,
      "max_samples": 512,
      "max_features": 0.75,
      "contamination": "auto"
    },
    "best_metrics": {
      "threshold": 0.36,
      "accuracy": 0.9530581312410842,
      "accuracy_std": 0.0,
      "precision": 0.6902173913043478,
      "precision_std": 0.0,
      "recall": 0.9625501560410165,
      "recall_std": 0.0,
      "tnr": 0.9520035662984794,
      "tnr_std": 0.0,
      "fpr": 0.04799643370152063,
      "fpr_std": 0.0,
      "fnr": 0.03744984395898351,
      "fnr_std": 0.0,
      "f1": 0.8039471234407001,
      "f1_std": 0.0,
      "g_mean": 0.9572623367145526,
      "g_mean_std": 0.0,
      "true_positives": 2159.0,
      "true_positives_std": 0.0,
      "false_positives": 969.0,
      "false_positives_std": 0.0,
      "false_negatives": 84.0,
      "false_negatives_std": 0.0,
      "true_negatives": 19220.0,
      "true_negatives_std": 0.0,
      "n_rows": 22432.0,
      "n_rows_std": 0.0,
      "n_injected": 2243.0,
      "n_injected_std": 0.0,
      "n_predicted": 3128.0,
      "n_predicted_std": 0.0,
      "n_trials": 1
    }
  },
  "new_products": {
    "row_count": 64419,
    "product_count": 2805,
    "train_row_count": 231173,
    "train_product_count": 11216,
    "current_candidate_id": "if__contamination_auto__max_features_0p75__max_samples_512__n_estimators_200__threshold_0p42",
    "current_threshold": 0.42000000000000004,
    "current_f1": 0.6036312190521103,
    "current_hyperparameters": {
      "n_estimators": 200,
      "max_samples": 512,
      "max_features": 0.75,
      "contamination": "auto"
    },
    "current_metrics": {
      "threshold": 0.42000000000000004,
      "accuracy": 0.8956208572005154,
      "accuracy_std": 0.0,
      "precision": 0.48655326427824763,
      "precision_std": 0.0,
      "recall": 0.7949076230399006,
      "recall_std": 0.0,
      "tnr": 0.9068094794577254,
      "tnr_std": 0.0,
      "fpr": 0.09319052054227465,
      "fpr_std": 0.0,
      "fnr": 0.20509237696009935,
      "fnr_std": 0.0,
      "f1": 0.6036312190521103,
      "f1_std": 0.0,
      "g_mean": 0.8490169420369595,
      "g_mean_std": 0.0,
      "true_positives": 5120.0,
      "true_positives_std": 0.0,
      "false_positives": 5403.0,
      "false_positives_std": 0.0,
      "false_negatives": 1321.0,
      "false_negatives_std": 0.0,
      "true_negatives": 52575.0,
      "true_negatives_std": 0.0,
      "n_rows": 64419.0,
      "n_rows_std": 0.0,
      "n_injected": 6441.0,
      "n_injected_std": 0.0,
      "n_predicted": 10523.0,
      "n_predicted_std": 0.0,
      "n_trials": 1
    },
    "best_candidate_id": "if__contamination_auto__max_features_0p75__max_samples_512__n_estimators_200__threshold_0p36",
    "best_threshold": 0.36,
    "best_f1": 0.596353042727665,
    "best_hyperparameters": {
      "n_estimators": 200,
      "max_samples": 512,
      "max_features": 0.75,
      "contamination": "auto"
    },
    "best_metrics": {
      "threshold": 0.36,
      "accuracy": 0.8838541424114004,
      "accuracy_std": 0.0,
      "precision": 0.4569656883009508,
      "precision_std": 0.0,
      "recall": 0.8580965688557677,
      "recall_std": 0.0,
      "tnr": 0.8867156507640829,
      "tnr_std": 0.0,
      "fpr": 0.11328434923591707,
      "fpr_std": 0.0,
      "fnr": 0.14190343114423226,
      "fnr_std": 0.0,
      "f1": 0.596353042727665,
      "f1_std": 0.0,
      "g_mean": 0.8722887466151152,
      "g_mean_std": 0.0,
      "true_positives": 5527.0,
      "true_positives_std": 0.0,
      "false_positives": 6568.0,
      "false_positives_std": 0.0,
      "false_negatives": 914.0,
      "false_negatives_std": 0.0,
      "true_negatives": 51410.0,
      "true_negatives_std": 0.0,
      "n_rows": 64419.0,
      "n_rows_std": 0.0,
      "n_injected": 6441.0,
      "n_injected_std": 0.0,
      "n_predicted": 12095.0,
      "n_predicted_std": 0.0,
      "n_trials": 1
    }
  }
}
