{
  "new_prices": {
    "row_count": 26804,
    "product_count": 13402,
    "train_row_count": 427613,
    "train_product_count": 13402,
    "current_candidate_id": "if__contamination_auto__max_features_0p75__max_samples_512__n_estimators_200__threshold_0p42",
    "current_threshold": 0.42000000000000004,
    "current_f1": 0.7393810679611651,
    "current_hyperparameters": {
      "n_estimators": 200,
      "max_samples": 512,
      "max_features": 0.75,
      "contamination": "auto"
    },
    "current_metrics": {
      "threshold": 0.42000000000000004,
      "accuracy": 0.9359050887927175,
      "accuracy_std": 0.0,
      "precision": 0.6229550102249489,
      "precision_std": 0.0,
      "recall": 0.9093283582089552,
      "recall_std": 0.0,
      "tnr": 0.9388575692256674,
      "tnr_std": 0.0,
      "fpr": 0.061142430774332616,
      "fpr_std": 0.0,
      "fnr": 0.09067164179104478,
      "fnr_std": 0.0,
      "f1": 0.7393810679611651,
      "f1_std": 0.0,
      "g_mean": 0.9239750061641423,
      "g_mean_std": 0.0,
      "true_positives": 2437.0,
      "true_positives_std": 0.0,
      "false_positives": 1475.0,
      "false_positives_std": 0.0,
      "false_negatives": 243.0,
      "false_negatives_std": 0.0,
      "true_negatives": 22649.0,
      "true_negatives_std": 0.0,
      "n_rows": 26804.0,
      "n_rows_std": 0.0,
      "n_injected": 2680.0,
      "n_injected_std": 0.0,
      "n_predicted": 3912.0,
      "n_predicted_std": 0.0,
      "n_trials": 1
    },
    "best_candidate_id": "if__contamination_auto__max_features_0p75__max_samples_512__n_estimators_200__threshold_0p36",
    "best_threshold": 0.36,
    "best_f1": 0.6821414195625923,
    "best_hyperparameters": {
      "n_estimators": 200,
      "max_samples": 512,
      "max_features": 0.75,
      "contamination": "auto"
    },
    "best_metrics": {
      "threshold": 0.36,
      "accuracy": 0.9116176690046262,
      "accuracy_std": 0.0,
      "precision": 0.5325790907186256,
      "precision_std": 0.0,
      "recall": 0.9485074626865672,
      "recall_std": 0.0,
      "tnr": 0.9075194826728569,
      "tnr_std": 0.0,
      "fpr": 0.09248051732714309,
      "fpr_std": 0.0,
      "fnr": 0.05149253731343283,
      "fnr_std": 0.0,
      "f1": 0.6821414195625923,
      "f1_std": 0.0,
      "g_mean": 0.9277871533108537,
      "g_mean_std": 0.0,
      "true_positives": 2542.0,
      "true_positives_std": 0.0,
      "false_positives": 2231.0,
      "false_positives_std": 0.0,
      "false_negatives": 138.0,
      "false_negatives_std": 0.0,
      "true_negatives": 21893.0,
      "true_negatives_std": 0.0,
      "n_rows": 26804.0,
      "n_rows_std": 0.0,
      "n_injected": 2680.0,
      "n_injected_std": 0.0,
      "n_predicted": 4773.0,
      "n_predicted_std": 0.0,
      "n_trials": 1
    }
  },
  "new_products": {
    "row_count": 113837,
    "product_count": 3351,
    "train_row_count": 427613,
    "train_product_count": 13402,
    "current_candidate_id": "if__contamination_auto__max_features_0p75__max_samples_512__n_estimators_200__threshold_0p42",
    "current_threshold": 0.42000000000000004,
    "current_f1": 0.5614326375711574,
    "current_hyperparameters": {
      "n_estimators": 200,
      "max_samples": 512,
      "max_features": 0.75,
      "contamination": "auto"
    },
    "current_metrics": {
      "threshold": 0.42000000000000004,
      "accuracy": 0.87005982237761,
      "accuracy_std": 0.0,
      "precision": 0.42371895278585814,
      "precision_std": 0.0,
      "recall": 0.8317666695950101,
      "recall_std": 0.0,
      "tnr": 0.874314326429422,
      "tnr_std": 0.0,
      "fpr": 0.12568567357057803,
      "fpr_std": 0.0,
      "fnr": 0.1682333304049899,
      "fnr_std": 0.0,
      "f1": 0.5614326375711574,
      "f1_std": 0.0,
      "g_mean": 0.8527751846022519,
      "g_mean_std": 0.0,
      "true_positives": 9468.0,
      "true_positives_std": 0.0,
      "false_positives": 12877.0,
      "false_positives_std": 0.0,
      "false_negatives": 1915.0,
      "false_negatives_std": 0.0,
      "true_negatives": 89577.0,
      "true_negatives_std": 0.0,
      "n_rows": 113837.0,
      "n_rows_std": 0.0,
      "n_injected": 11383.0,
      "n_injected_std": 0.0,
      "n_predicted": 22345.0,
      "n_predicted_std": 0.0,
      "n_trials": 1
    },
    "best_candidate_id": "if__contamination_auto__max_features_0p75__max_samples_512__n_estimators_200__threshold_0p36",
    "best_threshold": 0.36,
    "best_f1": 0.5490238435989523,
    "best_hyperparameters": {
      "n_estimators": 200,
      "max_samples": 512,
      "max_features": 0.75,
      "contamination": "auto"
    },
    "best_metrics": {
      "threshold": 0.36,
      "accuracy": 0.853290230768555,
      "accuracy_std": 0.0,
      "precision": 0.39633528265107215,
      "precision_std": 0.0,
      "recall": 0.893086181147325,
      "recall_std": 0.0,
      "tnr": 0.8488687606145197,
      "tnr_std": 0.0,
      "fpr": 0.15113123938548031,
      "fpr_std": 0.0,
      "fnr": 0.10691381885267504,
      "fnr_std": 0.0,
      "f1": 0.5490238435989523,
      "f1_std": 0.0,
      "g_mean": 0.8706968242232679,
      "g_mean_std": 0.0,
      "true_positives": 10166.0,
      "true_positives_std": 0.0,
      "false_positives": 15484.0,
      "false_positives_std": 0.0,
      "false_negatives": 1217.0,
      "false_negatives_std": 0.0,
      "true_negatives": 86970.0,
      "true_negatives_std": 0.0,
      "n_rows": 113837.0,
      "n_rows_std": 0.0,
      "n_injected": 11383.0,
      "n_injected_std": 0.0,
      "n_predicted": 25650.0,
      "n_predicted_std": 0.0,
      "n_trials": 1
    }
  }
}
