{
  "new_prices": {
    "row_count": 42868,
    "product_count": 21434,
    "train_row_count": 620092,
    "train_product_count": 21434,
    "current_candidate_id": "if__contamination_auto__max_features_0p75__max_samples_512__n_estimators_200__threshold_0p42",
    "current_threshold": 0.42000000000000004,
    "current_f1": 0.7824719572282209,
    "current_hyperparameters": {
      "n_estimators": 200,
      "max_samples": 512,
      "max_features": 0.75,
      "contamination": "auto"
    },
    "current_metrics": {
      "threshold": 0.42000000000000004,
      "accuracy": 0.9515955957824018,
      "accuracy_std": 0.0,
      "precision": 0.710451170759566,
      "precision_std": 0.0,
      "recall": 0.8707419505366308,
      "recall_std": 0.0,
      "tnr": 0.9605774713597014,
      "tnr_std": 0.0,
      "fpr": 0.03942252864029858,
      "fpr_std": 0.0,
      "fnr": 0.1292580494633691,
      "fnr_std": 0.0,
      "f1": 0.7824719572282209,
      "f1_std": 0.0,
      "g_mean": 0.9145573251870498,
      "g_mean_std": 0.0,
      "true_positives": 3732.0,
      "true_positives_std": 0.0,
      "false_positives": 1521.0,
      "false_positives_std": 0.0,
      "false_negatives": 554.0,
      "false_negatives_std": 0.0,
      "true_negatives": 37061.0,
      "true_negatives_std": 0.0,
      "n_rows": 42868.0,
      "n_rows_std": 0.0,
      "n_injected": 4286.0,
      "n_injected_std": 0.0,
      "n_predicted": 5253.0,
      "n_predicted_std": 0.0,
      "n_trials": 1
    },
    "best_candidate_id": "if__contamination_auto__max_features_0p75__max_samples_512__n_estimators_100__threshold_0p36",
    "best_threshold": 0.36,
    "best_f1": 0.7476032448377581,
    "best_hyperparameters": {
      "n_estimators": 100,
      "max_samples": 512,
      "max_features": 0.75,
      "contamination": "auto"
    },
    "best_metrics": {
      "threshold": 0.36,
      "accuracy": 0.9361295138564897,
      "accuracy_std": 0.0,
      "precision": 0.6179518439500152,
      "precision_std": 0.0,
      "recall": 0.9461035930937938,
      "recall_std": 0.0,
      "tnr": 0.9350215126224665,
      "tnr_std": 0.0,
      "fpr": 0.06497848737753356,
      "fpr_std": 0.0,
      "fnr": 0.05389640690620625,
      "fnr_std": 0.0,
      "f1": 0.7476032448377581,
      "f1_std": 0.0,
      "g_mean": 0.9405462310339187,
      "g_mean_std": 0.0,
      "true_positives": 4055.0,
      "true_positives_std": 0.0,
      "false_positives": 2507.0,
      "false_positives_std": 0.0,
      "false_negatives": 231.0,
      "false_negatives_std": 0.0,
      "true_negatives": 36075.0,
      "true_negatives_std": 0.0,
      "n_rows": 42868.0,
      "n_rows_std": 0.0,
      "n_injected": 4286.0,
      "n_injected_std": 0.0,
      "n_predicted": 6562.0,
      "n_predicted_std": 0.0,
      "n_trials": 1
    }
  },
  "new_products": {
    "row_count": 165753,
    "product_count": 5359,
    "train_row_count": 620092,
    "train_product_count": 21434,
    "current_candidate_id": "if__contamination_auto__max_features_0p75__max_samples_512__n_estimators_200__threshold_0p42",
    "current_threshold": 0.42000000000000004,
    "current_f1": 0.5893129770992367,
    "current_hyperparameters": {
      "n_estimators": 200,
      "max_samples": 512,
      "max_features": 0.75,
      "contamination": "auto"
    },
    "current_metrics": {
      "threshold": 0.42000000000000004,
      "accuracy": 0.8912659197721912,
      "accuracy_std": 0.0,
      "precision": 0.47348956426217503,
      "precision_std": 0.0,
      "recall": 0.7801508295625943,
      "recall_std": 0.0,
      "tnr": 0.9036117926235772,
      "tnr_std": 0.0,
      "fpr": 0.0963882073764228,
      "fpr_std": 0.0,
      "fnr": 0.21984917043740573,
      "fnr_std": 0.0,
      "f1": 0.5893129770992367,
      "f1_std": 0.0,
      "g_mean": 0.8396150842009847,
      "g_mean_std": 0.0,
      "true_positives": 12931.0,
      "true_positives_std": 0.0,
      "false_positives": 14379.0,
      "false_positives_std": 0.0,
      "false_negatives": 3644.0,
      "false_negatives_std": 0.0,
      "true_negatives": 134799.0,
      "true_negatives_std": 0.0,
      "n_rows": 165753.0,
      "n_rows_std": 0.0,
      "n_injected": 16575.0,
      "n_injected_std": 0.0,
      "n_predicted": 27310.0,
      "n_predicted_std": 0.0,
      "n_trials": 1
    },
    "best_candidate_id": "if__contamination_auto__max_features_0p75__max_samples_512__n_estimators_100__threshold_0p36",
    "best_threshold": 0.36,
    "best_f1": 0.5658366553817185,
    "best_hyperparameters": {
      "n_estimators": 100,
      "max_samples": 512,
      "max_features": 0.75,
      "contamination": "auto"
    },
    "best_metrics": {
      "threshold": 0.36,
      "accuracy": 0.8692452021984519,
      "accuracy_std": 0.0,
      "precision": 0.423554462571977,
      "precision_std": 0.0,
      "recall": 0.8520663650075415,
      "recall_std": 0.0,
      "tnr": 0.8711539235007842,
      "tnr_std": 0.0,
      "fpr": 0.1288460764992157,
      "fpr_std": 0.0,
      "fnr": 0.1479336349924585,
      "fnr_std": 0.0,
      "f1": 0.5658366553817185,
      "f1_std": 0.0,
      "g_mean": 0.8615572859417829,
      "g_mean_std": 0.0,
      "true_positives": 14123.0,
      "true_positives_std": 0.0,
      "false_positives": 19221.0,
      "false_positives_std": 0.0,
      "false_negatives": 2452.0,
      "false_negatives_std": 0.0,
      "true_negatives": 129957.0,
      "true_negatives_std": 0.0,
      "n_rows": 165753.0,
      "n_rows_std": 0.0,
      "n_injected": 16575.0,
      "n_injected_std": 0.0,
      "n_predicted": 33344.0,
      "n_predicted_std": 0.0,
      "n_trials": 1
    }
  }
}
