{
  "new_prices": {
    "row_count": 90238,
    "product_count": 45119,
    "train_row_count": 809124,
    "train_product_count": 45119,
    "current_candidate_id": "eif__max_features_0p5__max_samples_256__n_estimators_100__threshold_0p2",
    "current_threshold": 0.2,
    "current_f1": 0.2783323936187854,
    "current_hyperparameters": {
      "n_estimators": 100,
      "max_samples": 256,
      "max_features": 0.5
    },
    "current_metrics": {
      "threshold": 0.2,
      "accuracy": 0.758870985615816,
      "accuracy_std": 0.0,
      "precision": 0.19859901552442258,
      "precision_std": 0.0,
      "recall": 0.46503380250471016,
      "recall_std": 0.0,
      "tnr": 0.7915163455026781,
      "tnr_std": 0.0,
      "fpr": 0.20848365449732192,
      "fpr_std": 0.0,
      "fnr": 0.5349661974952898,
      "fnr_std": 0.0,
      "f1": 0.2783323936187854,
      "f1_std": 0.0,
      "g_mean": 0.6066974994952117,
      "g_mean_std": 0.0,
      "true_positives": 4196.0,
      "true_positives_std": 0.0,
      "false_positives": 16932.0,
      "false_positives_std": 0.0,
      "false_negatives": 4827.0,
      "false_negatives_std": 0.0,
      "true_negatives": 64283.0,
      "true_negatives_std": 0.0,
      "n_rows": 90238.0,
      "n_rows_std": 0.0,
      "n_injected": 9023.0,
      "n_injected_std": 0.0,
      "n_predicted": 21128.0,
      "n_predicted_std": 0.0,
      "n_trials": 1
    },
    "best_candidate_id": "eif__max_features_0p5__max_samples_256__n_estimators_100__threshold_0p2",
    "best_threshold": 0.2,
    "best_f1": 0.2783323936187854,
    "best_hyperparameters": {
      "n_estimators": 100,
      "max_samples": 256,
      "max_features": 0.5
    },
    "best_metrics": {
      "threshold": 0.2,
      "accuracy": 0.758870985615816,
      "accuracy_std": 0.0,
      "precision": 0.19859901552442258,
      "precision_std": 0.0,
      "recall": 0.46503380250471016,
      "recall_std": 0.0,
      "tnr": 0.7915163455026781,
      "tnr_std": 0.0,
      "fpr": 0.20848365449732192,
      "fpr_std": 0.0,
      "fnr": 0.5349661974952898,
      "fnr_std": 0.0,
      "f1": 0.2783323936187854,
      "f1_std": 0.0,
      "g_mean": 0.6066974994952117,
      "g_mean_std": 0.0,
      "true_positives": 4196.0,
      "true_positives_std": 0.0,
      "false_positives": 16932.0,
      "false_positives_std": 0.0,
      "false_negatives": 4827.0,
      "false_negatives_std": 0.0,
      "true_negatives": 64283.0,
      "true_negatives_std": 0.0,
      "n_rows": 90238.0,
      "n_rows_std": 0.0,
      "n_injected": 9023.0,
      "n_injected_std": 0.0,
      "n_predicted": 21128.0,
      "n_predicted_std": 0.0,
      "n_trials": 1
    }
  },
  "new_products": {
    "row_count": 226846,
    "product_count": 11280,
    "train_row_count": 809124,
    "train_product_count": 45119,
    "current_candidate_id": "eif__max_features_0p5__max_samples_256__n_estimators_100__threshold_0p2",
    "current_threshold": 0.2,
    "current_f1": 0.1851776732110985,
    "current_hyperparameters": {
      "n_estimators": 100,
      "max_samples": 256,
      "max_features": 0.5
    },
    "current_metrics": {
      "threshold": 0.2,
      "accuracy": 0.6458037611419201,
      "accuracy_std": 0.0,
      "precision": 0.12025183077814657,
      "precision_std": 0.0,
      "recall": 0.40248633397989775,
      "recall_std": 0.0,
      "tnr": 0.672838236302544,
      "tnr_std": 0.0,
      "fpr": 0.3271617636974559,
      "fpr_std": 0.0,
      "fnr": 0.5975136660201023,
      "fnr_std": 0.0,
      "f1": 0.1851776732110985,
      "f1_std": 0.0,
      "g_mean": 0.5203923472639764,
      "g_mean_std": 0.0,
      "true_positives": 9130.0,
      "true_positives_std": 0.0,
      "false_positives": 66794.0,
      "false_positives_std": 0.0,
      "false_negatives": 13554.0,
      "false_negatives_std": 0.0,
      "true_negatives": 137368.0,
      "true_negatives_std": 0.0,
      "n_rows": 226846.0,
      "n_rows_std": 0.0,
      "n_injected": 22684.0,
      "n_injected_std": 0.0,
      "n_predicted": 75924.0,
      "n_predicted_std": 0.0,
      "n_trials": 1
    },
    "best_candidate_id": "eif__max_features_0p5__max_samples_256__n_estimators_100__threshold_0p2",
    "best_threshold": 0.2,
    "best_f1": 0.1851776732110985,
    "best_hyperparameters": {
      "n_estimators": 100,
      "max_samples": 256,
      "max_features": 0.5
    },
    "best_metrics": {
      "threshold": 0.2,
      "accuracy": 0.6458037611419201,
      "accuracy_std": 0.0,
      "precision": 0.12025183077814657,
      "precision_std": 0.0,
      "recall": 0.40248633397989775,
      "recall_std": 0.0,
      "tnr": 0.672838236302544,
      "tnr_std": 0.0,
      "fpr": 0.3271617636974559,
      "fpr_std": 0.0,
      "fnr": 0.5975136660201023,
      "fnr_std": 0.0,
      "f1": 0.1851776732110985,
      "f1_std": 0.0,
      "g_mean": 0.5203923472639764,
      "g_mean_std": 0.0,
      "true_positives": 9130.0,
      "true_positives_std": 0.0,
      "false_positives": 66794.0,
      "false_positives_std": 0.0,
      "false_negatives": 13554.0,
      "false_negatives_std": 0.0,
      "true_negatives": 137368.0,
      "true_negatives_std": 0.0,
      "n_rows": 226846.0,
      "n_rows_std": 0.0,
      "n_injected": 22684.0,
      "n_injected_std": 0.0,
      "n_predicted": 75924.0,
      "n_predicted_std": 0.0,
      "n_trials": 1
    }
  }
}
