{
  "new_prices": {
    "row_count": 13820,
    "product_count": 6910,
    "train_row_count": 138282,
    "train_product_count": 6910,
    "current_candidate_id": "if__contamination_auto__max_features_0p75__max_samples_512__n_estimators_200__threshold_0p42",
    "current_threshold": 0.42000000000000004,
    "current_f1": 0.8346938775510204,
    "current_hyperparameters": {
      "n_estimators": 200,
      "max_samples": 512,
      "max_features": 0.75,
      "contamination": "auto"
    },
    "current_metrics": {
      "threshold": 0.42000000000000004,
      "accuracy": 0.9648335745296671,
      "accuracy_std": 0.0,
      "precision": 0.7875481386392811,
      "precision_std": 0.0,
      "recall": 0.8878437047756874,
      "recall_std": 0.0,
      "tnr": 0.9733880045023315,
      "tnr_std": 0.0,
      "fpr": 0.026611995497668437,
      "fpr_std": 0.0,
      "fnr": 0.11215629522431259,
      "fnr_std": 0.0,
      "f1": 0.8346938775510204,
      "f1_std": 0.0,
      "g_mean": 0.9296324069768456,
      "g_mean_std": 0.0,
      "true_positives": 1227.0,
      "true_positives_std": 0.0,
      "false_positives": 331.0,
      "false_positives_std": 0.0,
      "false_negatives": 155.0,
      "false_negatives_std": 0.0,
      "true_negatives": 12107.0,
      "true_negatives_std": 0.0,
      "n_rows": 13820.0,
      "n_rows_std": 0.0,
      "n_injected": 1382.0,
      "n_injected_std": 0.0,
      "n_predicted": 1558.0,
      "n_predicted_std": 0.0,
      "n_trials": 1
    },
    "best_candidate_id": "if__contamination_auto__max_features_0p5__max_samples_256__n_estimators_100__threshold_0p3",
    "best_threshold": 0.3,
    "best_f1": 0.7617977528089886,
    "best_hyperparameters": {
      "n_estimators": 100,
      "max_samples": 256,
      "max_features": 0.5,
      "contamination": "auto"
    },
    "best_metrics": {
      "threshold": 0.3,
      "accuracy": 0.9386396526772793,
      "accuracy_std": 0.0,
      "precision": 0.6225895316804407,
      "precision_std": 0.0,
      "recall": 0.9811866859623734,
      "recall_std": 0.0,
      "tnr": 0.9339122045344911,
      "tnr_std": 0.0,
      "fpr": 0.06608779546550893,
      "fpr_std": 0.0,
      "fnr": 0.01881331403762663,
      "fnr_std": 0.0,
      "f1": 0.7617977528089886,
      "f1_std": 0.0,
      "g_mean": 0.9572576565099971,
      "g_mean_std": 0.0,
      "true_positives": 1356.0,
      "true_positives_std": 0.0,
      "false_positives": 822.0,
      "false_positives_std": 0.0,
      "false_negatives": 26.0,
      "false_negatives_std": 0.0,
      "true_negatives": 11616.0,
      "true_negatives_std": 0.0,
      "n_rows": 13820.0,
      "n_rows_std": 0.0,
      "n_injected": 1382.0,
      "n_injected_std": 0.0,
      "n_predicted": 2178.0,
      "n_predicted_std": 0.0,
      "n_trials": 1
    }
  },
  "new_products": {
    "row_count": 38073,
    "product_count": 1728,
    "train_row_count": 138282,
    "train_product_count": 6910,
    "current_candidate_id": "if__contamination_auto__max_features_0p75__max_samples_512__n_estimators_200__threshold_0p42",
    "current_threshold": 0.42000000000000004,
    "current_f1": 0.3959830050212438,
    "current_hyperparameters": {
      "n_estimators": 200,
      "max_samples": 512,
      "max_features": 0.75,
      "contamination": "auto"
    },
    "current_metrics": {
      "threshold": 0.42000000000000004,
      "accuracy": 0.7946313660599374,
      "accuracy_std": 0.0,
      "precision": 0.28047712847450207,
      "precision_std": 0.0,
      "recall": 0.6732335172051485,
      "recall_std": 0.0,
      "tnr": 0.8081188349967898,
      "tnr_std": 0.0,
      "fpr": 0.19188116500321017,
      "fpr_std": 0.0,
      "fnr": 0.3267664827948516,
      "fnr_std": 0.0,
      "f1": 0.3959830050212438,
      "f1_std": 0.0,
      "g_mean": 0.7375992716947434,
      "g_mean_std": 0.0,
      "true_positives": 2563.0,
      "true_positives_std": 0.0,
      "false_positives": 6575.0,
      "false_positives_std": 0.0,
      "false_negatives": 1244.0,
      "false_negatives_std": 0.0,
      "true_negatives": 27691.0,
      "true_negatives_std": 0.0,
      "n_rows": 38073.0,
      "n_rows_std": 0.0,
      "n_injected": 3807.0,
      "n_injected_std": 0.0,
      "n_predicted": 9138.0,
      "n_predicted_std": 0.0,
      "n_trials": 1
    },
    "best_candidate_id": "if__contamination_auto__max_features_0p5__max_samples_256__n_estimators_100__threshold_0p3",
    "best_threshold": 0.3,
    "best_f1": 0.3646135787978007,
    "best_hyperparameters": {
      "n_estimators": 100,
      "max_samples": 256,
      "max_features": 0.5,
      "contamination": "auto"
    },
    "best_metrics": {
      "threshold": 0.3,
      "accuracy": 0.7298610563916687,
      "accuracy_std": 0.0,
      "precision": 0.23836833602584814,
      "precision_std": 0.0,
      "recall": 0.7751510375623851,
      "recall_std": 0.0,
      "tnr": 0.7248292768341796,
      "tnr_std": 0.0,
      "fpr": 0.27517072316582036,
      "fpr_std": 0.0,
      "fnr": 0.22484896243761493,
      "fnr_std": 0.0,
      "f1": 0.3646135787978007,
      "f1_std": 0.0,
      "g_mean": 0.7495679862384783,
      "g_mean_std": 0.0,
      "true_positives": 2951.0,
      "true_positives_std": 0.0,
      "false_positives": 9429.0,
      "false_positives_std": 0.0,
      "false_negatives": 856.0,
      "false_negatives_std": 0.0,
      "true_negatives": 24837.0,
      "true_negatives_std": 0.0,
      "n_rows": 38073.0,
      "n_rows_std": 0.0,
      "n_injected": 3807.0,
      "n_injected_std": 0.0,
      "n_predicted": 12380.0,
      "n_predicted_std": 0.0,
      "n_trials": 1
    }
  }
}
