{
  "new_prices": {
    "row_count": 50074,
    "product_count": 25037,
    "train_row_count": 763382,
    "train_product_count": 25037,
    "current_candidate_id": "if__contamination_auto__max_features_0p75__max_samples_512__n_estimators_200__threshold_0p42",
    "current_threshold": 0.42000000000000004,
    "current_f1": 0.718284904323175,
    "current_hyperparameters": {
      "n_estimators": 200,
      "max_samples": 512,
      "max_features": 0.75,
      "contamination": "auto"
    },
    "current_metrics": {
      "threshold": 0.42000000000000004,
      "accuracy": 0.9364939888964333,
      "accuracy_std": 0.0,
      "precision": 0.6454386244228626,
      "precision_std": 0.0,
      "recall": 0.8096664669462752,
      "recall_std": 0.0,
      "tnr": 0.9505846850245191,
      "tnr_std": 0.0,
      "fpr": 0.04941531497548095,
      "fpr_std": 0.0,
      "fnr": 0.19033353305372477,
      "fnr_std": 0.0,
      "f1": 0.718284904323175,
      "f1_std": 0.0,
      "g_mean": 0.8773007143830672,
      "g_mean_std": 0.0,
      "true_positives": 4054.0,
      "true_positives_std": 0.0,
      "false_positives": 2227.0,
      "false_positives_std": 0.0,
      "false_negatives": 953.0,
      "false_negatives_std": 0.0,
      "true_negatives": 42840.0,
      "true_negatives_std": 0.0,
      "n_rows": 50074.0,
      "n_rows_std": 0.0,
      "n_injected": 5007.0,
      "n_injected_std": 0.0,
      "n_predicted": 6281.0,
      "n_predicted_std": 0.0,
      "n_trials": 1
    },
    "best_candidate_id": "if__contamination_auto__max_features_0p75__max_samples_256__n_estimators_200__threshold_0p36",
    "best_threshold": 0.36,
    "best_f1": 0.6204713804713805,
    "best_hyperparameters": {
      "n_estimators": 200,
      "max_samples": 256,
      "max_features": 0.75,
      "contamination": "auto"
    },
    "best_metrics": {
      "threshold": 0.36,
      "accuracy": 0.8874465790629867,
      "accuracy_std": 0.0,
      "precision": 0.4680483592400691,
      "precision_std": 0.0,
      "recall": 0.9201118434192131,
      "recall_std": 0.0,
      "tnr": 0.8838174273858921,
      "tnr_std": 0.0,
      "fpr": 0.11618257261410789,
      "fpr_std": 0.0,
      "fnr": 0.07988815658078689,
      "fnr_std": 0.0,
      "f1": 0.6204713804713805,
      "f1_std": 0.0,
      "g_mean": 0.9017820592349682,
      "g_mean_std": 0.0,
      "true_positives": 4607.0,
      "true_positives_std": 0.0,
      "false_positives": 5236.0,
      "false_positives_std": 0.0,
      "false_negatives": 400.0,
      "false_negatives_std": 0.0,
      "true_negatives": 39831.0,
      "true_negatives_std": 0.0,
      "n_rows": 50074.0,
      "n_rows_std": 0.0,
      "n_injected": 5007.0,
      "n_injected_std": 0.0,
      "n_predicted": 9843.0,
      "n_predicted_std": 0.0,
      "n_trials": 1
    }
  },
  "new_products": {
    "row_count": 203172,
    "product_count": 6260,
    "train_row_count": 763382,
    "train_product_count": 25037,
    "current_candidate_id": "if__contamination_auto__max_features_0p75__max_samples_512__n_estimators_200__threshold_0p42",
    "current_threshold": 0.42000000000000004,
    "current_f1": 0.5929383193883165,
    "current_hyperparameters": {
      "n_estimators": 200,
      "max_samples": 512,
      "max_features": 0.75,
      "contamination": "auto"
    },
    "current_metrics": {
      "threshold": 0.42000000000000004,
      "accuracy": 0.8943998188726793,
      "accuracy_std": 0.0,
      "precision": 0.48243284964495214,
      "precision_std": 0.0,
      "recall": 0.7691096126396614,
      "recall_std": 0.0,
      "tnr": 0.9083208006343825,
      "tnr_std": 0.0,
      "fpr": 0.09167919936561757,
      "fpr_std": 0.0,
      "fnr": 0.23089038736033862,
      "fnr_std": 0.0,
      "f1": 0.5929383193883165,
      "f1_std": 0.0,
      "g_mean": 0.8358219063463561,
      "g_mean_std": 0.0,
      "true_positives": 15626.0,
      "true_positives_std": 0.0,
      "false_positives": 16764.0,
      "false_positives_std": 0.0,
      "false_negatives": 4691.0,
      "false_negatives_std": 0.0,
      "true_negatives": 166091.0,
      "true_negatives_std": 0.0,
      "n_rows": 203172.0,
      "n_rows_std": 0.0,
      "n_injected": 20317.0,
      "n_injected_std": 0.0,
      "n_predicted": 32390.0,
      "n_predicted_std": 0.0,
      "n_trials": 1
    },
    "best_candidate_id": "if__contamination_auto__max_features_0p75__max_samples_256__n_estimators_200__threshold_0p36",
    "best_threshold": 0.36,
    "best_f1": 0.5523620434275629,
    "best_hyperparameters": {
      "n_estimators": 200,
      "max_samples": 256,
      "max_features": 0.75,
      "contamination": "auto"
    },
    "best_metrics": {
      "threshold": 0.36,
      "accuracy": 0.860177583525289,
      "accuracy_std": 0.0,
      "precision": 0.4062347896627651,
      "precision_std": 0.0,
      "recall": 0.862676576266181,
      "recall_std": 0.0,
      "tnr": 0.8598999207021957,
      "tnr_std": 0.0,
      "fpr": 0.14010007929780427,
      "fpr_std": 0.0,
      "fnr": 0.13732342373381898,
      "fnr_std": 0.0,
      "f1": 0.5523620434275629,
      "f1_std": 0.0,
      "g_mean": 0.8612871295467793,
      "g_mean_std": 0.0,
      "true_positives": 17527.0,
      "true_positives_std": 0.0,
      "false_positives": 25618.0,
      "false_positives_std": 0.0,
      "false_negatives": 2790.0,
      "false_negatives_std": 0.0,
      "true_negatives": 157237.0,
      "true_negatives_std": 0.0,
      "n_rows": 203172.0,
      "n_rows_std": 0.0,
      "n_injected": 20317.0,
      "n_injected_std": 0.0,
      "n_predicted": 43145.0,
      "n_predicted_std": 0.0,
      "n_trials": 1
    }
  }
}
