{
  "new_prices": {
    "row_count": 443352,
    "product_count": 221676,
    "train_row_count": 3318176,
    "train_product_count": 221676,
    "current_candidate_id": "eif__max_features_0p5__max_samples_256__n_estimators_100__threshold_0p2",
    "current_threshold": 0.2,
    "current_f1": 0.2327484982046526,
    "current_hyperparameters": {
      "n_estimators": 100,
      "max_samples": 256,
      "max_features": 0.5
    },
    "current_metrics": {
      "threshold": 0.2,
      "accuracy": 0.7966130749381981,
      "accuracy_std": 0.0,
      "precision": 0.18686723777513628,
      "precision_std": 0.0,
      "recall": 0.3084921619487989,
      "recall_std": 0.0,
      "tnr": 0.8508484600906728,
      "tnr_std": 0.0,
      "fpr": 0.14915153990932717,
      "fpr_std": 0.0,
      "fnr": 0.6915078380512011,
      "fnr_std": 0.0,
      "f1": 0.2327484982046526,
      "f1_std": 0.0,
      "g_mean": 0.5123280989211679,
      "g_mean_std": 0.0,
      "true_positives": 13677.0,
      "true_positives_std": 0.0,
      "false_positives": 59514.0,
      "false_positives_std": 0.0,
      "false_negatives": 30658.0,
      "false_negatives_std": 0.0,
      "true_negatives": 339503.0,
      "true_negatives_std": 0.0,
      "n_rows": 443352.0,
      "n_rows_std": 0.0,
      "n_injected": 44335.0,
      "n_injected_std": 0.0,
      "n_predicted": 73191.0,
      "n_predicted_std": 0.0,
      "n_trials": 1
    },
    "best_candidate_id": "eif__max_features_0p5__max_samples_256__n_estimators_100__threshold_0p2",
    "best_threshold": 0.2,
    "best_f1": 0.2327484982046526,
    "best_hyperparameters": {
      "n_estimators": 100,
      "max_samples": 256,
      "max_features": 0.5
    },
    "best_metrics": {
      "threshold": 0.2,
      "accuracy": 0.7966130749381981,
      "accuracy_std": 0.0,
      "precision": 0.18686723777513628,
      "precision_std": 0.0,
      "recall": 0.3084921619487989,
      "recall_std": 0.0,
      "tnr": 0.8508484600906728,
      "tnr_std": 0.0,
      "fpr": 0.14915153990932717,
      "fpr_std": 0.0,
      "fnr": 0.6915078380512011,
      "fnr_std": 0.0,
      "f1": 0.2327484982046526,
      "f1_std": 0.0,
      "g_mean": 0.5123280989211679,
      "g_mean_std": 0.0,
      "true_positives": 13677.0,
      "true_positives_std": 0.0,
      "false_positives": 59514.0,
      "false_positives_std": 0.0,
      "false_negatives": 30658.0,
      "false_negatives_std": 0.0,
      "true_negatives": 339503.0,
      "true_negatives_std": 0.0,
      "n_rows": 443352.0,
      "n_rows_std": 0.0,
      "n_injected": 44335.0,
      "n_injected_std": 0.0,
      "n_predicted": 73191.0,
      "n_predicted_std": 0.0,
      "n_trials": 1
    }
  },
  "new_products": {
    "row_count": 941418,
    "product_count": 55419,
    "train_row_count": 3318176,
    "train_product_count": 221676,
    "current_candidate_id": "eif__max_features_0p5__max_samples_256__n_estimators_100__threshold_0p2",
    "current_threshold": 0.2,
    "current_f1": 0.1749830623871521,
    "current_hyperparameters": {
      "n_estimators": 100,
      "max_samples": 256,
      "max_features": 0.5
    },
    "current_metrics": {
      "threshold": 0.2,
      "accuracy": 0.7374184474909127,
      "accuracy_std": 0.0,
      "precision": 0.12757435957330843,
      "precision_std": 0.0,
      "recall": 0.27846528080220095,
      "recall_std": 0.0,
      "tnr": 0.7884127622961558,
      "tnr_std": 0.0,
      "fpr": 0.2115872377038442,
      "fpr_std": 0.0,
      "fnr": 0.7215347191977991,
      "fnr_std": 0.0,
      "f1": 0.1749830623871521,
      "f1_std": 0.0,
      "g_mean": 0.4685569135556938,
      "g_mean_std": 0.0,
      "true_positives": 26215.0,
      "true_positives_std": 0.0,
      "false_positives": 179273.0,
      "false_positives_std": 0.0,
      "false_negatives": 67926.0,
      "false_negatives_std": 0.0,
      "true_negatives": 668004.0,
      "true_negatives_std": 0.0,
      "n_rows": 941418.0,
      "n_rows_std": 0.0,
      "n_injected": 94141.0,
      "n_injected_std": 0.0,
      "n_predicted": 205488.0,
      "n_predicted_std": 0.0,
      "n_trials": 1
    },
    "best_candidate_id": "eif__max_features_0p5__max_samples_256__n_estimators_100__threshold_0p2",
    "best_threshold": 0.2,
    "best_f1": 0.1749830623871521,
    "best_hyperparameters": {
      "n_estimators": 100,
      "max_samples": 256,
      "max_features": 0.5
    },
    "best_metrics": {
      "threshold": 0.2,
      "accuracy": 0.7374184474909127,
      "accuracy_std": 0.0,
      "precision": 0.12757435957330843,
      "precision_std": 0.0,
      "recall": 0.27846528080220095,
      "recall_std": 0.0,
      "tnr": 0.7884127622961558,
      "tnr_std": 0.0,
      "fpr": 0.2115872377038442,
      "fpr_std": 0.0,
      "fnr": 0.7215347191977991,
      "fnr_std": 0.0,
      "f1": 0.1749830623871521,
      "f1_std": 0.0,
      "g_mean": 0.4685569135556938,
      "g_mean_std": 0.0,
      "true_positives": 26215.0,
      "true_positives_std": 0.0,
      "false_positives": 179273.0,
      "false_positives_std": 0.0,
      "false_negatives": 67926.0,
      "false_negatives_std": 0.0,
      "true_negatives": 668004.0,
      "true_negatives_std": 0.0,
      "n_rows": 941418.0,
      "n_rows_std": 0.0,
      "n_injected": 94141.0,
      "n_injected_std": 0.0,
      "n_predicted": 205488.0,
      "n_predicted_std": 0.0,
      "n_trials": 1
    }
  }
}
