{
  "new_prices": {
    "row_count": 37076,
    "product_count": 18538,
    "train_row_count": 592713,
    "train_product_count": 18538,
    "current_candidate_id": "if__contamination_auto__max_features_0p75__max_samples_512__n_estimators_200__threshold_0p42",
    "current_threshold": 0.42000000000000004,
    "current_f1": 0.7319422150882825,
    "current_hyperparameters": {
      "n_estimators": 200,
      "max_samples": 512,
      "max_features": 0.75,
      "contamination": "auto"
    },
    "current_metrics": {
      "threshold": 0.42000000000000004,
      "accuracy": 0.9369403387636207,
      "accuracy_std": 0.0,
      "precision": 0.6364905284147557,
      "precision_std": 0.0,
      "recall": 0.8610736444564338,
      "recall_std": 0.0,
      "tnr": 0.945368455752345,
      "tnr_std": 0.0,
      "fpr": 0.05463154424765501,
      "fpr_std": 0.0,
      "fnr": 0.13892635554356622,
      "fnr_std": 0.0,
      "f1": 0.7319422150882825,
      "f1_std": 0.0,
      "g_mean": 0.9022371426342536,
      "g_mean_std": 0.0,
      "true_positives": 3192.0,
      "true_positives_std": 0.0,
      "false_positives": 1823.0,
      "false_positives_std": 0.0,
      "false_negatives": 515.0,
      "false_negatives_std": 0.0,
      "true_negatives": 31546.0,
      "true_negatives_std": 0.0,
      "n_rows": 37076.0,
      "n_rows_std": 0.0,
      "n_injected": 3707.0,
      "n_injected_std": 0.0,
      "n_predicted": 5015.0,
      "n_predicted_std": 0.0,
      "n_trials": 1
    },
    "best_candidate_id": "if__contamination_auto__max_features_0p75__max_samples_256__n_estimators_200__threshold_0p36",
    "best_threshold": 0.36,
    "best_f1": 0.6157747464148303,
    "best_hyperparameters": {
      "n_estimators": 200,
      "max_samples": 256,
      "max_features": 0.75,
      "contamination": "auto"
    },
    "best_metrics": {
      "threshold": 0.36,
      "accuracy": 0.8814866760168303,
      "accuracy_std": 0.0,
      "precision": 0.45555699314270925,
      "precision_std": 0.0,
      "recall": 0.9498246560561101,
      "recall_std": 0.0,
      "tnr": 0.8738949324223081,
      "tnr_std": 0.0,
      "fpr": 0.12610506757769188,
      "fpr_std": 0.0,
      "fnr": 0.050175343943889936,
      "fnr_std": 0.0,
      "f1": 0.6157747464148303,
      "f1_std": 0.0,
      "g_mean": 0.911069126695223,
      "g_mean_std": 0.0,
      "true_positives": 3521.0,
      "true_positives_std": 0.0,
      "false_positives": 4208.0,
      "false_positives_std": 0.0,
      "false_negatives": 186.0,
      "false_negatives_std": 0.0,
      "true_negatives": 29161.0,
      "true_negatives_std": 0.0,
      "n_rows": 37076.0,
      "n_rows_std": 0.0,
      "n_injected": 3707.0,
      "n_injected_std": 0.0,
      "n_predicted": 7729.0,
      "n_predicted_std": 0.0,
      "n_trials": 1
    }
  },
  "new_products": {
    "row_count": 157206,
    "product_count": 4635,
    "train_row_count": 592713,
    "train_product_count": 18538,
    "current_candidate_id": "if__contamination_auto__max_features_0p75__max_samples_512__n_estimators_200__threshold_0p42",
    "current_threshold": 0.42000000000000004,
    "current_f1": 0.6412835990300779,
    "current_hyperparameters": {
      "n_estimators": 200,
      "max_samples": 512,
      "max_features": 0.75,
      "contamination": "auto"
    },
    "current_metrics": {
      "threshold": 0.42000000000000004,
      "accuracy": 0.9115428164319428,
      "accuracy_std": 0.0,
      "precision": 0.5393560704677601,
      "precision_std": 0.0,
      "recall": 0.7907124681933843,
      "recall_std": 0.0,
      "tnr": 0.9249678413411928,
      "tnr_std": 0.0,
      "fpr": 0.07503215865880723,
      "fpr_std": 0.0,
      "fnr": 0.20928753180661577,
      "fnr_std": 0.0,
      "f1": 0.6412835990300779,
      "f1_std": 0.0,
      "g_mean": 0.8552096847127032,
      "g_mean_std": 0.0,
      "true_positives": 12430.0,
      "true_positives_std": 0.0,
      "false_positives": 10616.0,
      "false_positives_std": 0.0,
      "false_negatives": 3290.0,
      "false_negatives_std": 0.0,
      "true_negatives": 130870.0,
      "true_negatives_std": 0.0,
      "n_rows": 157206.0,
      "n_rows_std": 0.0,
      "n_injected": 15720.0,
      "n_injected_std": 0.0,
      "n_predicted": 23046.0,
      "n_predicted_std": 0.0,
      "n_trials": 1
    },
    "best_candidate_id": "if__contamination_auto__max_features_0p75__max_samples_256__n_estimators_200__threshold_0p36",
    "best_threshold": 0.36,
    "best_f1": 0.5461401776900296,
    "best_hyperparameters": {
      "n_estimators": 200,
      "max_samples": 256,
      "max_features": 0.75,
      "contamination": "auto"
    },
    "best_metrics": {
      "threshold": 0.36,
      "accuracy": 0.8537714845489358,
      "accuracy_std": 0.0,
      "precision": 0.39596335528199256,
      "precision_std": 0.0,
      "recall": 0.8798346055979643,
      "recall_std": 0.0,
      "tnr": 0.8508757050167508,
      "tnr_std": 0.0,
      "fpr": 0.14912429498324922,
      "fpr_std": 0.0,
      "fnr": 0.12016539440203562,
      "fnr_std": 0.0,
      "f1": 0.5461401776900296,
      "f1_std": 0.0,
      "g_mean": 0.8652340090035197,
      "g_mean_std": 0.0,
      "true_positives": 13831.0,
      "true_positives_std": 0.0,
      "false_positives": 21099.0,
      "false_positives_std": 0.0,
      "false_negatives": 1889.0,
      "false_negatives_std": 0.0,
      "true_negatives": 120387.0,
      "true_negatives_std": 0.0,
      "n_rows": 157206.0,
      "n_rows_std": 0.0,
      "n_injected": 15720.0,
      "n_injected_std": 0.0,
      "n_predicted": 34930.0,
      "n_predicted_std": 0.0,
      "n_trials": 1
    }
  }
}
