{
  "new_prices": {
    "row_count": 89944,
    "product_count": 44972,
    "train_row_count": 1008417,
    "train_product_count": 44972,
    "current_candidate_id": "if__contamination_auto__max_features_0p75__max_samples_512__n_estimators_200__threshold_0p42",
    "current_threshold": 0.42000000000000004,
    "current_f1": 0.7313283764288092,
    "current_hyperparameters": {
      "n_estimators": 200,
      "max_samples": 512,
      "max_features": 0.75,
      "contamination": "auto"
    },
    "current_metrics": {
      "threshold": 0.42000000000000004,
      "accuracy": 0.9461665036022414,
      "accuracy_std": 0.0,
      "precision": 0.729951262738148,
      "precision_std": 0.0,
      "recall": 0.7327106960195686,
      "recall_std": 0.0,
      "tnr": 0.9698826436071649,
      "tnr_std": 0.0,
      "fpr": 0.030117356392835082,
      "fpr_std": 0.0,
      "fnr": 0.2672893039804314,
      "fnr_std": 0.0,
      "f1": 0.7313283764288092,
      "f1_std": 0.0,
      "g_mean": 0.8429966707257539,
      "g_mean_std": 0.0,
      "true_positives": 6590.0,
      "true_positives_std": 0.0,
      "false_positives": 2438.0,
      "false_positives_std": 0.0,
      "false_negatives": 2404.0,
      "false_negatives_std": 0.0,
      "true_negatives": 78512.0,
      "true_negatives_std": 0.0,
      "n_rows": 89944.0,
      "n_rows_std": 0.0,
      "n_injected": 8994.0,
      "n_injected_std": 0.0,
      "n_predicted": 9028.0,
      "n_predicted_std": 0.0,
      "n_trials": 1
    },
    "best_candidate_id": "if__contamination_auto__max_features_0p75__max_samples_256__n_estimators_200__threshold_0p3",
    "best_threshold": 0.3,
    "best_f1": 0.6110648767956001,
    "best_hyperparameters": {
      "n_estimators": 200,
      "max_samples": 256,
      "max_features": 0.75,
      "contamination": "auto"
    },
    "best_metrics": {
      "threshold": 0.3,
      "accuracy": 0.8804923063239349,
      "accuracy_std": 0.0,
      "precision": 0.45293139516172287,
      "precision_std": 0.0,
      "recall": 0.9388481209695353,
      "recall_std": 0.0,
      "tnr": 0.8740086473131563,
      "tnr_std": 0.0,
      "fpr": 0.12599135268684372,
      "fpr_std": 0.0,
      "fnr": 0.061151879030464755,
      "fnr_std": 0.0,
      "f1": 0.6110648767956001,
      "f1_std": 0.0,
      "g_mean": 0.9058484289554638,
      "g_mean_std": 0.0,
      "true_positives": 8444.0,
      "true_positives_std": 0.0,
      "false_positives": 10199.0,
      "false_positives_std": 0.0,
      "false_negatives": 550.0,
      "false_negatives_std": 0.0,
      "true_negatives": 70751.0,
      "true_negatives_std": 0.0,
      "n_rows": 89944.0,
      "n_rows_std": 0.0,
      "n_injected": 8994.0,
      "n_injected_std": 0.0,
      "n_predicted": 18643.0,
      "n_predicted_std": 0.0,
      "n_trials": 1
    }
  },
  "new_products": {
    "row_count": 275671,
    "product_count": 11243,
    "train_row_count": 1008417,
    "train_product_count": 44972,
    "current_candidate_id": "if__contamination_auto__max_features_0p75__max_samples_512__n_estimators_200__threshold_0p42",
    "current_threshold": 0.42000000000000004,
    "current_f1": 0.5601905918624748,
    "current_hyperparameters": {
      "n_estimators": 200,
      "max_samples": 512,
      "max_features": 0.75,
      "contamination": "auto"
    },
    "current_metrics": {
      "threshold": 0.42000000000000004,
      "accuracy": 0.8975409092722847,
      "accuracy_std": 0.0,
      "precision": 0.4907513504665248,
      "precision_std": 0.0,
      "recall": 0.6525193165741647,
      "recall_std": 0.0,
      "tnr": 0.9247654209525038,
      "tnr_std": 0.0,
      "fpr": 0.07523457904749621,
      "fpr_std": 0.0,
      "fnr": 0.3474806834258352,
      "fnr_std": 0.0,
      "f1": 0.5601905918624748,
      "f1_std": 0.0,
      "g_mean": 0.7768058318983886,
      "g_mean_std": 0.0,
      "true_positives": 17988.0,
      "true_positives_std": 0.0,
      "false_positives": 18666.0,
      "false_positives_std": 0.0,
      "false_negatives": 9579.0,
      "false_negatives_std": 0.0,
      "true_negatives": 229438.0,
      "true_negatives_std": 0.0,
      "n_rows": 275671.0,
      "n_rows_std": 0.0,
      "n_injected": 27567.0,
      "n_injected_std": 0.0,
      "n_predicted": 36654.0,
      "n_predicted_std": 0.0,
      "n_trials": 1
    },
    "best_candidate_id": "if__contamination_auto__max_features_0p75__max_samples_256__n_estimators_200__threshold_0p3",
    "best_threshold": 0.3,
    "best_f1": 0.5081207982072351,
    "best_hyperparameters": {
      "n_estimators": 200,
      "max_samples": 256,
      "max_features": 0.75,
      "contamination": "auto"
    },
    "best_metrics": {
      "threshold": 0.3,
      "accuracy": 0.8327934385553795,
      "accuracy_std": 0.0,
      "precision": 0.3599473867227069,
      "precision_std": 0.0,
      "recall": 0.8636413102622701,
      "recall_std": 0.0,
      "tnr": 0.8293659110695515,
      "tnr_std": 0.0,
      "fpr": 0.1706340889304485,
      "fpr_std": 0.0,
      "fnr": 0.13635868973772988,
      "fnr_std": 0.0,
      "f1": 0.5081207982072351,
      "f1_std": 0.0,
      "g_mean": 0.8463301141534365,
      "g_mean_std": 0.0,
      "true_positives": 23808.0,
      "true_positives_std": 0.0,
      "false_positives": 42335.0,
      "false_positives_std": 0.0,
      "false_negatives": 3759.0,
      "false_negatives_std": 0.0,
      "true_negatives": 205769.0,
      "true_negatives_std": 0.0,
      "n_rows": 275671.0,
      "n_rows_std": 0.0,
      "n_injected": 27567.0,
      "n_injected_std": 0.0,
      "n_predicted": 66143.0,
      "n_predicted_std": 0.0,
      "n_trials": 1
    }
  }
}
