{
  "new_prices": {
    "row_count": 392,
    "product_count": 196,
    "train_row_count": 5566,
    "train_product_count": 196,
    "current_candidate_id": "if__contamination_auto__max_features_0p75__max_samples_512__n_estimators_200__threshold_0p42",
    "current_threshold": 0.42000000000000004,
    "current_f1": 0.8470588235294118,
    "current_hyperparameters": {
      "n_estimators": 200,
      "max_samples": 512,
      "max_features": 0.75,
      "contamination": "auto"
    },
    "current_metrics": {
      "threshold": 0.42000000000000004,
      "accuracy": 0.9668367346938775,
      "accuracy_std": 0.0,
      "precision": 0.782608695652174,
      "precision_std": 0.0,
      "recall": 0.9230769230769231,
      "recall_std": 0.0,
      "tnr": 0.9716713881019831,
      "tnr_std": 0.0,
      "fpr": 0.028328611898016998,
      "fpr_std": 0.0,
      "fnr": 0.07692307692307693,
      "fnr_std": 0.0,
      "f1": 0.8470588235294118,
      "f1_std": 0.0,
      "g_mean": 0.9470625297049088,
      "g_mean_std": 0.0,
      "true_positives": 36.0,
      "true_positives_std": 0.0,
      "false_positives": 10.0,
      "false_positives_std": 0.0,
      "false_negatives": 3.0,
      "false_negatives_std": 0.0,
      "true_negatives": 343.0,
      "true_negatives_std": 0.0,
      "n_rows": 392.0,
      "n_rows_std": 0.0,
      "n_injected": 39.0,
      "n_injected_std": 0.0,
      "n_predicted": 46.0,
      "n_predicted_std": 0.0,
      "n_trials": 1
    },
    "best_candidate_id": "if__contamination_auto__max_features_0p5__max_samples_256__n_estimators_100__threshold_0p42",
    "best_threshold": 0.42000000000000004,
    "best_f1": 0.8131868131868132,
    "best_hyperparameters": {
      "n_estimators": 100,
      "max_samples": 256,
      "max_features": 0.5,
      "contamination": "auto"
    },
    "best_metrics": {
      "threshold": 0.42000000000000004,
      "accuracy": 0.9566326530612245,
      "accuracy_std": 0.0,
      "precision": 0.7115384615384616,
      "precision_std": 0.0,
      "recall": 0.9487179487179487,
      "recall_std": 0.0,
      "tnr": 0.9575070821529745,
      "tnr_std": 0.0,
      "fpr": 0.042492917847025496,
      "fpr_std": 0.0,
      "fnr": 0.05128205128205128,
      "fnr_std": 0.0,
      "f1": 0.8131868131868132,
      "f1_std": 0.0,
      "g_mean": 0.9531023842500229,
      "g_mean_std": 0.0,
      "true_positives": 37.0,
      "true_positives_std": 0.0,
      "false_positives": 15.0,
      "false_positives_std": 0.0,
      "false_negatives": 2.0,
      "false_negatives_std": 0.0,
      "true_negatives": 338.0,
      "true_negatives_std": 0.0,
      "n_rows": 392.0,
      "n_rows_std": 0.0,
      "n_injected": 39.0,
      "n_injected_std": 0.0,
      "n_predicted": 52.0,
      "n_predicted_std": 0.0,
      "n_trials": 1
    }
  },
  "new_products": {
    "row_count": 1487,
    "product_count": 49,
    "train_row_count": 5566,
    "train_product_count": 196,
    "current_candidate_id": "if__contamination_auto__max_features_0p75__max_samples_512__n_estimators_200__threshold_0p42",
    "current_threshold": 0.42000000000000004,
    "current_f1": 0.3835616438356165,
    "current_hyperparameters": {
      "n_estimators": 200,
      "max_samples": 512,
      "max_features": 0.75,
      "contamination": "auto"
    },
    "current_metrics": {
      "threshold": 0.42000000000000004,
      "accuracy": 0.7881640887693342,
      "accuracy_std": 0.0,
      "precision": 0.2699724517906336,
      "precision_std": 0.0,
      "recall": 0.6621621621621622,
      "recall_std": 0.0,
      "tnr": 0.8020911127707244,
      "tnr_std": 0.0,
      "fpr": 0.19790888722927558,
      "fpr_std": 0.0,
      "fnr": 0.33783783783783783,
      "fnr_std": 0.0,
      "f1": 0.3835616438356165,
      "f1_std": 0.0,
      "g_mean": 0.7287759501268669,
      "g_mean_std": 0.0,
      "true_positives": 98.0,
      "true_positives_std": 0.0,
      "false_positives": 265.0,
      "false_positives_std": 0.0,
      "false_negatives": 50.0,
      "false_negatives_std": 0.0,
      "true_negatives": 1074.0,
      "true_negatives_std": 0.0,
      "n_rows": 1487.0,
      "n_rows_std": 0.0,
      "n_injected": 148.0,
      "n_injected_std": 0.0,
      "n_predicted": 363.0,
      "n_predicted_std": 0.0,
      "n_trials": 1
    },
    "best_candidate_id": "if__contamination_auto__max_features_0p5__max_samples_256__n_estimators_100__threshold_0p42",
    "best_threshold": 0.42000000000000004,
    "best_f1": 0.3734290843806104,
    "best_hyperparameters": {
      "n_estimators": 100,
      "max_samples": 256,
      "max_features": 0.5,
      "contamination": "auto"
    },
    "best_metrics": {
      "threshold": 0.42000000000000004,
      "accuracy": 0.7652992602555481,
      "accuracy_std": 0.0,
      "precision": 0.254278728606357,
      "precision_std": 0.0,
      "recall": 0.7027027027027027,
      "recall_std": 0.0,
      "tnr": 0.772218073188947,
      "tnr_std": 0.0,
      "fpr": 0.22778192681105303,
      "fpr_std": 0.0,
      "fnr": 0.2972972972972973,
      "fnr_std": 0.0,
      "f1": 0.3734290843806104,
      "f1_std": 0.0,
      "g_mean": 0.7366408399659542,
      "g_mean_std": 0.0,
      "true_positives": 104.0,
      "true_positives_std": 0.0,
      "false_positives": 305.0,
      "false_positives_std": 0.0,
      "false_negatives": 44.0,
      "false_negatives_std": 0.0,
      "true_negatives": 1034.0,
      "true_negatives_std": 0.0,
      "n_rows": 1487.0,
      "n_rows_std": 0.0,
      "n_injected": 148.0,
      "n_injected_std": 0.0,
      "n_predicted": 409.0,
      "n_predicted_std": 0.0,
      "n_trials": 1
    }
  }
}
