{
  "new_prices": {
    "row_count": 320000,
    "product_count": 160000,
    "train_row_count": 1564572,
    "train_product_count": 160000,
    "current_candidate_id": "if__contamination_auto__max_features_0p75__max_samples_512__n_estimators_200__threshold_0p42",
    "current_threshold": 0.42000000000000004,
    "current_f1": 0.812432344262052,
    "current_hyperparameters": {
      "n_estimators": 200,
      "max_samples": 512,
      "max_features": 0.75,
      "contamination": "auto"
    },
    "current_metrics": {
      "threshold": 0.42000000000000004,
      "accuracy": 0.960471875,
      "accuracy_std": 0.0,
      "precision": 0.7730338346925529,
      "precision_std": 0.0,
      "recall": 0.8560625,
      "recall_std": 0.0,
      "tnr": 0.9720729166666666,
      "tnr_std": 0.0,
      "fpr": 0.027927083333333335,
      "fpr_std": 0.0,
      "fnr": 0.1439375,
      "fnr_std": 0.0,
      "f1": 0.812432344262052,
      "f1_std": 0.0,
      "g_mean": 0.9122253949676901,
      "g_mean_std": 0.0,
      "true_positives": 27394.0,
      "true_positives_std": 0.0,
      "false_positives": 8043.0,
      "false_positives_std": 0.0,
      "false_negatives": 4606.0,
      "false_negatives_std": 0.0,
      "true_negatives": 279957.0,
      "true_negatives_std": 0.0,
      "n_rows": 320000.0,
      "n_rows_std": 0.0,
      "n_injected": 32000.0,
      "n_injected_std": 0.0,
      "n_predicted": 35437.0,
      "n_predicted_std": 0.0,
      "n_trials": 1
    },
    "best_candidate_id": "if__contamination_auto__max_features_0p5__max_samples_512__n_estimators_100__threshold_0p3",
    "best_threshold": 0.3,
    "best_f1": 0.8138121767341675,
    "best_hyperparameters": {
      "n_estimators": 100,
      "max_samples": 512,
      "max_features": 0.5,
      "contamination": "auto"
    },
    "best_metrics": {
      "threshold": 0.3,
      "accuracy": 0.956240625,
      "accuracy_std": 0.0,
      "precision": 0.7082552246059849,
      "precision_std": 0.0,
      "recall": 0.95634375,
      "recall_std": 0.0,
      "tnr": 0.9562291666666667,
      "tnr_std": 0.0,
      "fpr": 0.043770833333333335,
      "fpr_std": 0.0,
      "fnr": 0.04365625,
      "fnr_std": 0.0,
      "f1": 0.8138121767341675,
      "f1_std": 0.0,
      "g_mean": 0.9562864566171452,
      "g_mean_std": 0.0,
      "true_positives": 30603.0,
      "true_positives_std": 0.0,
      "false_positives": 12606.0,
      "false_positives_std": 0.0,
      "false_negatives": 1397.0,
      "false_negatives_std": 0.0,
      "true_negatives": 275394.0,
      "true_negatives_std": 0.0,
      "n_rows": 320000.0,
      "n_rows_std": 0.0,
      "n_injected": 32000.0,
      "n_injected_std": 0.0,
      "n_predicted": 43209.0,
      "n_predicted_std": 0.0,
      "n_trials": 1
    }
  },
  "new_products": {
    "row_count": 471107,
    "product_count": 40000,
    "train_row_count": 1564572,
    "train_product_count": 160000,
    "current_candidate_id": "if__contamination_auto__max_features_0p75__max_samples_512__n_estimators_200__threshold_0p42",
    "current_threshold": 0.42000000000000004,
    "current_f1": 0.4148429752066115,
    "current_hyperparameters": {
      "n_estimators": 200,
      "max_samples": 512,
      "max_features": 0.75,
      "contamination": "auto"
    },
    "current_metrics": {
      "threshold": 0.42000000000000004,
      "accuracy": 0.8497071790484965,
      "accuracy_std": 0.0,
      "precision": 0.33966707267559887,
      "precision_std": 0.0,
      "recall": 0.53275313097007,
      "recall_std": 0.0,
      "tnr": 0.8849237140828826,
      "tnr_std": 0.0,
      "fpr": 0.11507628591711734,
      "fpr_std": 0.0,
      "fnr": 0.46724686902992996,
      "fnr_std": 0.0,
      "f1": 0.4148429752066115,
      "f1_std": 0.0,
      "g_mean": 0.6866191661666012,
      "g_mean_std": 0.0,
      "true_positives": 25098.0,
      "true_positives_std": 0.0,
      "false_positives": 48792.0,
      "false_positives_std": 0.0,
      "false_negatives": 22012.0,
      "false_negatives_std": 0.0,
      "true_negatives": 375205.0,
      "true_negatives_std": 0.0,
      "n_rows": 471107.0,
      "n_rows_std": 0.0,
      "n_injected": 47110.0,
      "n_injected_std": 0.0,
      "n_predicted": 73890.0,
      "n_predicted_std": 0.0,
      "n_trials": 1
    },
    "best_candidate_id": "if__contamination_auto__max_features_0p5__max_samples_512__n_estimators_100__threshold_0p3",
    "best_threshold": 0.3,
    "best_f1": 0.4093168781505302,
    "best_hyperparameters": {
      "n_estimators": 100,
      "max_samples": 512,
      "max_features": 0.5,
      "contamination": "auto"
    },
    "best_metrics": {
      "threshold": 0.3,
      "accuracy": 0.8196694169265156,
      "accuracy_std": 0.0,
      "precision": 0.30434782608695654,
      "precision_std": 0.0,
      "recall": 0.62481426448737,
      "recall_std": 0.0,
      "tnr": 0.8413196319785281,
      "tnr_std": 0.0,
      "fpr": 0.15868036802147184,
      "fpr_std": 0.0,
      "fnr": 0.37518573551263,
      "fnr_std": 0.0,
      "f1": 0.4093168781505302,
      "f1_std": 0.0,
      "g_mean": 0.7250300042435822,
      "g_mean_std": 0.0,
      "true_positives": 29435.0,
      "true_positives_std": 0.0,
      "false_positives": 67280.0,
      "false_positives_std": 0.0,
      "false_negatives": 17675.0,
      "false_negatives_std": 0.0,
      "true_negatives": 356717.0,
      "true_negatives_std": 0.0,
      "n_rows": 471107.0,
      "n_rows_std": 0.0,
      "n_injected": 47110.0,
      "n_injected_std": 0.0,
      "n_predicted": 96715.0,
      "n_predicted_std": 0.0,
      "n_trials": 1
    }
  }
}
