{
  "new_prices": {
    "row_count": 181728,
    "product_count": 90864,
    "train_row_count": 1047727,
    "train_product_count": 90864,
    "current_candidate_id": "if__contamination_auto__max_features_0p75__max_samples_512__n_estimators_200__threshold_0p42",
    "current_threshold": 0.42000000000000004,
    "current_f1": 0.7578458628299561,
    "current_hyperparameters": {
      "n_estimators": 200,
      "max_samples": 512,
      "max_features": 0.75,
      "contamination": "auto"
    },
    "current_metrics": {
      "threshold": 0.42000000000000004,
      "accuracy": 0.9535074396900863,
      "accuracy_std": 0.0,
      "precision": 0.7907769603445182,
      "precision_std": 0.0,
      "recall": 0.7275478758529605,
      "recall_std": 0.0,
      "tnr": 0.9786128298564406,
      "tnr_std": 0.0,
      "fpr": 0.021387170143559394,
      "fpr_std": 0.0,
      "fnr": 0.2724521241470394,
      "fnr_std": 0.0,
      "f1": 0.7578458628299561,
      "f1_std": 0.0,
      "g_mean": 0.8437936274021677,
      "g_mean_std": 0.0,
      "true_positives": 13221.0,
      "true_positives_std": 0.0,
      "false_positives": 3498.0,
      "false_positives_std": 0.0,
      "false_negatives": 4951.0,
      "false_negatives_std": 0.0,
      "true_negatives": 160058.0,
      "true_negatives_std": 0.0,
      "n_rows": 181728.0,
      "n_rows_std": 0.0,
      "n_injected": 18172.0,
      "n_injected_std": 0.0,
      "n_predicted": 16719.0,
      "n_predicted_std": 0.0,
      "n_trials": 1
    },
    "best_candidate_id": "if__contamination_auto__max_features_0p75__max_samples_256__n_estimators_200__threshold_0p3",
    "best_threshold": 0.3,
    "best_f1": 0.7679649178326815,
    "best_hyperparameters": {
      "n_estimators": 200,
      "max_samples": 256,
      "max_features": 0.75,
      "contamination": "auto"
    },
    "best_metrics": {
      "threshold": 0.3,
      "accuracy": 0.943514483183659,
      "accuracy_std": 0.0,
      "precision": 0.6516668584800706,
      "precision_std": 0.0,
      "recall": 0.9347897864847018,
      "recall_std": 0.0,
      "tnr": 0.9444838465112867,
      "tnr_std": 0.0,
      "fpr": 0.055516153488713346,
      "fpr_std": 0.0,
      "fnr": 0.06521021351529827,
      "fnr_std": 0.0,
      "f1": 0.7679649178326815,
      "f1_std": 0.0,
      "g_mean": 0.9396243149357809,
      "g_mean_std": 0.0,
      "true_positives": 16987.0,
      "true_positives_std": 0.0,
      "false_positives": 9080.0,
      "false_positives_std": 0.0,
      "false_negatives": 1185.0,
      "false_negatives_std": 0.0,
      "true_negatives": 154476.0,
      "true_negatives_std": 0.0,
      "n_rows": 181728.0,
      "n_rows_std": 0.0,
      "n_injected": 18172.0,
      "n_injected_std": 0.0,
      "n_predicted": 26067.0,
      "n_predicted_std": 0.0,
      "n_trials": 1
    }
  },
  "new_products": {
    "row_count": 308137,
    "product_count": 22717,
    "train_row_count": 1047727,
    "train_product_count": 90864,
    "current_candidate_id": "if__contamination_auto__max_features_0p75__max_samples_512__n_estimators_200__threshold_0p42",
    "current_threshold": 0.42000000000000004,
    "current_f1": 0.40496235132477537,
    "current_hyperparameters": {
      "n_estimators": 200,
      "max_samples": 512,
      "max_features": 0.75,
      "contamination": "auto"
    },
    "current_metrics": {
      "threshold": 0.42000000000000004,
      "accuracy": 0.8566384432898354,
      "accuracy_std": 0.0,
      "precision": 0.34615207479390225,
      "precision_std": 0.0,
      "recall": 0.48784603900950896,
      "recall_std": 0.0,
      "tnr": 0.8976143427903823,
      "tnr_std": 0.0,
      "fpr": 0.10238565720961763,
      "fpr_std": 0.0,
      "fnr": 0.512153960990491,
      "fnr_std": 0.0,
      "f1": 0.40496235132477537,
      "f1_std": 0.0,
      "g_mean": 0.6617383181352063,
      "g_mean_std": 0.0,
      "true_positives": 15032.0,
      "true_positives_std": 0.0,
      "false_positives": 28394.0,
      "false_positives_std": 0.0,
      "false_negatives": 15781.0,
      "false_negatives_std": 0.0,
      "true_negatives": 248930.0,
      "true_negatives_std": 0.0,
      "n_rows": 308137.0,
      "n_rows_std": 0.0,
      "n_injected": 30813.0,
      "n_injected_std": 0.0,
      "n_predicted": 43426.0,
      "n_predicted_std": 0.0,
      "n_trials": 1
    },
    "best_candidate_id": "if__contamination_auto__max_features_0p75__max_samples_256__n_estimators_200__threshold_0p3",
    "best_threshold": 0.3,
    "best_f1": 0.40766264664861757,
    "best_hyperparameters": {
      "n_estimators": 200,
      "max_samples": 256,
      "max_features": 0.75,
      "contamination": "auto"
    },
    "best_metrics": {
      "threshold": 0.3,
      "accuracy": 0.8125509107961718,
      "accuracy_std": 0.0,
      "precision": 0.29799547219598493,
      "precision_std": 0.0,
      "recall": 0.6450524129425892,
      "recall_std": 0.0,
      "tnr": 0.8311613852389264,
      "tnr_std": 0.0,
      "fpr": 0.1688386147610737,
      "fpr_std": 0.0,
      "fnr": 0.3549475870574108,
      "fnr_std": 0.0,
      "f1": 0.40766264664861757,
      "f1_std": 0.0,
      "g_mean": 0.7322176295972902,
      "g_mean_std": 0.0,
      "true_positives": 19876.0,
      "true_positives_std": 0.0,
      "false_positives": 46823.0,
      "false_positives_std": 0.0,
      "false_negatives": 10937.0,
      "false_negatives_std": 0.0,
      "true_negatives": 230501.0,
      "true_negatives_std": 0.0,
      "n_rows": 308137.0,
      "n_rows_std": 0.0,
      "n_injected": 30813.0,
      "n_injected_std": 0.0,
      "n_predicted": 66699.0,
      "n_predicted_std": 0.0,
      "n_trials": 1
    }
  }
}
