{
  "new_prices": {
    "row_count": 122136,
    "product_count": 61068,
    "train_row_count": 1083500,
    "train_product_count": 61068,
    "current_candidate_id": "rrcf__num_trees_40__tree_size_256__warmup_samples_32__threshold_0p8",
    "current_threshold": 0.8,
    "current_f1": 0.19848447812270842,
    "current_hyperparameters": {
      "num_trees": 40,
      "tree_size": 256,
      "warmup_samples": 32
    },
    "current_metrics": {
      "threshold": 0.8,
      "accuracy": 0.8926115150324229,
      "accuracy_std": 0.0,
      "precision": 0.3912310286677909,
      "precision_std": 0.0,
      "recall": 0.13297306149185295,
      "recall_std": 0.0,
      "tnr": 0.9770111805536603,
      "tnr_std": 0.0,
      "fpr": 0.02298881944633971,
      "fpr_std": 0.0,
      "fnr": 0.867026938508147,
      "fnr_std": 0.0,
      "f1": 0.19848447812270842,
      "f1_std": 0.0,
      "g_mean": 0.36043885443995866,
      "g_mean_std": 0.0,
      "true_positives": 1624.0,
      "true_positives_std": 0.0,
      "false_positives": 2527.0,
      "false_positives_std": 0.0,
      "false_negatives": 10589.0,
      "false_negatives_std": 0.0,
      "true_negatives": 107396.0,
      "true_negatives_std": 0.0,
      "n_rows": 122136.0,
      "n_rows_std": 0.0,
      "n_injected": 12213.0,
      "n_injected_std": 0.0,
      "n_predicted": 4151.0,
      "n_predicted_std": 0.0,
      "n_trials": 1
    },
    "best_candidate_id": "rrcf__num_trees_80__tree_size_128__warmup_samples_32__threshold_0p65",
    "best_threshold": 0.6499999999999999,
    "best_f1": 0.21675475818258516,
    "best_hyperparameters": {
      "num_trees": 80,
      "tree_size": 128,
      "warmup_samples": 32
    },
    "best_metrics": {
      "threshold": 0.6499999999999999,
      "accuracy": 0.4831335560358944,
      "accuracy_std": 0.0,
      "precision": 0.12773268991737954,
      "precision_std": 0.0,
      "recall": 0.7152214853025465,
      "recall_std": 0.0,
      "tnr": 0.4573474159184156,
      "tnr_std": 0.0,
      "fpr": 0.5426525840815843,
      "fpr_std": 0.0,
      "fnr": 0.2847785146974535,
      "fnr_std": 0.0,
      "f1": 0.21675475818258516,
      "f1_std": 0.0,
      "g_mean": 0.5719306759673332,
      "g_mean_std": 0.0,
      "true_positives": 8735.0,
      "true_positives_std": 0.0,
      "false_positives": 59650.0,
      "false_positives_std": 0.0,
      "false_negatives": 3478.0,
      "false_negatives_std": 0.0,
      "true_negatives": 50273.0,
      "true_negatives_std": 0.0,
      "n_rows": 122136.0,
      "n_rows_std": 0.0,
      "n_injected": 12213.0,
      "n_injected_std": 0.0,
      "n_predicted": 68385.0,
      "n_predicted_std": 0.0,
      "n_trials": 1
    }
  },
  "new_products": {
    "row_count": 303503,
    "product_count": 15268,
    "train_row_count": 1083500,
    "train_product_count": 61068,
    "current_candidate_id": "rrcf__num_trees_40__tree_size_256__warmup_samples_32__threshold_0p8",
    "current_threshold": 0.8,
    "current_f1": 0.1466709381173581,
    "current_hyperparameters": {
      "num_trees": 40,
      "tree_size": 256,
      "warmup_samples": 32
    },
    "current_metrics": {
      "threshold": 0.8,
      "accuracy": 0.8946830838574907,
      "accuracy_std": 0.0,
      "precision": 0.3864659538548115,
      "precision_std": 0.0,
      "recall": 0.09051070840197693,
      "recall_std": 0.0,
      "tnr": 0.9840345886737469,
      "tnr_std": 0.0,
      "fpr": 0.01596541132625305,
      "fpr_std": 0.0,
      "fnr": 0.909489291598023,
      "fnr_std": 0.0,
      "f1": 0.1466709381173581,
      "f1_std": 0.0,
      "g_mean": 0.2984387168463717,
      "g_mean_std": 0.0,
      "true_positives": 2747.0,
      "true_positives_std": 0.0,
      "false_positives": 4361.0,
      "false_positives_std": 0.0,
      "false_negatives": 27603.0,
      "false_negatives_std": 0.0,
      "true_negatives": 268792.0,
      "true_negatives_std": 0.0,
      "n_rows": 303503.0,
      "n_rows_std": 0.0,
      "n_injected": 30350.0,
      "n_injected_std": 0.0,
      "n_predicted": 7108.0,
      "n_predicted_std": 0.0,
      "n_trials": 1
    },
    "best_candidate_id": "rrcf__num_trees_80__tree_size_128__warmup_samples_32__threshold_0p65",
    "best_threshold": 0.6499999999999999,
    "best_f1": 0.2221405441030158,
    "best_hyperparameters": {
      "num_trees": 80,
      "tree_size": 128,
      "warmup_samples": 32
    },
    "best_metrics": {
      "threshold": 0.6499999999999999,
      "accuracy": 0.5955657769445442,
      "accuracy_std": 0.0,
      "precision": 0.13751951730468964,
      "precision_std": 0.0,
      "recall": 0.577495881383855,
      "recall_std": 0.0,
      "tnr": 0.5975735210669478,
      "tnr_std": 0.0,
      "fpr": 0.40242647893305217,
      "fpr_std": 0.0,
      "fnr": 0.42250411861614495,
      "fnr_std": 0.0,
      "f1": 0.2221405441030158,
      "f1_std": 0.0,
      "g_mean": 0.5874489316018974,
      "g_mean_std": 0.0,
      "true_positives": 17527.0,
      "true_positives_std": 0.0,
      "false_positives": 109924.0,
      "false_positives_std": 0.0,
      "false_negatives": 12823.0,
      "false_negatives_std": 0.0,
      "true_negatives": 163229.0,
      "true_negatives_std": 0.0,
      "n_rows": 303503.0,
      "n_rows_std": 0.0,
      "n_injected": 30350.0,
      "n_injected_std": 0.0,
      "n_predicted": 127451.0,
      "n_predicted_std": 0.0,
      "n_trials": 1
    }
  }
}
