{
  "new_prices": {
    "row_count": 28624,
    "product_count": 14312,
    "train_row_count": 364765,
    "train_product_count": 14312,
    "current_candidate_id": "if__contamination_auto__max_features_0p75__max_samples_512__n_estimators_200__threshold_0p42",
    "current_threshold": 0.42000000000000004,
    "current_f1": 0.7960426179604262,
    "current_hyperparameters": {
      "n_estimators": 200,
      "max_samples": 512,
      "max_features": 0.75,
      "contamination": "auto"
    },
    "current_metrics": {
      "threshold": 0.42000000000000004,
      "accuracy": 0.9531861375069871,
      "accuracy_std": 0.0,
      "precision": 0.7052319309600863,
      "precision_std": 0.0,
      "recall": 0.9136967155835081,
      "recall_std": 0.0,
      "tnr": 0.9575731697849545,
      "tnr_std": 0.0,
      "fpr": 0.04242683021504542,
      "fpr_std": 0.0,
      "fnr": 0.08630328441649196,
      "fnr_std": 0.0,
      "f1": 0.7960426179604262,
      "f1_std": 0.0,
      "g_mean": 0.9353777098923204,
      "g_mean_std": 0.0,
      "true_positives": 2615.0,
      "true_positives_std": 0.0,
      "false_positives": 1093.0,
      "false_positives_std": 0.0,
      "false_negatives": 247.0,
      "false_negatives_std": 0.0,
      "true_negatives": 24669.0,
      "true_negatives_std": 0.0,
      "n_rows": 28624.0,
      "n_rows_std": 0.0,
      "n_injected": 2862.0,
      "n_injected_std": 0.0,
      "n_predicted": 3708.0,
      "n_predicted_std": 0.0,
      "n_trials": 1
    },
    "best_candidate_id": "if__contamination_auto__max_features_0p75__max_samples_512__n_estimators_200__threshold_0p36",
    "best_threshold": 0.36,
    "best_f1": 0.7589943047645508,
    "best_hyperparameters": {
      "n_estimators": 200,
      "max_samples": 512,
      "max_features": 0.75,
      "contamination": "auto"
    },
    "best_metrics": {
      "threshold": 0.36,
      "accuracy": 0.9393865287870319,
      "accuracy_std": 0.0,
      "precision": 0.6299285220198294,
      "precision_std": 0.0,
      "recall": 0.9545772187281621,
      "recall_std": 0.0,
      "tnr": 0.93769893641798,
      "tnr_std": 0.0,
      "fpr": 0.062301063582020026,
      "fpr_std": 0.0,
      "fnr": 0.045422781271837874,
      "fnr_std": 0.0,
      "f1": 0.7589943047645508,
      "f1_std": 0.0,
      "g_mean": 0.9461004400856344,
      "g_mean_std": 0.0,
      "true_positives": 2732.0,
      "true_positives_std": 0.0,
      "false_positives": 1605.0,
      "false_positives_std": 0.0,
      "false_negatives": 130.0,
      "false_negatives_std": 0.0,
      "true_negatives": 24157.0,
      "true_negatives_std": 0.0,
      "n_rows": 28624.0,
      "n_rows_std": 0.0,
      "n_injected": 2862.0,
      "n_injected_std": 0.0,
      "n_predicted": 4337.0,
      "n_predicted_std": 0.0,
      "n_trials": 1
    }
  },
  "new_products": {
    "row_count": 99114,
    "product_count": 3579,
    "train_row_count": 364765,
    "train_product_count": 14312,
    "current_candidate_id": "if__contamination_auto__max_features_0p75__max_samples_512__n_estimators_200__threshold_0p42",
    "current_threshold": 0.42000000000000004,
    "current_f1": 0.6326151413322791,
    "current_hyperparameters": {
      "n_estimators": 200,
      "max_samples": 512,
      "max_features": 0.75,
      "contamination": "auto"
    },
    "current_metrics": {
      "threshold": 0.42000000000000004,
      "accuracy": 0.906239280020986,
      "accuracy_std": 0.0,
      "precision": 0.5200858034321373,
      "precision_std": 0.0,
      "recall": 0.8072848350317828,
      "recall_std": 0.0,
      "tnr": 0.9172337253231394,
      "tnr_std": 0.0,
      "fpr": 0.08276627467686064,
      "fpr_std": 0.0,
      "fnr": 0.19271516496821714,
      "fnr_std": 0.0,
      "f1": 0.6326151413322791,
      "f1_std": 0.0,
      "g_mean": 0.8605050125554634,
      "g_mean_std": 0.0,
      "true_positives": 8001.0,
      "true_positives_std": 0.0,
      "false_positives": 7383.0,
      "false_positives_std": 0.0,
      "false_negatives": 1910.0,
      "false_negatives_std": 0.0,
      "true_negatives": 81820.0,
      "true_negatives_std": 0.0,
      "n_rows": 99114.0,
      "n_rows_std": 0.0,
      "n_injected": 9911.0,
      "n_injected_std": 0.0,
      "n_predicted": 15384.0,
      "n_predicted_std": 0.0,
      "n_trials": 1
    },
    "best_candidate_id": "if__contamination_auto__max_features_0p75__max_samples_512__n_estimators_200__threshold_0p36",
    "best_threshold": 0.36,
    "best_f1": 0.6150377554306982,
    "best_hyperparameters": {
      "n_estimators": 200,
      "max_samples": 512,
      "max_features": 0.75,
      "contamination": "auto"
    },
    "best_metrics": {
      "threshold": 0.36,
      "accuracy": 0.8914684101136066,
      "accuracy_std": 0.0,
      "precision": 0.47654170363797693,
      "precision_std": 0.0,
      "recall": 0.8670164463727171,
      "recall_std": 0.0,
      "tnr": 0.8941851731444009,
      "tnr_std": 0.0,
      "fpr": 0.10581482685559902,
      "fpr_std": 0.0,
      "fnr": 0.1329835536272828,
      "fnr_std": 0.0,
      "f1": 0.6150377554306982,
      "f1_std": 0.0,
      "g_mean": 0.8804960256689586,
      "g_mean_std": 0.0,
      "true_positives": 8593.0,
      "true_positives_std": 0.0,
      "false_positives": 9439.0,
      "false_positives_std": 0.0,
      "false_negatives": 1318.0,
      "false_negatives_std": 0.0,
      "true_negatives": 79764.0,
      "true_negatives_std": 0.0,
      "n_rows": 99114.0,
      "n_rows_std": 0.0,
      "n_injected": 9911.0,
      "n_injected_std": 0.0,
      "n_predicted": 18032.0,
      "n_predicted_std": 0.0,
      "n_trials": 1
    }
  }
}
