{
  "new_prices": {
    "row_count": 90238,
    "product_count": 45119,
    "train_row_count": 809124,
    "train_product_count": 45119,
    "current_candidate_id": "rrcf__num_trees_40__tree_size_256__warmup_samples_32__threshold_0p8",
    "current_threshold": 0.8,
    "current_f1": 0.29577868148233005,
    "current_hyperparameters": {
      "num_trees": 40,
      "tree_size": 256,
      "warmup_samples": 32
    },
    "current_metrics": {
      "threshold": 0.8,
      "accuracy": 0.8637491965690729,
      "accuracy_std": 0.0,
      "precision": 0.3060692271218587,
      "precision_std": 0.0,
      "recall": 0.28615759725146844,
      "recall_std": 0.0,
      "tnr": 0.9279197192636828,
      "tnr_std": 0.0,
      "fpr": 0.07208028073631718,
      "fpr_std": 0.0,
      "fnr": 0.7138424027485315,
      "fnr_std": 0.0,
      "f1": 0.29577868148233005,
      "f1_std": 0.0,
      "g_mean": 0.5152972708124434,
      "g_mean_std": 0.0,
      "true_positives": 2582.0,
      "true_positives_std": 0.0,
      "false_positives": 5854.0,
      "false_positives_std": 0.0,
      "false_negatives": 6441.0,
      "false_negatives_std": 0.0,
      "true_negatives": 75361.0,
      "true_negatives_std": 0.0,
      "n_rows": 90238.0,
      "n_rows_std": 0.0,
      "n_injected": 9023.0,
      "n_injected_std": 0.0,
      "n_predicted": 8436.0,
      "n_predicted_std": 0.0,
      "n_trials": 1
    },
    "best_candidate_id": "rrcf__num_trees_80__tree_size_128__warmup_samples_32__threshold_0p65",
    "best_threshold": 0.6499999999999999,
    "best_f1": 0.24594992636229748,
    "best_hyperparameters": {
      "num_trees": 80,
      "tree_size": 128,
      "warmup_samples": 32
    },
    "best_metrics": {
      "threshold": 0.6499999999999999,
      "accuracy": 0.5687847691659833,
      "accuracy_std": 0.0,
      "precision": 0.14903360653812733,
      "precision_std": 0.0,
      "recall": 0.7033137537404411,
      "recall_std": 0.0,
      "tnr": 0.5538385766176199,
      "tnr_std": 0.0,
      "fpr": 0.44616142338238013,
      "fpr_std": 0.0,
      "fnr": 0.2966862462595589,
      "fnr_std": 0.0,
      "f1": 0.24594992636229748,
      "f1_std": 0.0,
      "g_mean": 0.6241172071712181,
      "g_mean_std": 0.0,
      "true_positives": 6346.0,
      "true_positives_std": 0.0,
      "false_positives": 36235.0,
      "false_positives_std": 0.0,
      "false_negatives": 2677.0,
      "false_negatives_std": 0.0,
      "true_negatives": 44980.0,
      "true_negatives_std": 0.0,
      "n_rows": 90238.0,
      "n_rows_std": 0.0,
      "n_injected": 9023.0,
      "n_injected_std": 0.0,
      "n_predicted": 42581.0,
      "n_predicted_std": 0.0,
      "n_trials": 1
    }
  },
  "new_products": {
    "row_count": 226846,
    "product_count": 11280,
    "train_row_count": 809124,
    "train_product_count": 45119,
    "current_candidate_id": "rrcf__num_trees_40__tree_size_256__warmup_samples_32__threshold_0p8",
    "current_threshold": 0.8,
    "current_f1": 0.24320675105485232,
    "current_hyperparameters": {
      "num_trees": 40,
      "tree_size": 256,
      "warmup_samples": 32
    },
    "current_metrics": {
      "threshold": 0.8,
      "accuracy": 0.8418662881426165,
      "accuracy_std": 0.0,
      "precision": 0.23320925716135296,
      "precision_std": 0.0,
      "recall": 0.25409980603068244,
      "recall_std": 0.0,
      "tnr": 0.9071717557625807,
      "tnr_std": 0.0,
      "fpr": 0.09282824423741931,
      "fpr_std": 0.0,
      "fnr": 0.7459001939693176,
      "fnr_std": 0.0,
      "f1": 0.24320675105485232,
      "f1_std": 0.0,
      "g_mean": 0.4801168265909719,
      "g_mean_std": 0.0,
      "true_positives": 5764.0,
      "true_positives_std": 0.0,
      "false_positives": 18952.0,
      "false_positives_std": 0.0,
      "false_negatives": 16920.0,
      "false_negatives_std": 0.0,
      "true_negatives": 185210.0,
      "true_negatives_std": 0.0,
      "n_rows": 226846.0,
      "n_rows_std": 0.0,
      "n_injected": 22684.0,
      "n_injected_std": 0.0,
      "n_predicted": 24716.0,
      "n_predicted_std": 0.0,
      "n_trials": 1
    },
    "best_candidate_id": "rrcf__num_trees_80__tree_size_128__warmup_samples_32__threshold_0p65",
    "best_threshold": 0.6499999999999999,
    "best_f1": 0.18141815049178497,
    "best_hyperparameters": {
      "num_trees": 80,
      "tree_size": 128,
      "warmup_samples": 32
    },
    "best_metrics": {
      "threshold": 0.6499999999999999,
      "accuracy": 0.4177591846450896,
      "accuracy_std": 0.0,
      "precision": 0.10554782320234807,
      "precision_std": 0.0,
      "recall": 0.6452124845706224,
      "recall_std": 0.0,
      "tnr": 0.3924873384861042,
      "tnr_std": 0.0,
      "fpr": 0.6075126615138958,
      "fpr_std": 0.0,
      "fnr": 0.35478751542937753,
      "fnr_std": 0.0,
      "f1": 0.18141815049178497,
      "f1_std": 0.0,
      "g_mean": 0.5032273152633213,
      "g_mean_std": 0.0,
      "true_positives": 14636.0,
      "true_positives_std": 0.0,
      "false_positives": 124031.0,
      "false_positives_std": 0.0,
      "false_negatives": 8048.0,
      "false_negatives_std": 0.0,
      "true_negatives": 80131.0,
      "true_negatives_std": 0.0,
      "n_rows": 226846.0,
      "n_rows_std": 0.0,
      "n_injected": 22684.0,
      "n_injected_std": 0.0,
      "n_predicted": 138667.0,
      "n_predicted_std": 0.0,
      "n_trials": 1
    }
  }
}
