{
  "new_prices": {
    "row_count": 3536,
    "product_count": 1768,
    "train_row_count": 48187,
    "train_product_count": 1768,
    "current_candidate_id": "if__contamination_auto__max_features_0p75__max_samples_512__n_estimators_200__threshold_0p42",
    "current_threshold": 0.42000000000000004,
    "current_f1": 0.76158940397351,
    "current_hyperparameters": {
      "n_estimators": 200,
      "max_samples": 512,
      "max_features": 0.75,
      "contamination": "auto"
    },
    "current_metrics": {
      "threshold": 0.42000000000000004,
      "accuracy": 0.9389140271493213,
      "accuracy_std": 0.0,
      "precision": 0.6238698010849909,
      "precision_std": 0.0,
      "recall": 0.9773371104815864,
      "recall_std": 0.0,
      "tnr": 0.9346528432296576,
      "tnr_std": 0.0,
      "fpr": 0.06534715677034245,
      "fpr_std": 0.0,
      "fnr": 0.0226628895184136,
      "fnr_std": 0.0,
      "f1": 0.76158940397351,
      "f1_std": 0.0,
      "g_mean": 0.9557567206697909,
      "g_mean_std": 0.0,
      "true_positives": 345.0,
      "true_positives_std": 0.0,
      "false_positives": 208.0,
      "false_positives_std": 0.0,
      "false_negatives": 8.0,
      "false_negatives_std": 0.0,
      "true_negatives": 2975.0,
      "true_negatives_std": 0.0,
      "n_rows": 3536.0,
      "n_rows_std": 0.0,
      "n_injected": 353.0,
      "n_injected_std": 0.0,
      "n_predicted": 553.0,
      "n_predicted_std": 0.0,
      "n_trials": 1
    },
    "best_candidate_id": "if__contamination_auto__max_features_0p75__max_samples_512__n_estimators_100__threshold_0p42",
    "best_threshold": 0.42000000000000004,
    "best_f1": 0.7995365005793743,
    "best_hyperparameters": {
      "n_estimators": 100,
      "max_samples": 512,
      "max_features": 0.75,
      "contamination": "auto"
    },
    "best_metrics": {
      "threshold": 0.42000000000000004,
      "accuracy": 0.9510746606334841,
      "accuracy_std": 0.0,
      "precision": 0.6764705882352942,
      "precision_std": 0.0,
      "recall": 0.9773371104815864,
      "recall_std": 0.0,
      "tnr": 0.9481621112158342,
      "tnr_std": 0.0,
      "fpr": 0.051837888784165884,
      "fpr_std": 0.0,
      "fnr": 0.0226628895184136,
      "fnr_std": 0.0,
      "f1": 0.7995365005793743,
      "f1_std": 0.0,
      "g_mean": 0.9626390902325772,
      "g_mean_std": 0.0,
      "true_positives": 345.0,
      "true_positives_std": 0.0,
      "false_positives": 165.0,
      "false_positives_std": 0.0,
      "false_negatives": 8.0,
      "false_negatives_std": 0.0,
      "true_negatives": 3018.0,
      "true_negatives_std": 0.0,
      "n_rows": 3536.0,
      "n_rows_std": 0.0,
      "n_injected": 353.0,
      "n_injected_std": 0.0,
      "n_predicted": 510.0,
      "n_predicted_std": 0.0,
      "n_trials": 1
    }
  },
  "new_products": {
    "row_count": 13005,
    "product_count": 443,
    "train_row_count": 48187,
    "train_product_count": 1768,
    "current_candidate_id": "if__contamination_auto__max_features_0p75__max_samples_512__n_estimators_200__threshold_0p42",
    "current_threshold": 0.42000000000000004,
    "current_f1": 0.6203950880939668,
    "current_hyperparameters": {
      "n_estimators": 200,
      "max_samples": 512,
      "max_features": 0.75,
      "contamination": "auto"
    },
    "current_metrics": {
      "threshold": 0.42000000000000004,
      "accuracy": 0.8906574394463668,
      "accuracy_std": 0.0,
      "precision": 0.47506132461161077,
      "precision_std": 0.0,
      "recall": 0.8938461538461538,
      "recall_std": 0.0,
      "tnr": 0.8903032891926527,
      "tnr_std": 0.0,
      "fpr": 0.10969671080734729,
      "fpr_std": 0.0,
      "fnr": 0.10615384615384615,
      "fnr_std": 0.0,
      "f1": 0.6203950880939668,
      "f1_std": 0.0,
      "g_mean": 0.8920729627118136,
      "g_mean_std": 0.0,
      "true_positives": 1162.0,
      "true_positives_std": 0.0,
      "false_positives": 1284.0,
      "false_positives_std": 0.0,
      "false_negatives": 138.0,
      "false_negatives_std": 0.0,
      "true_negatives": 10421.0,
      "true_negatives_std": 0.0,
      "n_rows": 13005.0,
      "n_rows_std": 0.0,
      "n_injected": 1300.0,
      "n_injected_std": 0.0,
      "n_predicted": 2446.0,
      "n_predicted_std": 0.0,
      "n_trials": 1
    },
    "best_candidate_id": "if__contamination_auto__max_features_0p75__max_samples_512__n_estimators_100__threshold_0p42",
    "best_threshold": 0.42000000000000004,
    "best_f1": 0.6047482389773023,
    "best_hyperparameters": {
      "n_estimators": 100,
      "max_samples": 512,
      "max_features": 0.75,
      "contamination": "auto"
    },
    "best_metrics": {
      "threshold": 0.42000000000000004,
      "accuracy": 0.8835063437139562,
      "accuracy_std": 0.0,
      "precision": 0.4575602052901698,
      "precision_std": 0.0,
      "recall": 0.8915384615384615,
      "recall_std": 0.0,
      "tnr": 0.882614267407091,
      "tnr_std": 0.0,
      "fpr": 0.11738573259290902,
      "fpr_std": 0.0,
      "fnr": 0.10846153846153846,
      "fnr_std": 0.0,
      "f1": 0.6047482389773023,
      "f1_std": 0.0,
      "g_mean": 0.8870651419687362,
      "g_mean_std": 0.0,
      "true_positives": 1159.0,
      "true_positives_std": 0.0,
      "false_positives": 1374.0,
      "false_positives_std": 0.0,
      "false_negatives": 141.0,
      "false_negatives_std": 0.0,
      "true_negatives": 10331.0,
      "true_negatives_std": 0.0,
      "n_rows": 13005.0,
      "n_rows_std": 0.0,
      "n_injected": 1300.0,
      "n_injected_std": 0.0,
      "n_predicted": 2533.0,
      "n_predicted_std": 0.0,
      "n_trials": 1
    }
  }
}
