{
  "new_prices": {
    "row_count": 48152,
    "product_count": 24076,
    "train_row_count": 727108,
    "train_product_count": 24076,
    "current_candidate_id": "if__contamination_auto__max_features_0p75__max_samples_512__n_estimators_200__threshold_0p42",
    "current_threshold": 0.42000000000000004,
    "current_f1": 0.7622751579970832,
    "current_hyperparameters": {
      "n_estimators": 200,
      "max_samples": 512,
      "max_features": 0.75,
      "contamination": "auto"
    },
    "current_metrics": {
      "threshold": 0.42000000000000004,
      "accuracy": 0.9492232929057983,
      "accuracy_std": 0.0,
      "precision": 0.716636197440585,
      "precision_std": 0.0,
      "recall": 0.814122533748702,
      "recall_std": 0.0,
      "tnr": 0.9642337956019106,
      "tnr_std": 0.0,
      "fpr": 0.03576620439808939,
      "fpr_std": 0.0,
      "fnr": 0.18587746625129803,
      "fnr_std": 0.0,
      "f1": 0.7622751579970832,
      "f1_std": 0.0,
      "g_mean": 0.8860047747058452,
      "g_mean_std": 0.0,
      "true_positives": 3920.0,
      "true_positives_std": 0.0,
      "false_positives": 1550.0,
      "false_positives_std": 0.0,
      "false_negatives": 895.0,
      "false_negatives_std": 0.0,
      "true_negatives": 41787.0,
      "true_negatives_std": 0.0,
      "n_rows": 48152.0,
      "n_rows_std": 0.0,
      "n_injected": 4815.0,
      "n_injected_std": 0.0,
      "n_predicted": 5470.0,
      "n_predicted_std": 0.0,
      "n_trials": 1
    },
    "best_candidate_id": "if__contamination_auto__max_features_0p75__max_samples_512__n_estimators_100__threshold_0p3",
    "best_threshold": 0.3,
    "best_f1": 0.676525786352376,
    "best_hyperparameters": {
      "n_estimators": 100,
      "max_samples": 512,
      "max_features": 0.75,
      "contamination": "auto"
    },
    "best_metrics": {
      "threshold": 0.3,
      "accuracy": 0.9105125436118957,
      "accuracy_std": 0.0,
      "precision": 0.5297437103221255,
      "precision_std": 0.0,
      "recall": 0.9358255451713395,
      "recall_std": 0.0,
      "tnr": 0.9077001176823499,
      "tnr_std": 0.0,
      "fpr": 0.09229988231765004,
      "fpr_std": 0.0,
      "fnr": 0.06417445482866044,
      "fnr_std": 0.0,
      "f1": 0.676525786352376,
      "f1_std": 0.0,
      "g_mean": 0.921655552515241,
      "g_mean_std": 0.0,
      "true_positives": 4506.0,
      "true_positives_std": 0.0,
      "false_positives": 4000.0,
      "false_positives_std": 0.0,
      "false_negatives": 309.0,
      "false_negatives_std": 0.0,
      "true_negatives": 39337.0,
      "true_negatives_std": 0.0,
      "n_rows": 48152.0,
      "n_rows_std": 0.0,
      "n_injected": 4815.0,
      "n_injected_std": 0.0,
      "n_predicted": 8506.0,
      "n_predicted_std": 0.0,
      "n_trials": 1
    }
  },
  "new_products": {
    "row_count": 193472,
    "product_count": 6020,
    "train_row_count": 727108,
    "train_product_count": 24076,
    "current_candidate_id": "if__contamination_auto__max_features_0p75__max_samples_512__n_estimators_200__threshold_0p42",
    "current_threshold": 0.42000000000000004,
    "current_f1": 0.5781659031413612,
    "current_hyperparameters": {
      "n_estimators": 200,
      "max_samples": 512,
      "max_features": 0.75,
      "contamination": "auto"
    },
    "current_metrics": {
      "threshold": 0.42000000000000004,
      "accuracy": 0.8933902580218326,
      "accuracy_std": 0.0,
      "precision": 0.4783579816575857,
      "precision_std": 0.0,
      "recall": 0.7306042280456918,
      "recall_std": 0.0,
      "tnr": 0.9114773869346734,
      "tnr_std": 0.0,
      "fpr": 0.08852261306532663,
      "fpr_std": 0.0,
      "fnr": 0.26939577195430814,
      "fnr_std": 0.0,
      "f1": 0.5781659031413612,
      "f1_std": 0.0,
      "g_mean": 0.8160448717212255,
      "g_mean_std": 0.0,
      "true_positives": 14135.0,
      "true_positives_std": 0.0,
      "false_positives": 15414.0,
      "false_positives_std": 0.0,
      "false_negatives": 5212.0,
      "false_negatives_std": 0.0,
      "true_negatives": 158711.0,
      "true_negatives_std": 0.0,
      "n_rows": 193472.0,
      "n_rows_std": 0.0,
      "n_injected": 19347.0,
      "n_injected_std": 0.0,
      "n_predicted": 29549.0,
      "n_predicted_std": 0.0,
      "n_trials": 1
    },
    "best_candidate_id": "if__contamination_auto__max_features_0p75__max_samples_512__n_estimators_100__threshold_0p3",
    "best_threshold": 0.3,
    "best_f1": 0.5526371635188299,
    "best_hyperparameters": {
      "n_estimators": 100,
      "max_samples": 512,
      "max_features": 0.75,
      "contamination": "auto"
    },
    "best_metrics": {
      "threshold": 0.3,
      "accuracy": 0.8583515960965928,
      "accuracy_std": 0.0,
      "precision": 0.4038700133613285,
      "precision_std": 0.0,
      "recall": 0.8749160076497648,
      "recall_std": 0.0,
      "tnr": 0.8565111270638909,
      "tnr_std": 0.0,
      "fpr": 0.14348887293610912,
      "fpr_std": 0.0,
      "fnr": 0.12508399235023518,
      "fnr_std": 0.0,
      "f1": 0.5526371635188299,
      "f1_std": 0.0,
      "g_mean": 0.865664655509476,
      "g_mean_std": 0.0,
      "true_positives": 16927.0,
      "true_positives_std": 0.0,
      "false_positives": 24985.0,
      "false_positives_std": 0.0,
      "false_negatives": 2420.0,
      "false_negatives_std": 0.0,
      "true_negatives": 149140.0,
      "true_negatives_std": 0.0,
      "n_rows": 193472.0,
      "n_rows_std": 0.0,
      "n_injected": 19347.0,
      "n_injected_std": 0.0,
      "n_predicted": 41912.0,
      "n_predicted_std": 0.0,
      "n_trials": 1
    }
  }
}
