{
  "new_prices": {
    "row_count": 41548,
    "product_count": 20774,
    "train_row_count": 664044,
    "train_product_count": 20774,
    "current_candidate_id": "if__contamination_auto__max_features_0p75__max_samples_512__n_estimators_200__threshold_0p42",
    "current_threshold": 0.42000000000000004,
    "current_f1": 0.7635705669481302,
    "current_hyperparameters": {
      "n_estimators": 200,
      "max_samples": 512,
      "max_features": 0.75,
      "contamination": "auto"
    },
    "current_metrics": {
      "threshold": 0.42000000000000004,
      "accuracy": 0.9433907769327043,
      "accuracy_std": 0.0,
      "precision": 0.6555056955471177,
      "precision_std": 0.0,
      "recall": 0.9142994703899856,
      "recall_std": 0.0,
      "tnr": 0.9466224527999144,
      "tnr_std": 0.0,
      "fpr": 0.05337754720008558,
      "fpr_std": 0.0,
      "fnr": 0.08570052961001444,
      "fnr_std": 0.0,
      "f1": 0.7635705669481302,
      "f1_std": 0.0,
      "g_mean": 0.9303205938031421,
      "g_mean_std": 0.0,
      "true_positives": 3798.0,
      "true_positives_std": 0.0,
      "false_positives": 1996.0,
      "false_positives_std": 0.0,
      "false_negatives": 356.0,
      "false_negatives_std": 0.0,
      "true_negatives": 35398.0,
      "true_negatives_std": 0.0,
      "n_rows": 41548.0,
      "n_rows_std": 0.0,
      "n_injected": 4154.0,
      "n_injected_std": 0.0,
      "n_predicted": 5794.0,
      "n_predicted_std": 0.0,
      "n_trials": 1
    },
    "best_candidate_id": "if__contamination_auto__max_features_0p75__max_samples_512__n_estimators_200__threshold_0p36",
    "best_threshold": 0.36,
    "best_f1": 0.7126189194040566,
    "best_hyperparameters": {
      "n_estimators": 200,
      "max_samples": 512,
      "max_features": 0.75,
      "contamination": "auto"
    },
    "best_metrics": {
      "threshold": 0.36,
      "accuracy": 0.9229325117935882,
      "accuracy_std": 0.0,
      "precision": 0.5681167716084716,
      "precision_std": 0.0,
      "recall": 0.9557053442465094,
      "recall_std": 0.0,
      "tnr": 0.919291865005081,
      "tnr_std": 0.0,
      "fpr": 0.08070813499491897,
      "fpr_std": 0.0,
      "fnr": 0.04429465575349061,
      "fnr_std": 0.0,
      "f1": 0.7126189194040566,
      "f1_std": 0.0,
      "g_mean": 0.9373217954937869,
      "g_mean_std": 0.0,
      "true_positives": 3970.0,
      "true_positives_std": 0.0,
      "false_positives": 3018.0,
      "false_positives_std": 0.0,
      "false_negatives": 184.0,
      "false_negatives_std": 0.0,
      "true_negatives": 34376.0,
      "true_negatives_std": 0.0,
      "n_rows": 41548.0,
      "n_rows_std": 0.0,
      "n_injected": 4154.0,
      "n_injected_std": 0.0,
      "n_predicted": 6988.0,
      "n_predicted_std": 0.0,
      "n_trials": 1
    }
  },
  "new_products": {
    "row_count": 176053,
    "product_count": 5194,
    "train_row_count": 664044,
    "train_product_count": 20774,
    "current_candidate_id": "if__contamination_auto__max_features_0p75__max_samples_512__n_estimators_200__threshold_0p42",
    "current_threshold": 0.42000000000000004,
    "current_f1": 0.6215888670650674,
    "current_hyperparameters": {
      "n_estimators": 200,
      "max_samples": 512,
      "max_features": 0.75,
      "contamination": "auto"
    },
    "current_metrics": {
      "threshold": 0.42000000000000004,
      "accuracy": 0.8971332496464133,
      "accuracy_std": 0.0,
      "precision": 0.49165372029220245,
      "precision_std": 0.0,
      "recall": 0.8448736154501562,
      "recall_std": 0.0,
      "tnr": 0.9029397657275573,
      "tnr_std": 0.0,
      "fpr": 0.09706023427244269,
      "fpr_std": 0.0,
      "fnr": 0.1551263845498438,
      "fnr_std": 0.0,
      "f1": 0.6215888670650674,
      "f1_std": 0.0,
      "g_mean": 0.8734242865892603,
      "g_mean_std": 0.0,
      "true_positives": 14874.0,
      "true_positives_std": 0.0,
      "false_positives": 15379.0,
      "false_positives_std": 0.0,
      "false_negatives": 2731.0,
      "false_negatives_std": 0.0,
      "true_negatives": 143069.0,
      "true_negatives_std": 0.0,
      "n_rows": 176053.0,
      "n_rows_std": 0.0,
      "n_injected": 17605.0,
      "n_injected_std": 0.0,
      "n_predicted": 30253.0,
      "n_predicted_std": 0.0,
      "n_trials": 1
    },
    "best_candidate_id": "if__contamination_auto__max_features_0p75__max_samples_512__n_estimators_200__threshold_0p36",
    "best_threshold": 0.36,
    "best_f1": 0.5947117468573905,
    "best_hyperparameters": {
      "n_estimators": 200,
      "max_samples": 512,
      "max_features": 0.75,
      "contamination": "auto"
    },
    "best_metrics": {
      "threshold": 0.36,
      "accuracy": 0.877849284022425,
      "accuracy_std": 0.0,
      "precision": 0.4450022563176895,
      "precision_std": 0.0,
      "recall": 0.8962226640159046,
      "recall_std": 0.0,
      "tnr": 0.8758078360092901,
      "tnr_std": 0.0,
      "fpr": 0.12419216399070988,
      "fpr_std": 0.0,
      "fnr": 0.10377733598409543,
      "fnr_std": 0.0,
      "f1": 0.5947117468573905,
      "f1_std": 0.0,
      "g_mean": 0.8859564503711514,
      "g_mean_std": 0.0,
      "true_positives": 15778.0,
      "true_positives_std": 0.0,
      "false_positives": 19678.0,
      "false_positives_std": 0.0,
      "false_negatives": 1827.0,
      "false_negatives_std": 0.0,
      "true_negatives": 138770.0,
      "true_negatives_std": 0.0,
      "n_rows": 176053.0,
      "n_rows_std": 0.0,
      "n_injected": 17605.0,
      "n_injected_std": 0.0,
      "n_predicted": 35456.0,
      "n_predicted_std": 0.0,
      "n_trials": 1
    }
  }
}
