{
  "new_prices": {
    "row_count": 320000,
    "product_count": 160000,
    "train_row_count": 1414356,
    "train_product_count": 160000,
    "current_candidate_id": "if__contamination_auto__max_features_0p75__max_samples_512__n_estimators_200__threshold_0p42",
    "current_threshold": 0.42000000000000004,
    "current_f1": 0.7659079151577858,
    "current_hyperparameters": {
      "n_estimators": 200,
      "max_samples": 512,
      "max_features": 0.75,
      "contamination": "auto"
    },
    "current_metrics": {
      "threshold": 0.42000000000000004,
      "accuracy": 0.95475,
      "accuracy_std": 0.0,
      "precision": 0.7934083601286174,
      "precision_std": 0.0,
      "recall": 0.74025,
      "recall_std": 0.0,
      "tnr": 0.9785833333333334,
      "tnr_std": 0.0,
      "fpr": 0.021416666666666667,
      "fpr_std": 0.0,
      "fnr": 0.25975,
      "fnr_std": 0.0,
      "f1": 0.7659079151577858,
      "f1_std": 0.0,
      "g_mean": 0.8511147469642387,
      "g_mean_std": 0.0,
      "true_positives": 23688.0,
      "true_positives_std": 0.0,
      "false_positives": 6168.0,
      "false_positives_std": 0.0,
      "false_negatives": 8312.0,
      "false_negatives_std": 0.0,
      "true_negatives": 281832.0,
      "true_negatives_std": 0.0,
      "n_rows": 320000.0,
      "n_rows_std": 0.0,
      "n_injected": 32000.0,
      "n_injected_std": 0.0,
      "n_predicted": 29856.0,
      "n_predicted_std": 0.0,
      "n_trials": 1
    },
    "best_candidate_id": "if__contamination_auto__max_features_0p75__max_samples_256__n_estimators_100__threshold_0p3",
    "best_threshold": 0.3,
    "best_f1": 0.7521461843472904,
    "best_hyperparameters": {
      "n_estimators": 100,
      "max_samples": 256,
      "max_features": 0.75,
      "contamination": "auto"
    },
    "best_metrics": {
      "threshold": 0.3,
      "accuracy": 0.939640625,
      "accuracy_std": 0.0,
      "precision": 0.6380935792201006,
      "precision_std": 0.0,
      "recall": 0.91584375,
      "recall_std": 0.0,
      "tnr": 0.9422847222222223,
      "tnr_std": 0.0,
      "fpr": 0.057715277777777775,
      "fpr_std": 0.0,
      "fnr": 0.08415625,
      "fnr_std": 0.0,
      "f1": 0.7521461843472904,
      "f1_std": 0.0,
      "g_mean": 0.928970168287286,
      "g_mean_std": 0.0,
      "true_positives": 29307.0,
      "true_positives_std": 0.0,
      "false_positives": 16622.0,
      "false_positives_std": 0.0,
      "false_negatives": 2693.0,
      "false_negatives_std": 0.0,
      "true_negatives": 271378.0,
      "true_negatives_std": 0.0,
      "n_rows": 320000.0,
      "n_rows_std": 0.0,
      "n_injected": 32000.0,
      "n_injected_std": 0.0,
      "n_predicted": 45929.0,
      "n_predicted_std": 0.0,
      "n_trials": 1
    }
  },
  "new_products": {
    "row_count": 433528,
    "product_count": 40000,
    "train_row_count": 1414356,
    "train_product_count": 160000,
    "current_candidate_id": "if__contamination_auto__max_features_0p75__max_samples_512__n_estimators_200__threshold_0p42",
    "current_threshold": 0.42000000000000004,
    "current_f1": 0.37467573584982744,
    "current_hyperparameters": {
      "n_estimators": 200,
      "max_samples": 512,
      "max_features": 0.75,
      "contamination": "auto"
    },
    "current_metrics": {
      "threshold": 0.42000000000000004,
      "accuracy": 0.8587680611171596,
      "accuracy_std": 0.0,
      "precision": 0.33618635680510245,
      "precision_std": 0.0,
      "recall": 0.4231177338992434,
      "recall_std": 0.0,
      "tnr": 0.9071726605429344,
      "tnr_std": 0.0,
      "fpr": 0.09282733945706553,
      "fpr_std": 0.0,
      "fnr": 0.5768822661007565,
      "fnr_std": 0.0,
      "f1": 0.37467573584982744,
      "f1_std": 0.0,
      "g_mean": 0.6195489007207373,
      "g_mean_std": 0.0,
      "true_positives": 18343.0,
      "true_positives_std": 0.0,
      "false_positives": 36219.0,
      "false_positives_std": 0.0,
      "false_negatives": 25009.0,
      "false_negatives_std": 0.0,
      "true_negatives": 353957.0,
      "true_negatives_std": 0.0,
      "n_rows": 433528.0,
      "n_rows_std": 0.0,
      "n_injected": 43352.0,
      "n_injected_std": 0.0,
      "n_predicted": 54562.0,
      "n_predicted_std": 0.0,
      "n_trials": 1
    },
    "best_candidate_id": "if__contamination_auto__max_features_0p75__max_samples_256__n_estimators_100__threshold_0p3",
    "best_threshold": 0.3,
    "best_f1": 0.36772843170833813,
    "best_hyperparameters": {
      "n_estimators": 100,
      "max_samples": 256,
      "max_features": 0.75,
      "contamination": "auto"
    },
    "best_metrics": {
      "threshold": 0.3,
      "accuracy": 0.8083837722130981,
      "accuracy_std": 0.0,
      "precision": 0.2744084604636898,
      "precision_std": 0.0,
      "recall": 0.5572291935781509,
      "recall_std": 0.0,
      "tnr": 0.8362892643319938,
      "tnr_std": 0.0,
      "fpr": 0.16371073566800623,
      "fpr_std": 0.0,
      "fnr": 0.4427708064218491,
      "fnr_std": 0.0,
      "f1": 0.36772843170833813,
      "f1_std": 0.0,
      "g_mean": 0.682645436783827,
      "g_mean_std": 0.0,
      "true_positives": 24157.0,
      "true_positives_std": 0.0,
      "false_positives": 63876.0,
      "false_positives_std": 0.0,
      "false_negatives": 19195.0,
      "false_negatives_std": 0.0,
      "true_negatives": 326300.0,
      "true_negatives_std": 0.0,
      "n_rows": 433528.0,
      "n_rows_std": 0.0,
      "n_injected": 43352.0,
      "n_injected_std": 0.0,
      "n_predicted": 88033.0,
      "n_predicted_std": 0.0,
      "n_trials": 1
    }
  }
}
